case,fault_type,target_service,journey_type,journey_label,signature,n_baseline,n_fault,baseline_p50,baseline_p95,baseline_p99,fault_p50,fault_p95,fault_p99,p95_ratio,baseline_throughput,fault_throughput,baseline_degraded_rate,fault_degraded_rate,degraded_rate_delta,baseline_fail_rate,fault_fail_rate,fail_rate_delta,p_value_raw,effect_size,impairment_magnitude,insufficient_data,short_window,p_value,impaired
re2ob_checkoutservice_cpu_1,cpu,checkoutservice,frontend::AddItem+GetProduct,Add To Cart,AddItem+GetProduct,1008,982,7704.0,10403.85,52884.739999998594,7740.0,10422.9,19858.19999999989,1.001831052927522,1.400126400300027,1.3639457199605538,0.0109126984126984,0.0040733197556008,-0.0068393786570975,0.0,0.0,0.0,1.0,0.0130311883748748,0.0130311883748748,False,False,1.0,False
re2ob_checkoutservice_cpu_1,cpu,checkoutservice,frontend::Convert+GetAds+GetCart+GetProduct+GetSupportedCurrencies+ListRecommendations,Product Detail View,Convert+GetAds+GetCart+GetProduct+GetSupportedCurrencies+ListRecommendations,4244,4228,166398.0,387227.75,674710.8099999988,160847.5,391786.8999999994,642485.7099999983,1.0117738204454598,5.894976629834638,5.872466908343403,0.0101319509896324,0.0089877010406811,-0.0011442499489512,0.0,0.0,0.0,0.0079205320351695,-0.0361487573976104,0.0,False,False,0.0475231922110171,False
re2ob_checkoutservice_cpu_1,cpu,checkoutservice,frontend::Convert+GetAds+GetCart+GetSupportedCurrencies+ListProducts,Home Page View,Convert+GetAds+GetCart+GetSupportedCurrencies+ListProducts,933,967,590747.0,1152618.8,1560697.96,578048.0,1246693.399999998,1525121.7200000016,1.0816181377572516,1.2959503288491323,1.3431115185354945,0.0107181136120042,0.0093071354705274,-0.0014109781414768,0.0,0.0,0.0,0.8655233545995558,-0.0207911453085808,0.0,False,False,1.0,False
re2ob_checkoutservice_cpu_1,cpu,checkoutservice,frontend::Convert+GetCart+GetProduct+GetQuote+GetSupportedCurrencies+ListRecommendations,Cart View,Convert+GetCart+GetProduct+GetQuote+GetSupportedCurrencies+ListRecommendations,1908,1880,292091.0,769221.1999999998,1145822.29,266226.0,761595.9999999999,1126612.0600000017,0.9900871166837316,2.6502392577107656,2.611219911940775,0.010482180293501,0.0101063829787234,-0.0003757973147776,0.0,0.0,0.0,4.775767481151703e-05,-0.0792823609438422,0.0,False,False,0.0003343037236806,False
re2ob_checkoutservice_cpu_1,cpu,checkoutservice,frontend::Convert+GetCart+GetProduct+GetSupportedCurrencies,frontend::Convert+GetCart+GetProduct+GetSupportedCurrencies,Convert+GetCart+GetProduct+GetSupportedCurrencies,0,1,,,,146592.0,146592.0,146592.0,,0.0,0.0013889467616706,,,,,0.0,,,,0.0,True,False,,False
re2ob_checkoutservice_cpu_1,cpu,checkoutservice,frontend::Convert+GetCart+GetSupportedCurrencies+ListProducts,frontend::Convert+GetCart+GetSupportedCurrencies+ListProducts,Convert+GetCart+GetSupportedCurrencies+ListProducts,0,1,,,,568719.0,568719.0,568719.0,,0.0,0.0013889467616706,,,,,0.0,,,,0.0,True,False,,False
re2ob_checkoutservice_cpu_1,cpu,checkoutservice,frontend::GetProduct+GetSupportedCurrencies+ListRecommendations+PlaceOrder,Place Order,GetProduct+GetSupportedCurrencies+ListRecommendations+PlaceOrder,333,336,390111.0,994442.0,1199649.72,392491.0,895235.75,1264590.8999999978,0.9002392799177832,0.4625417572419733,0.46668611192133,0.012012012012012,0.0148809523809523,0.0028689403689403,0.0,0.0,0.0,0.3957002047508453,0.0575396825396825,0.0575396825396825,False,False,1.0,False
re2ob_checkoutservice_cpu_1,cpu,checkoutservice,frontend::empty,frontend::empty,,766,787,300.5,708.0,1223.3000000000036,301.0,689.0999999999998,1012.3799999999998,0.9733050847457624,1.0639849430851398,1.093101101434782,0.010443864229765,0.0063532401524777,-0.0040906240772872,0.0,0.0,0.0,0.6519234641075773,0.0287952730566218,0.0287952730566218,False,False,1.0,False
re2ob_checkoutservice_cpu_1,cpu,checkoutservice,direct::hipstershop.CurrencyService/Convert,hipstershop.CurrencyService/Convert (direct),Convert,1195,1129,89208.0,188625.1,292051.17999999993,75280.0,180432.2,392136.16,0.9565651655055452,1.6598720717842583,1.5681208939261355,0.0100418410041841,0.0150575730735163,0.0050157320693322,0.0,0.0,0.0,0.008744389092817,-0.0683071996916588,0.0,False,False,0.0475231922110171,False
re2ob_checkoutservice_cpu_2,cpu,checkoutservice,frontend::AddItem+GetProduct,Add To Cart,AddItem+GetProduct,953,55,8444.0,15247.799999999992,47628.08000000001,8094.0,16013.99999999996,47426.06000000002,1.050249872112696,1.323611111111111,1.4263115583102095,0.0104931794333683,0.0181818181818181,0.0076886387484498,0.0,0.0,0.0,0.0365705361708998,-0.1890489363731756,0.0,True,True,,False
re2ob_checkoutservice_cpu_2,cpu,checkoutservice,frontend::Convert+GetAds+GetCart+GetProduct+GetSupportedCurrencies+ListRecommendations,Product Detail View,Convert+GetAds+GetCart+GetProduct+GetSupportedCurrencies+ListRecommendations,4046,225,40607.0,106625.25,217150.9000000003,40652.0,118803.4,146663.7599999998,1.114214503600226,5.6194444444444445,5.834910920359949,0.0101334651507661,0.0044444444444444,-0.0056890207063217,0.0,0.0,0.0,1.0,0.0256099302466084,0.0256099302466084,True,True,,False
re2ob_checkoutservice_cpu_2,cpu,checkoutservice,frontend::Convert+GetAds+GetCart+GetSupportedCurrencies+ListProducts,Home Page View,Convert+GetAds+GetCart+GetSupportedCurrencies+ListProducts,877,55,108306.0,239137.39999999985,336989.32,134857.0,190381.4,199960.32,0.7961172112768649,1.2180555555555554,1.4263115583102095,0.0102622576966932,0.0,-0.0102622576966932,0.0,0.0,0.0,0.0184231826144033,0.2091220068415051,0.2091220068415051,True,True,,False
re2ob_checkoutservice_cpu_2,cpu,checkoutservice,frontend::Convert+GetAds+GetProduct+ListRecommendations,frontend::Convert+GetAds+GetProduct+ListRecommendations,Convert+GetAds+GetProduct+ListRecommendations,1,0,33282.0,33282.0,33282.0,,,,,0.0013888888888888,0.0,0.0,,,0.0,,,,,0.0,True,True,,False
re2ob_checkoutservice_cpu_2,cpu,checkoutservice,frontend::Convert+GetCart+GetProduct+GetQuote+GetSupportedCurrencies+ListRecommendations,Cart View,Convert+GetCart+GetProduct+GetQuote+GetSupportedCurrencies+ListRecommendations,1938,113,63565.5,175523.4499999999,252883.19999999972,70913.0,185227.8,246941.44,1.0552880541033125,2.691666666666667,2.9304219288918856,0.0103199174406604,0.0088495575221238,-0.0014703599185365,0.0,0.0,0.0,0.2135751636314833,0.0901394558755035,0.0901394558755035,True,True,,False
re2ob_checkoutservice_cpu_2,cpu,checkoutservice,frontend::GetAds+GetProduct,frontend::GetAds+GetProduct,GetAds+GetProduct,1,0,38699.0,38699.0,38699.0,,,,,0.0013888888888888,0.0,0.0,,,0.0,,,,,0.0,True,True,,False
re2ob_checkoutservice_cpu_2,cpu,checkoutservice,frontend::GetProduct+GetSupportedCurrencies+ListRecommendations+PlaceOrder,Place Order,GetProduct+GetSupportedCurrencies+ListRecommendations+PlaceOrder,358,16,123166.5,211260.89999999973,289489.9700000001,223555.0,394632.5,412487.3,1.8679864565568,0.4972222222222222,0.4149269987811519,0.0111731843575419,0.3125,0.3013268156424581,0.0,0.0,0.0,1.503298263122481e-07,0.7946927374301676,0.7946927374301676,True,True,,False
re2ob_checkoutservice_cpu_2,cpu,checkoutservice,frontend::empty,frontend::empty,,696,47,307.0,832.0,1423.7999999999977,316.0,1254.3999999999994,19226.53999999999,1.507692307692307,0.9666666666666668,1.2188480589196338,0.0100574712643678,0.0425531914893617,0.0324957202249938,0.0,0.0,0.0,0.4607908097916824,0.104457079970653,0.104457079970653,True,True,,False
re2ob_checkoutservice_cpu_2,cpu,checkoutservice,direct::hipstershop.CurrencyService/Convert,hipstershop.CurrencyService/Convert (direct),Convert,1161,57,4220.0,68721.0,75912.20000000001,5250.0,86647.79999999999,91541.16,1.2608634915091457,1.6125,1.478177433157854,0.0103359173126615,0.1929824561403508,0.1826465388276893,0.0,0.0,0.0,0.0040484391206741,0.2418816205025915,0.2418816205025915,True,True,,False
re2ob_checkoutservice_cpu_3,cpu,checkoutservice,frontend::AddItem+GetProduct,Add To Cart,AddItem+GetProduct,987,1016,8334.0,11655.6,27482.55999999998,8517.0,11911.75,29801.250000000025,1.0219765606232198,1.370846661009204,1.4112855616874864,0.0101317122593718,0.014763779527559,0.0046320672681872,0.0,0.0,0.0,7.178349542207434e-05,0.1066582102769069,0.1066582102769069,False,False,0.0001435669908441,False
re2ob_checkoutservice_cpu_3,cpu,checkoutservice,frontend::Convert+GetAds+GetCart+GetProduct+GetSupportedCurrencies+ListRecommendations,Product Detail View,Convert+GetAds+GetCart+GetProduct+GetSupportedCurrencies+ListRecommendations,4377,4474,40004.0,101366.4,212094.3599999992,41814.0,105829.0,180265.3799999959,1.044024449916343,6.079225770250544,6.214657089556904,0.0100525474068997,0.008717031738936,-0.0013355156679636,0.0,0.0,0.0,5.947806717018347e-35,0.1520836403645709,0.1520836403645709,False,False,3.568684030211008e-34,True
re2ob_checkoutservice_cpu_3,cpu,checkoutservice,frontend::Convert+GetAds+GetCart+GetSupportedCurrencies+ListProducts,Home Page View,Convert+GetAds+GetCart+GetSupportedCurrencies+ListProducts,1048,982,104525.5,212856.0,462911.3499999997,114292.0,224446.65,328156.48999999923,1.0544530104859624,1.455569706927706,1.3640575015522751,0.0104961832061068,0.0030549898167006,-0.0074411933894062,0.0,0.0,0.0,2.220579609474659e-06,0.1249339251566361,0.1249339251566361,False,False,8.882318437898636e-06,False
re2ob_checkoutservice_cpu_3,cpu,checkoutservice,frontend::Convert+GetCart+GetProduct+GetQuote+GetSupportedCurrencies+ListRecommendations,Cart View,Convert+GetCart+GetProduct+GetQuote+GetSupportedCurrencies+ListRecommendations,1995,2039,62585.0,176697.69999999998,270552.6999999999,68905.0,184840.49999999988,286050.099999999,1.0460832257578898,2.7708602722526465,2.832294547520457,0.0100250626566416,0.011280039234919,0.0012549765782774,0.0,0.0,0.0,7.613553355267912e-06,0.0840389350030299,0.0840389350030299,False,False,2.2840660065803737e-05,False
re2ob_checkoutservice_cpu_3,cpu,checkoutservice,frontend::GetProduct+GetSupportedCurrencies+ListRecommendations+PlaceOrder,Place Order,GetProduct+GetSupportedCurrencies+ListRecommendations+PlaceOrder,319,313,128163.0,229928.89999999997,317186.83999999985,295552.0,476552.5999999999,525695.4,2.072608532463731,0.4430598630820022,0.4347759653623851,0.012539184952978,0.3386581469648562,0.3261189620118782,0.0,0.0,0.0,2.6673710682612e-83,0.8905325147475638,0.8905325147475638,False,False,1.86715974778284e-82,True
re2ob_checkoutservice_cpu_3,cpu,checkoutservice,frontend::empty,frontend::empty,,829,826,326.0,924.1999999999994,2273.40000000001,323.0,955.75,1616.25,1.0341376325470684,1.1514000830563629,1.1473640491671888,0.0108564535585042,0.0060532687651331,-0.004803184793371,0.0,0.0,0.0,1.0,0.0024432131831284,0.0024432131831284,False,False,1.0,False
re2ob_checkoutservice_cpu_3,cpu,checkoutservice,direct::hipstershop.CurrencyService/Convert,hipstershop.CurrencyService/Convert (direct),Convert,1115,1114,4524.0,67739.0,76340.09999999999,5417.0,86479.25,91657.58,1.2766537740444943,1.5486261671988475,1.5474134997242717,0.010762331838565,0.1517055655296229,0.1409432336910579,0.0,0.0,0.0,1.3056672905199199e-27,0.2679110545764869,0.2679110545764869,False,False,6.5283364525996e-27,True
re2ob_checkoutservice_delay_1,delay,checkoutservice,frontend::AddItem+GetProduct,Add To Cart,AddItem+GetProduct,1047,994,8401.0,13686.299999999988,54932.43999999997,8368.5,12995.59999999999,52711.789999999964,0.9495334750809205,1.4541666666666666,1.3805555555555555,0.0105062082139446,0.0080482897384305,-0.002457918475514,0.0,0.0,0.0,1.0,-0.0119369512202153,0.0,False,False,1.0,False
re2ob_checkoutservice_delay_1,delay,checkoutservice,frontend::Convert+GetAds+GetCart+GetProduct+GetSupportedCurrencies+ListRecommendations,Product Detail View,Convert+GetAds+GetCart+GetProduct+GetSupportedCurrencies+ListRecommendations,4377,4294,44121.0,121757.59999999998,471683.4399999979,43931.5,115067.0,201293.5199999993,0.9450498367247714,6.079166666666667,5.963888888888889,0.0100525474068997,0.0053563111318118,-0.0046962362750878,0.0,0.0,0.0,1.0,-0.0040729800384552,0.0,False,False,1.0,False
re2ob_checkoutservice_delay_1,delay,checkoutservice,frontend::Convert+GetAds+GetCart+GetSupportedCurrencies+ListProducts,Home Page View,Convert+GetAds+GetCart+GetSupportedCurrencies+ListProducts,1005,980,137209.0,308009.9999999999,741626.1600000025,135068.5,289123.9,419920.59000000014,0.9386834843024582,1.3958333333333333,1.3611111111111112,0.0109452736318407,0.0020408163265306,-0.0089044573053101,0.0,0.0,0.0,1.0,-0.0114255254340541,0.0,False,False,1.0,False
re2ob_checkoutservice_delay_1,delay,checkoutservice,frontend::Convert+GetCart+GetProduct+GetQuote+GetSupportedCurrencies+ListRecommendations,Cart View,Convert+GetCart+GetProduct+GetQuote+GetSupportedCurrencies+ListRecommendations,2042,1995,81125.5,230076.1999999999,437166.3299999989,77841.0,237311.8,354869.0799999998,1.0314487113399826,2.8361111111111112,2.770833333333333,0.0102840352595494,0.0075187969924812,-0.0027652382670682,0.0,0.0,0.0,0.5059036496122442,-0.0207804035063171,0.0,False,False,1.0,False
re2ob_checkoutservice_delay_1,delay,checkoutservice,frontend::Convert+GetCart+GetSupportedCurrencies+ListProducts,frontend::Convert+GetCart+GetSupportedCurrencies+ListProducts,Convert+GetCart+GetSupportedCurrencies+ListProducts,0,1,,,,213289.0,213289.0,213289.0,,0.0,0.0013888888888888,,,,,0.0,,,,0.0,True,False,,False
re2ob_checkoutservice_delay_1,delay,checkoutservice,frontend::GetProduct+GetSupportedCurrencies+ListRecommendations+PlaceOrder,Place Order,GetProduct+GetSupportedCurrencies+ListRecommendations+PlaceOrder,359,354,135139.0,272634.8,502952.60000000015,2487416.5,4160783.3,4605346.129999998,15.261380058598537,0.4986111111111111,0.4916666666666666,0.011142061281337,1.0,0.9888579387186628,0.0,0.0,0.0,7.745903461246271e-118,1.0,1.0,False,False,4.647542076747763e-117,True
re2ob_checkoutservice_delay_1,delay,checkoutservice,frontend::PlaceOrder,frontend::PlaceOrder,PlaceOrder,0,1,,,,1902559.0,1902559.0,1902559.0,,0.0,0.0013888888888888,,,,,0.0,,,,0.0,True,False,,False
re2ob_checkoutservice_delay_1,delay,checkoutservice,frontend::empty,frontend::empty,,836,834,347.5,1061.25,1914.3499999999967,355.0,1050.7999999999993,1835.0399999999995,0.9901531213191984,1.1611111111111112,1.1583333333333334,0.0107655502392344,0.0071942446043165,-0.0035713056349179,0.0,0.0,0.0,0.6639122401686535,0.0274230376464379,0.0274230376464379,False,False,1.0,False
re2ob_checkoutservice_delay_1,delay,checkoutservice,direct::hipstershop.CurrencyService/Convert,hipstershop.CurrencyService/Convert (direct),Convert,1221,1189,5119.0,70901.0,81289.0,205186.0,258805.2,275387.16,3.650233424070182,1.6958333333333333,1.6513888888888888,0.0098280098280098,1.0,0.9901719901719902,0.0,0.0,0.0,0.0,0.9983991943621884,0.9983991943621884,False,False,0.0,True
re2ob_checkoutservice_delay_2,delay,checkoutservice,frontend::AddItem+GetProduct,Add To Cart,AddItem+GetProduct,992,981,8125.0,12573.7,53734.12000000005,8194.0,12497.0,52894.60000000004,0.9938999658016336,1.3777777777777778,1.3625018923637393,0.0100806451612903,0.0091743119266055,-0.0009063332346848,0.0,0.0,0.0,0.0587819921440939,0.0566406892242938,0.0566406892242938,False,False,0.2939099607204697,False
re2ob_checkoutservice_delay_2,delay,checkoutservice,frontend::Convert+GetAds+GetCart+GetProduct+GetSupportedCurrencies+ListRecommendations,Product Detail View,Convert+GetAds+GetCart+GetProduct+GetSupportedCurrencies+ListRecommendations,4399,4222,44129.0,115460.99999999993,284576.5799999989,43620.5,113320.05,187414.01999999996,0.9814573752176066,6.109722222222223,5.863897033190324,0.010002273243919,0.0061582188536238,-0.0038440543902951,0.0,0.0,0.0,0.5663462033490485,-0.0133504890920366,0.0,False,False,1.0,False
re2ob_checkoutservice_delay_2,delay,checkoutservice,frontend::Convert+GetAds+GetCart+GetSupportedCurrencies+ListProducts,Home Page View,Convert+GetAds+GetCart+GetSupportedCurrencies+ListProducts,999,991,133466.0,299789.9,752486.48,134523.0,293211.0,476346.4000000003,0.9780549644934672,1.3875,1.3763908005427783,0.01001001001001,0.0040363269424823,-0.0059736830675276,0.0,0.0,0.0,1.0,-0.006772665703039,0.0,False,False,1.0,False
re2ob_checkoutservice_delay_2,delay,checkoutservice,frontend::Convert+GetCart+GetProduct+GetQuote+GetSupportedCurrencies+ListRecommendations,Cart View,Convert+GetCart+GetProduct+GetQuote+GetSupportedCurrencies+ListRecommendations,2028,1971,83052.5,241533.75,356466.6500000001,78874.0,240708.5,333555.0999999996,0.9965832932250668,2.816666666666667,2.737503802088614,0.0103550295857988,0.0081177067478437,-0.002237322837955,0.0,0.0,0.0,0.8642670214466763,-0.0143473361773326,0.0,False,False,1.0,False
re2ob_checkoutservice_delay_2,delay,checkoutservice,frontend::GetProduct+GetSupportedCurrencies+ListRecommendations+PlaceOrder,Place Order,GetProduct+GetSupportedCurrencies+ListRecommendations+PlaceOrder,314,304,139494.0,274836.3,326636.07000000007,2541776.5,4132185.4,4638660.849999998,15.035078699574989,0.4361111111111111,0.4222228086427897,0.0127388535031847,1.0,0.9872611464968152,0.0,0.0,0.0,2.586336459324186e-102,1.0,1.0,False,False,1.5518018755945114e-101,True
re2ob_checkoutservice_delay_2,delay,checkoutservice,frontend::PlaceOrder,frontend::PlaceOrder,PlaceOrder,0,3,,,,2901156.0,3845489.1,3929429.82,,0.0,0.0041666724537117,,,,,0.0,,,,0.0,True,False,,False
re2ob_checkoutservice_delay_2,delay,checkoutservice,frontend::empty,frontend::empty,,793,801,344.0,1255.4,2526.840000000009,341.0,1032.0,1893.0,0.8220487494025808,1.101388888888889,1.112501545141035,0.0100882723833543,0.0062421972534332,-0.0038460751299211,0.0,0.0,0.0,0.3690919438071953,-0.0383899066897777,0.0,False,False,1.0,False
re2ob_checkoutservice_delay_2,delay,checkoutservice,direct::hipstershop.CurrencyService/Convert,hipstershop.CurrencyService/Convert (direct),Convert,1129,1109,5269.0,70814.79999999999,78545.32,205390.0,264791.99999999994,277734.56,3.7392183554850114,1.5680555555555555,1.5402799170554402,0.0106288751107174,1.0,0.9893711248892826,0.0,0.0,0.0,0.0,1.0,1.0,False,False,0.0,True
re2ob_checkoutservice_delay_3,delay,checkoutservice,frontend::AddItem+GetProduct,Add To Cart,AddItem+GetProduct,1011,1026,8179.0,13369.0,57216.09999999998,8141.5,12972.5,54100.5,0.9703418355897973,1.4042154241466718,1.425,0.0108803165182987,0.0068226120857699,-0.0040577044325287,0.0,0.0,0.0,0.360073110144768,-0.0343097275004193,0.0,False,False,0.73566492685969,False
re2ob_checkoutservice_delay_3,delay,checkoutservice,frontend::Convert+GetAds+GetCart+GetProduct+GetSupportedCurrencies+ListRecommendations,Product Detail View,Convert+GetAds+GetCart+GetProduct+GetSupportedCurrencies+ListRecommendations,4368,4299,43845.0,115641.69999999998,196059.67999999985,43679.0,111980.99999999996,174400.43999999968,0.9683444639779594,6.0668773221292405,5.970833333333333,0.01007326007326,0.0074435915329146,-0.0026296685403454,0.0,0.0,0.0,0.2452216422865633,-0.0191512081777259,0.0,False,False,0.73566492685969,False
re2ob_checkoutservice_delay_3,delay,checkoutservice,frontend::Convert+GetAds+GetCart+GetSupportedCurrencies+ListProducts,Home Page View,Convert+GetAds+GetCart+GetSupportedCurrencies+ListProducts,1027,989,136786.0,311023.0,468478.6,134743.0,281896.99999999994,374203.44,0.9063541924552202,1.4264384180006249,1.3736111111111111,0.0107108081791626,0.0030333670374115,-0.007677441141751,0.0,0.0,0.0,0.119680012523669,-0.0484206505248089,0.0,False,False,0.478720050094676,False
re2ob_checkoutservice_delay_3,delay,checkoutservice,frontend::Convert+GetCart+GetProduct+GetQuote+GetSupportedCurrencies+ListRecommendations,Cart View,Convert+GetCart+GetProduct+GetQuote+GetSupportedCurrencies+ListRecommendations,2028,1975,82418.0,241638.5499999999,324367.7000000004,75708.0,215634.2,276023.34,0.8923832724538369,2.816764470988576,2.743055555555556,0.0103550295857988,0.0055696202531645,-0.0047854093326342,0.0,0.0,0.0,0.0051119408740271,-0.0550672858462537,0.0,False,False,0.0255597043701357,False
re2ob_checkoutservice_delay_3,delay,checkoutservice,frontend::Convert+GetCart+GetProduct+GetSupportedCurrencies+ListRecommendations,frontend::Convert+GetCart+GetProduct+GetSupportedCurrencies+ListRecommendations,Convert+GetCart+GetProduct+GetSupportedCurrencies+ListRecommendations,0,1,,,,60469.0,60469.0,60469.0,,0.0,0.0013888888888888,,,,,0.0,,,,0.0,True,False,,False
re2ob_checkoutservice_delay_3,delay,checkoutservice,frontend::GetProduct+GetSupportedCurrencies+ListRecommendations+PlaceOrder,Place Order,GetProduct+GetSupportedCurrencies+ListRecommendations+PlaceOrder,313,345,138055.0,282436.1999999999,373779.6,2508409.0,3812484.6,4373533.680000001,13.498569234397012,0.4347373172679606,0.4791666666666667,0.0127795527156549,0.9971014492753624,0.9843218965597074,0.0,0.0,0.0,8.674976683688525e-108,0.9961290920035192,0.9961290920035192,False,False,5.204986010213115e-107,True
re2ob_checkoutservice_delay_3,delay,checkoutservice,frontend::GetSupportedCurrencies,frontend::GetSupportedCurrencies,GetSupportedCurrencies,0,1,,,,82501.0,82501.0,82501.0,,0.0,0.0013888888888888,,,,,0.0,,,,0.0,True,False,,False
re2ob_checkoutservice_delay_3,delay,checkoutservice,frontend::PlaceOrder,frontend::PlaceOrder,PlaceOrder,0,1,,,,1691368.0,1691368.0,1691368.0,,0.0,0.0013888888888888,,,,,0.0,,,,0.0,True,False,,False
re2ob_checkoutservice_delay_3,delay,checkoutservice,frontend::empty,frontend::empty,,830,791,343.5,1085.2999999999995,2121.900000000007,352.0,1158.0,2232.800000000003,1.0669860867962777,1.1528178061738257,1.0986111111111112,0.0108433734939759,0.0126422250316055,0.0017988515376296,0.0,0.0,0.0,0.3659795867620929,0.038214552267223,0.038214552267223,False,False,0.73566492685969,False
re2ob_checkoutservice_delay_3,delay,checkoutservice,direct::hipstershop.CurrencyService/Convert,hipstershop.CurrencyService/Convert (direct),Convert,1122,1210,5190.0,72803.85,80063.46999999996,205253.0,260193.9,272229.66,3.573903028479949,1.5583874440084724,1.6805555555555556,0.0106951871657754,0.9983471074380166,0.9876519202722412,0.0,0.0,0.0,0.0,0.9986299553630618,0.9986299553630618,False,False,0.0,True
re2ob_checkoutservice_disk_1,disk,checkoutservice,frontend::AddItem+GetProduct,Add To Cart,AddItem+GetProduct,954,987,7594.5,10951.999999999998,94860.38,7624.0,10883.499999999996,92442.09999999998,0.9937454346238128,1.325,1.3708523729496245,0.010482180293501,0.0091185410334346,-0.0013636392600663,0.0,0.0,0.0,1.0,0.0128727970960005,0.0128727970960005,False,False,1.0,False
re2ob_checkoutservice_disk_1,disk,checkoutservice,frontend::Convert+GetAds+GetCart+GetProduct+GetSupportedCurrencies+ListRecommendations,Product Detail View,Convert+GetAds+GetCart+GetProduct+GetSupportedCurrencies+ListRecommendations,4188,4206,160896.5,396685.9,687805.0600000003,160068.0,399436.25,774083.7499999978,1.0069333192835943,5.816666666666666,5.841747802052806,0.0100286532951289,0.0137898240608654,0.0037611707657364,0.0,0.0,0.0,1.0,-0.0056809279144134,0.0,False,False,1.0,False
re2ob_checkoutservice_disk_1,disk,checkoutservice,frontend::Convert+GetAds+GetCart+GetSupportedCurrencies+ListProducts,Home Page View,Convert+GetAds+GetCart+GetSupportedCurrencies+ListProducts,943,984,568783.0,1219992.9,1617369.38,573683.5,1233621.1,1538256.2199999995,1.011170720747637,1.3097222222222222,1.3666856484117835,0.0106044538706256,0.0030487804878048,-0.0075556733828207,0.0,0.0,0.0,0.6262170002815695,0.0265477760822145,0.0265477760822145,False,False,1.0,False
re2ob_checkoutservice_disk_1,disk,checkoutservice,frontend::Convert+GetCart+GetProduct+GetQuote+GetSupportedCurrencies+ListRecommendations,Cart View,Convert+GetCart+GetProduct+GetQuote+GetSupportedCurrencies+ListRecommendations,1933,1974,265177.0,731011.399999999,1069443.8000000005,265312.5,750142.75,991281.25,1.0261710692883874,2.6847222222222222,2.7417047458992485,0.0103466114847387,0.0065856129685916,-0.003760998516147,0.0,0.0,0.0,0.2388655835489434,0.0287715993376911,0.0287715993376911,False,False,1.0,False
re2ob_checkoutservice_disk_1,disk,checkoutservice,frontend::Convert+GetCart+GetSupportedCurrencies+ListProducts,frontend::Convert+GetCart+GetSupportedCurrencies+ListProducts,Convert+GetCart+GetSupportedCurrencies+ListProducts,0,3,,,,755834.0,1150503.8,1185585.56,,0.0,0.0041667245378408,,,,,0.0,,,,0.0,True,False,,False
re2ob_checkoutservice_disk_1,disk,checkoutservice,frontend::GetProduct+GetSupportedCurrencies+ListRecommendations+PlaceOrder,Place Order,GetProduct+GetSupportedCurrencies+ListRecommendations+PlaceOrder,329,322,387633.0,791797.6,1071250.6799999971,397398.5,895377.75,1179838.350000002,1.1308164485469518,0.4569444444444444,0.4472284337282462,0.0121580547112462,0.0217391304347826,0.0095810757235364,0.0,0.0,0.0,5.601525542500997e-07,0.232654949121184,0.232654949121184,False,False,3.921067879750698e-06,True
re2ob_checkoutservice_disk_1,disk,checkoutservice,frontend::empty,frontend::empty,,773,779,297.0,783.1999999999998,1401.5999999999967,297.0,793.9999999999991,1291.1800000000046,1.0137895812053106,1.073611111111111,1.0819594716593286,0.0103492884864165,0.0102695763799743,-7.971210644223438e-05,0.0,0.0,0.0,1.0,0.0171879229516065,0.0171879229516065,False,False,1.0,False
re2ob_checkoutservice_disk_1,disk,checkoutservice,direct::hipstershop.CurrencyService/Convert,hipstershop.CurrencyService/Convert (direct),Convert,1121,1100,89235.0,182376.0,290677.6,83810.5,187034.2,294900.21,1.0255417379479757,1.5569444444444445,1.5277989972082946,0.0107047279214986,0.0136363636363636,0.0029316357148649,0.0,0.0,0.0,1.0,0.0024442462087421,0.0024442462087421,False,False,1.0,False
re2ob_checkoutservice_disk_2,disk,checkoutservice,frontend::AddItem+GetProduct,Add To Cart,AddItem+GetProduct,1063,1023,7675.0,14416.699999999995,35825.51999999964,7649.0,14272.999999999993,45203.61999999995,0.9900323929886864,1.4764996263608658,1.4211096602117077,0.0103480714957666,0.0136852394916911,0.0033371679959244,0.0,0.0,0.0,0.7879398945389888,-0.0215614709287516,0.0,False,False,1.0,False
re2ob_checkoutservice_disk_2,disk,checkoutservice,frontend::Convert+GetAds+GetCart+GetProduct+GetSupportedCurrencies+ListRecommendations,Product Detail View,Convert+GetAds+GetCart+GetProduct+GetSupportedCurrencies+ListRecommendations,4370,4394,43971.5,119329.65000000008,199013.73000000045,41855.5,113172.69999999984,165943.36999999988,0.9484038543647768,6.069899686920963,6.10396465979496,0.0100686498855835,0.0065999089667728,-0.0034687409188106,0.0,0.0,0.0,2.5342427230645725e-12,-0.0875531330949526,0.0,False,False,1.2671213615322864e-11,False
re2ob_checkoutservice_disk_2,disk,checkoutservice,frontend::Convert+GetAds+GetCart+GetSupportedCurrencies+ListProducts,Home Page View,Convert+GetAds+GetCart+GetSupportedCurrencies+ListProducts,1063,1003,140933.0,322163.4,494654.47999999777,122907.0,276244.6,414652.8000000001,0.8574673597311179,1.4764996263608658,1.3933264801489178,0.0103480714957666,0.0049850448654037,-0.0053630266303629,0.0,0.0,0.0,6.986407816402326e-09,-0.1501516147699891,0.0,False,False,2.7945631265609305e-08,False
re2ob_checkoutservice_disk_2,disk,checkoutservice,frontend::Convert+GetCart+GetProduct+GetQuote+GetSupportedCurrencies+ListRecommendations,Cart View,Convert+GetCart+GetProduct+GetQuote+GetSupportedCurrencies+ListRecommendations,2019,1986,72613.0,216129.9,308060.0199999992,72535.0,198893.25,273657.4,0.92024865601659,2.804376994941287,2.7588697802350457,0.0104011887072808,0.0075528700906344,-0.0028483186166463,0.0,0.0,0.0,0.1161210808436065,-0.0345863341558317,0.0,False,False,0.3483632425308195,False
re2ob_checkoutservice_disk_2,disk,checkoutservice,frontend::GetProduct+GetSupportedCurrencies+ListRecommendations+PlaceOrder,Place Order,GetProduct+GetSupportedCurrencies+ListRecommendations+PlaceOrder,363,346,133051.0,276222.2,378644.23999999993,272281.0,529013.75,789605.0000000026,1.9151746311484013,0.5042044820028169,0.4806490150862668,0.0110192837465564,0.2167630057803468,0.2057437220337903,0.0,0.0,0.0,7.362450073944193e-44,0.60507332919314,0.60507332919314,False,False,5.153715051760935e-43,True
re2ob_checkoutservice_disk_2,disk,checkoutservice,frontend::empty,frontend::empty,,850,813,341.0,1173.55,2038.0499999999984,341.0,1122.5999999999997,1761.8,0.9565847215713004,1.1806441038633453,1.129386269552413,0.0105882352941176,0.004920049200492,-0.0056681860936256,0.0,0.0,0.0,1.0,0.0030576658707763,0.0030576658707763,False,False,1.0,False
re2ob_checkoutservice_disk_2,disk,checkoutservice,direct::hipstershop.CurrencyService/Convert,hipstershop.CurrencyService/Convert (direct),Convert,1237,1181,4797.0,71549.6,76947.64000000001,6386.0,96106.0,105242.20000000004,1.3432080682491585,1.7181844193870095,1.6405967827077488,0.0105092966855295,0.165961049957663,0.1554517532721335,0.0,0.0,0.0,4.3792364052740425e-30,0.2691462847825685,0.2691462847825685,False,False,2.627541843164425e-29,True
re2ob_checkoutservice_disk_3,disk,checkoutservice,frontend::AddItem+GetProduct,Add To Cart,AddItem+GetProduct,1050,995,7462.5,13833.39999999999,43951.47999999995,7418.0,13342.699999999995,25845.09999999986,0.9645278817933411,1.4583333333333333,1.3819444444444444,0.0104761904761904,0.0070351758793969,-0.0034410145967934,0.0,0.0,0.0,0.3323772224667649,-0.0353759272553242,0.0,False,False,1.0,False
re2ob_checkoutservice_disk_3,disk,checkoutservice,frontend::Convert+GetAds+GetCart+GetProduct+GetSupportedCurrencies+ListRecommendations,Product Detail View,Convert+GetAds+GetCart+GetProduct+GetSupportedCurrencies+ListRecommendations,4418,4420,41638.0,111678.69999999998,380719.5399999977,41470.0,110573.35,148656.86000000025,0.990102409859714,6.136111111111111,6.138888888888889,0.0101856043458578,0.0018099547511312,-0.0083756495947266,0.0,0.0,0.0,1.0,-0.0071774968301211,0.0,False,False,1.0,False
re2ob_checkoutservice_disk_3,disk,checkoutservice,frontend::Convert+GetAds+GetCart+GetSupportedCurrencies+ListProducts,Home Page View,Convert+GetAds+GetCart+GetSupportedCurrencies+ListProducts,1012,1006,124046.0,284649.44999999984,447090.1099999999,122434.5,280976.75,373766.95000000007,0.987097463213086,1.4055555555555554,1.397222222222222,0.0108695652173913,0.003976143141153,-0.0068934220762382,0.0,0.0,0.0,0.4998142493680444,-0.0295833693491226,0.0,False,False,1.0,False
re2ob_checkoutservice_disk_3,disk,checkoutservice,frontend::Convert+GetCart+GetProduct+GetQuote+GetSupportedCurrencies+ListRecommendations,Cart View,Convert+GetCart+GetProduct+GetQuote+GetSupportedCurrencies+ListRecommendations,2050,2001,71179.5,228068.65,337642.2899999999,68250.0,193998.0,263796.0,0.8506123046722993,2.8472222222222223,2.779166666666667,0.0102439024390243,0.0034982508745627,-0.0067456515644616,0.0,0.0,0.0,0.063820044860735,-0.0389324849770237,0.0,False,False,0.3191002243036752,False
re2ob_checkoutservice_disk_3,disk,checkoutservice,frontend::Convert+GetCart+GetProduct+GetSupportedCurrencies+ListRecommendations,frontend::Convert+GetCart+GetProduct+GetSupportedCurrencies+ListRecommendations,Convert+GetCart+GetProduct+GetSupportedCurrencies+ListRecommendations,0,1,,,,36780.0,36780.0,36780.0,,0.0,0.0013888888888888,,,,,0.0,,,,0.0,True,False,,False
re2ob_checkoutservice_disk_3,disk,checkoutservice,frontend::GetProduct+GetSupportedCurrencies+ListRecommendations+PlaceOrder,Place Order,GetProduct+GetSupportedCurrencies+ListRecommendations+PlaceOrder,334,331,128638.0,278129.69999999995,795941.4300000098,287105.0,553298.0,729010.9999999987,1.98935244959456,0.4638888888888889,0.4597222222222222,0.0119760479041916,0.0030211480362537,-0.0089548998679378,0.0,0.0,0.0,1.5060125634222906e-50,0.6721059391790438,0.6721059391790438,False,False,1.0542087943956034e-49,True
re2ob_checkoutservice_disk_3,disk,checkoutservice,frontend::empty,frontend::empty,,825,806,319.0,1126.7999999999995,2111.44,332.5,1125.75,1850.850000000002,0.9990681576144838,1.1458333333333333,1.1194444444444445,0.0109090909090909,0.0074441687344913,-0.0034649221745995,0.0,0.0,0.0,0.8741880437701652,0.0222287390029325,0.0222287390029325,False,False,1.0,False
re2ob_checkoutservice_disk_3,disk,checkoutservice,direct::hipstershop.CurrencyService/Convert,hipstershop.CurrencyService/Convert (direct),Convert,1168,1152,4856.0,70940.54999999999,79246.27999999997,6239.5,95882.25,99969.39,1.351585940622113,1.6222222222222222,1.6,0.0102739726027397,0.1909722222222222,0.1806982496194825,0.0,0.0,0.0,9.624783986025864e-23,0.2370438249143835,0.2370438249143835,False,False,5.774870391615519e-22,True
re2ob_checkoutservice_loss_1,loss,checkoutservice,frontend::AddItem+GetProduct,Add To Cart,AddItem+GetProduct,1005,908,7917.0,10651.399999999994,22890.520000000048,7586.0,10240.55,15791.429999999991,0.9614276057607456,1.395901189641163,1.2611286267864832,0.0109452736318407,0.0033039647577092,-0.0076413088741315,0.0,0.0,0.0,1.3201378393378986e-12,-0.190047559559033,0.0,False,False,6.600689196689493e-12,False
re2ob_checkoutservice_loss_1,loss,checkoutservice,frontend::Convert+GetAds+GetCart+GetProduct+GetSupportedCurrencies+ListRecommendations,Product Detail View,Convert+GetAds+GetCart+GetProduct+GetSupportedCurrencies+ListRecommendations,4254,4040,162779.5,394674.1,661813.1400000008,156088.0,330703.9999999998,572852.2100000004,0.8379166507252436,5.908620557943789,5.611189044292281,0.0101081335213916,0.0039603960396039,-0.0061477374817876,0.0,0.0,0.0,8.990816965358535e-07,-0.0640124961015142,0.0,False,False,3.596326786143414e-06,False
re2ob_checkoutservice_loss_1,loss,checkoutservice,frontend::Convert+GetAds+GetCart+GetSupportedCurrencies+ListProducts,Home Page View,Convert+GetAds+GetCart+GetSupportedCurrencies+ListProducts,940,935,578895.5,1242871.1999999995,1610397.25,576058.0,1121010.6,1300740.36,0.901952350332038,1.3056190231469584,1.2986291476270504,0.0106382978723404,0.0010695187165775,-0.0095687791557628,0.0,0.0,0.0,0.1030062504987667,-0.05194220047787,0.0,False,False,0.3090187514963003,False
re2ob_checkoutservice_loss_1,loss,checkoutservice,frontend::Convert+GetCart+GetProduct+GetQuote+GetSupportedCurrencies+ListRecommendations,Cart View,Convert+GetCart+GetProduct+GetQuote+GetSupportedCurrencies+ListRecommendations,2012,1824,264748.0,725628.7499999992,1113297.1399999964,267796.5,741078.0499999998,1066548.02,1.0212909149478997,2.794580292097532,2.5333685190072086,0.0104373757455268,0.0071271929824561,-0.0033101827630706,0.0,0.0,0.0,1.0,0.0046993259739807,0.0046993259739807,False,False,1.0,False
re2ob_checkoutservice_loss_1,loss,checkoutservice,frontend::GetProduct+GetSupportedCurrencies+ListRecommendations+PlaceOrder,Place Order,GetProduct+GetSupportedCurrencies+ListRecommendations+PlaceOrder,362,257,334914.0,697042.75,1199349.92,3795300.0,22455228.199999984,34048150.75999999,32.21499427402406,0.5028022195523393,0.3569494020750288,0.011049723756906,0.9494163424124512,0.9383666186555452,0.0,0.0,0.0,1.2595906028575327e-98,0.9950125760474666,0.9950125760474666,False,False,8.817134220002731e-98,True
re2ob_checkoutservice_loss_1,loss,checkoutservice,frontend::PlaceOrder,frontend::PlaceOrder,PlaceOrder,0,29,,,,1349.0,419495.3999999985,911360.5199999996,,0.0,0.0402783371991277,,,,,0.0,,,,0.0,True,False,,False
re2ob_checkoutservice_loss_1,loss,checkoutservice,frontend::empty,frontend::empty,,750,773,304.0,743.3499999999992,1128.1899999999994,299.0,746.1999999999998,1192.799999999999,1.0038339947534816,1.0417173057023603,1.073626022583647,0.0106666666666666,0.0116429495472186,0.0009762828805519,0.0,0.0,0.0,1.0,-0.017435101336783,0.0,False,False,1.0,False
re2ob_checkoutservice_loss_1,loss,checkoutservice,direct::hipstershop.CurrencyService/Convert,hipstershop.CurrencyService/Convert (direct),Convert,1198,969,90263.0,175415.5499999999,202621.3599999982,183411.0,2036617.4,11242094.119999986,11.610244359750324,1.6639697763085706,1.3458520257225794,0.010016694490818,0.4613003095975232,0.4512836151067051,0.0,0.0,0.0,6.376771073383717e-82,0.479243010797149,0.479243010797149,False,False,3.82606264403023e-81,True
re2ob_checkoutservice_loss_2,loss,checkoutservice,frontend::AddItem+GetProduct,Add To Cart,AddItem+GetProduct,1032,1014,8125.5,16217.39999999995,76487.78999999988,8178.0,12928.4,45472.350000000006,0.7971931382342446,1.4333333333333331,1.408337245381237,0.0106589147286821,0.0029585798816568,-0.0077003348470253,0.0,0.0,0.0,0.847725718234428,0.020422419460881,0.020422419460881,False,False,1.0,False
re2ob_checkoutservice_loss_2,loss,checkoutservice,frontend::Convert+GetAds+GetCart+GetProduct+GetSupportedCurrencies+ListRecommendations,Product Detail View,Convert+GetAds+GetCart+GetProduct+GetSupportedCurrencies+ListRecommendations,4336,4355,43613.0,123715.0,551358.7499999953,43754.0,121584.10000000002,600650.0000000006,0.9827757345511864,6.022222222222222,6.048627912855313,0.0101476014760147,0.0112514351320321,0.0011038336560173,0.0,0.0,0.0,1.0,0.0047152295575769,0.0047152295575769,False,False,1.0,False
re2ob_checkoutservice_loss_2,loss,checkoutservice,frontend::Convert+GetAds+GetCart+GetSupportedCurrencies+ListProducts,Home Page View,Convert+GetAds+GetCart+GetSupportedCurrencies+ListProducts,1011,963,139522.0,319698.0,785048.5999999993,135802.0,308160.2,641680.8799999999,0.9639103153601212,1.4041666666666666,1.337503715288098,0.0108803165182987,0.0062305295950155,-0.0046497869232831,0.0,0.0,0.0,0.7673822119985354,-0.022653203135191,0.0,False,False,1.0,False
re2ob_checkoutservice_loss_2,loss,checkoutservice,frontend::Convert+GetCart+GetProduct+GetQuote+GetSupportedCurrencies+ListRecommendations,Cart View,Convert+GetCart+GetProduct+GetQuote+GetSupportedCurrencies+ListRecommendations,2038,2010,83720.0,255618.79999999984,429228.169999998,80674.0,244680.95,468059.0700000016,0.957210306910134,2.830555555555556,2.7916744213178366,0.0103042198233562,0.0124378109452736,0.0021335911219174,0.0,0.0,0.0,0.2395712174785961,-0.0282381029103745,0.0,False,False,1.0,False
re2ob_checkoutservice_loss_2,loss,checkoutservice,frontend::Convert+GetCart+GetSupportedCurrencies+ListProducts,frontend::Convert+GetCart+GetSupportedCurrencies+ListProducts,Convert+GetCart+GetSupportedCurrencies+ListProducts,0,1,,,,114930.0,114930.0,114930.0,,0.0,0.0013888927469242,,,,,0.0,,,,0.0,True,False,,False
re2ob_checkoutservice_loss_2,loss,checkoutservice,frontend::GetCart+GetProduct+GetSupportedCurrencies,frontend::GetCart+GetProduct+GetSupportedCurrencies,GetCart+GetProduct+GetSupportedCurrencies,0,1,,,,45432.0,45432.0,45432.0,,0.0,0.0013888927469242,,,,,0.0,,,,0.0,True,False,,False
re2ob_checkoutservice_loss_2,loss,checkoutservice,frontend::GetProduct+GetSupportedCurrencies+ListRecommendations+PlaceOrder,Place Order,GetProduct+GetSupportedCurrencies+ListRecommendations+PlaceOrder,318,335,144228.5,283778.0499999999,994941.2899999984,1438380.0,5182136.8,9697193.76,18.261231973367927,0.4416666666666666,0.4652790702196395,0.0125786163522012,0.7283582089552239,0.7157795926030226,0.0,0.0,0.0,7.472521343648237e-101,0.9659063174692576,0.9659063174692576,False,False,5.230764940553766e-100,True
re2ob_checkoutservice_loss_2,loss,checkoutservice,frontend::PlaceOrder,frontend::PlaceOrder,PlaceOrder,0,1,,,,1675283.0,1675283.0,1675283.0,,0.0,0.0013888927469242,,,,,0.0,,,,0.0,True,False,,False
re2ob_checkoutservice_loss_2,loss,checkoutservice,frontend::empty,frontend::empty,,791,778,353.0,1142.0,2300.000000000001,348.0,1170.6999999999996,3080.2300000000077,1.025131348511383,1.0986111111111112,1.080558557107103,0.0101137800252844,0.0167095115681233,0.0065957315428389,0.0,0.0,0.0,1.0,-0.0143646875680454,0.0,False,False,1.0,False
re2ob_checkoutservice_loss_2,loss,checkoutservice,direct::hipstershop.CurrencyService/Convert,hipstershop.CurrencyService/Convert (direct),Convert,1144,1192,5448.5,71982.7,80233.32999999993,10925.0,558712.6500000051,1482742.3999999997,7.761762895806981,1.5888888888888888,1.655560154333762,0.0104895104895104,0.3011744966442953,0.2906849861547848,0.0,0.0,0.0,8.93831173236974e-50,0.3556401652039236,0.3556401652039236,False,False,5.362987039421845e-49,True
re2ob_checkoutservice_loss_3,loss,checkoutservice,frontend::AddItem+GetProduct,Add To Cart,AddItem+GetProduct,1045,978,8454.0,13612.199999999992,45824.0,7874.5,12988.649999999998,43771.15000000002,0.9541918279190728,1.451455413928694,1.3583352199100276,0.0105263157894736,0.00920245398773,-0.0013238618017436,0.0,0.0,0.0,4.762857551525831e-27,-0.2783544192326885,0.0,False,False,1.9051430206103323e-26,False
re2ob_checkoutservice_loss_3,loss,checkoutservice,frontend::Convert+GetAds+GetCart+GetProduct+GetSupportedCurrencies+ListRecommendations,Product Detail View,Convert+GetAds+GetCart+GetProduct+GetSupportedCurrencies+ListRecommendations,4364,4294,43370.0,117767.29999999992,215947.2399999999,39666.5,109257.9,330634.72999999975,0.927743949296622,6.061388924770164,5.963897172079405,0.0100824931255728,0.0142058686539357,0.0041233755283628,0.0,0.0,0.0,1.2076247101021274e-53,-0.1919250189017395,0.0,False,False,7.245748260612766e-53,False
re2ob_checkoutservice_loss_3,loss,checkoutservice,frontend::Convert+GetAds+GetCart+GetSupportedCurrencies+ListProducts,Home Page View,Convert+GetAds+GetCart+GetSupportedCurrencies+ListProducts,1066,976,125455.0,293002.5,587925.6499999998,111758.5,265466.0,481140.25,0.9060195732118328,1.4806234174621893,1.3555574382742197,0.0103189493433395,0.0071721311475409,-0.0031468181957986,0.0,0.0,0.0,4.752228213631565e-10,-0.1620717097776274,0.0,False,False,1.4256684640894702e-09,False
re2ob_checkoutservice_loss_3,loss,checkoutservice,frontend::Convert+GetCart+GetProduct+GetQuote+GetSupportedCurrencies+ListRecommendations,Cart View,Convert+GetCart+GetProduct+GetQuote+GetSupportedCurrencies+ListRecommendations,2019,1945,65454.0,194198.4,291177.3799999998,63114.0,184156.6,287243.52,0.948291026084664,2.804295196863189,2.701392640823112,0.0104011887072808,0.0092544987146529,-0.0011466899926278,0.0,0.0,0.0,0.0221450026273869,-0.04660557607612,0.0,False,False,0.0221450026273869,False
re2ob_checkoutservice_loss_3,loss,checkoutservice,frontend::GetCart+GetProduct+GetSupportedCurrencies+ListRecommendations,frontend::GetCart+GetProduct+GetSupportedCurrencies+ListRecommendations,GetCart+GetProduct+GetSupportedCurrencies+ListRecommendations,0,1,,,,75293.0,75293.0,75293.0,,0.0,0.0013888908179039,,,,,0.0,,,,0.0,True,False,,False
re2ob_checkoutservice_loss_3,loss,checkoutservice,frontend::GetProduct+GetSupportedCurrencies+ListRecommendations+PlaceOrder,Place Order,GetProduct+GetSupportedCurrencies+ListRecommendations+PlaceOrder,352,321,132453.5,225308.55,298909.8500000001,1459938.0,7021241.0,20994427.4,31.16278099521745,0.4889112973233495,0.4458339525471563,0.0113636363636363,0.9626168224299064,0.9512531860662702,0.0,0.0,0.0,5.417853696517841e-104,0.9670596148399886,0.9670596148399886,False,False,3.7924975875624894e-103,True
re2ob_checkoutservice_loss_3,loss,checkoutservice,frontend::PlaceOrder,frontend::PlaceOrder,PlaceOrder,0,13,,,,1401.0,4587.799999999999,4747.16,,0.0,0.0180555806327508,,,,,0.0,,,,0.0,True,False,,False
re2ob_checkoutservice_loss_3,loss,checkoutservice,frontend::empty,frontend::empty,,817,789,368.0,2032.999999999999,3171.880000000001,328.0,1006.7999999999996,1667.12,0.4952287260206592,1.134774232707888,1.095834855326188,0.011015911872705,0.0012674271229404,-0.0097484847497645,0.0,0.0,0.0,3.479328211350116e-06,-0.1378377414045326,0.0,False,False,6.958656422700232e-06,False
re2ob_checkoutservice_loss_3,loss,checkoutservice,direct::hipstershop.CurrencyService/Convert,hipstershop.CurrencyService/Convert (direct),Convert,1132,1114,4876.5,67073.20000000001,76295.03000000001,8754.5,474910.0499999996,1443689.9699999865,7.080474019429511,1.5722942857103173,1.5472243711449598,0.0106007067137809,0.3016157989228007,0.2910150922090198,0.0,0.0,0.0,3.5950967002649896e-42,0.3328723411004179,0.3328723411004179,False,False,1.7975483501324947e-41,True
re2ob_checkoutservice_mem_1,mem,checkoutservice,frontend::AddItem+GetProduct,Add To Cart,AddItem+GetProduct,1031,1022,8234.0,12538.5,37160.30000000005,8460.5,17506.699999999997,103815.75,1.3962355943693423,1.4319742772418869,1.4195430238210986,0.0106692531522793,0.0303326810176125,0.0196634278653331,0.0,0.0,0.0,2.810541792930571e-06,0.1229754328155934,0.1229754328155934,False,False,1.4052708964652856e-05,False
re2ob_checkoutservice_mem_1,mem,checkoutservice,frontend::Convert+GetAds+GetCart+GetProduct+GetSupportedCurrencies+ListRecommendations,Product Detail View,Convert+GetAds+GetCart+GetProduct+GetSupportedCurrencies+ListRecommendations,4392,4277,47767.0,123875.39999999998,271146.2000000001,49098.0,139354.19999999995,328026.5599999993,1.1249545914685235,6.100127085980958,5.940690325717063,0.0100182149362477,0.0116904372223521,0.0016722222861043,0.0,0.0,0.0,0.0217816569794572,0.0315819078026959,0.0315819078026959,False,False,0.0871266279178289,False
re2ob_checkoutservice_mem_1,mem,checkoutservice,frontend::Convert+GetAds+GetCart+GetSupportedCurrencies+ListProducts,Home Page View,Convert+GetAds+GetCart+GetSupportedCurrencies+ListProducts,984,1003,172794.0,362908.4,558032.2799999986,176964.0,373297.5,755564.9200000018,1.028627334060055,1.3666951394820726,1.3931523022432113,0.0101626016260162,0.0179461615154536,0.0077835598894373,0.0,0.0,0.0,1.0,0.0166208691000169,0.0166208691000169,False,False,1.0,False
re2ob_checkoutservice_mem_1,mem,checkoutservice,frontend::Convert+GetCart+GetProduct+GetQuote+GetSupportedCurrencies+ListRecommendations,Cart View,Convert+GetCart+GetProduct+GetQuote+GetSupportedCurrencies+ListRecommendations,2064,2040,106344.5,263481.45,424139.0499999984,99284.5,256501.95,399488.8899999984,0.9735104691430838,2.866726390133128,2.833530106257379,0.0101744186046511,0.009313725490196,-0.000860693114455,0.0,0.0,0.0,0.057443732509232,-0.0394306220550235,0.0,False,False,0.1723311975276962,False
re2ob_checkoutservice_mem_1,mem,checkoutservice,frontend::Convert+GetCart+GetSupportedCurrencies+ListProducts,frontend::Convert+GetCart+GetSupportedCurrencies+ListProducts,Convert+GetCart+GetSupportedCurrencies+ListProducts,0,1,,,,236066.0,236066.0,236066.0,,0.0,0.0013889853462045,,,,,0.0,,,,0.0,True,False,,False
re2ob_checkoutservice_mem_1,mem,checkoutservice,frontend::GetProduct+GetSupportedCurrencies+ListRecommendations+PlaceOrder,Place Order,GetProduct+GetSupportedCurrencies+ListRecommendations+PlaceOrder,341,357,181363.0,299488.0,455654.6000000022,872387.0,2282037.0,2583576.72,7.61979444919329,0.4736209782148239,0.4958677685950413,0.0117302052785923,0.711484593837535,0.6997543885589427,0.0,0.0,0.0,2.775142959467149e-92,0.89288383975291,0.89288383975291,False,False,1.9426000716270048e-91,True
re2ob_checkoutservice_mem_1,mem,checkoutservice,frontend::GetSupportedCurrencies,frontend::GetSupportedCurrencies,GetSupportedCurrencies,0,1,,,,185809.0,185809.0,185809.0,,0.0,0.0013889853462045,,,,,0.0,,,,0.0,True,False,,False
re2ob_checkoutservice_mem_1,mem,checkoutservice,frontend::empty,frontend::empty,,817,796,311.0,796.1999999999999,1223.4800000000007,314.0,864.5,1215.8999999999955,1.0857824667169054,1.1347458627610296,1.1056323355788595,0.011015911872705,0.0100502512562814,-0.0009656606164236,0.0,0.0,0.0,0.9987293038691684,0.019430075715173,0.019430075715173,False,False,1.0,False
re2ob_checkoutservice_mem_1,mem,checkoutservice,direct::hipstershop.CurrencyService/Convert,hipstershop.CurrencyService/Convert (direct),Convert,1188,1218,5094.5,80206.4,88179.45999999999,41502.0,96885.45,187222.53999999844,1.207951609846596,1.6500343757161606,1.6917841516771996,0.0101010101010101,0.138752052545156,0.1286510424441458,0.0,0.0,0.0,1.5318402622000057e-43,0.3269911761291071,0.3269911761291071,False,False,9.191041573200035e-43,True
re2ob_checkoutservice_mem_2,mem,checkoutservice,frontend::AddItem+GetProduct,Add To Cart,AddItem+GetProduct,1004,628,8403.0,11745.199999999995,19507.830000000005,8403.0,13145.599999999988,70525.35000000012,1.119231686135612,1.3944483179119942,1.453828221398592,0.0109561752988047,0.0318471337579617,0.020890958459157,0.0,0.0,0.0,0.6200456354546449,0.0298297256832542,0.0298297256832542,False,False,1.0,False
re2ob_checkoutservice_mem_2,mem,checkoutservice,frontend::Convert+GetAds+GetCart+GetProduct+GetSupportedCurrencies+ListRecommendations,Product Detail View,Convert+GetAds+GetCart+GetProduct+GetSupportedCurrencies+ListRecommendations,4374,2631,40189.0,105012.69999999988,199065.6499999992,42315.0,106423.0,187186.0999999992,1.0134298042046357,6.075016875046875,6.090799443470853,0.0100594421582075,0.0091220068415051,-0.0009374353167024,0.0,0.0,0.0,3.207440467469324e-35,0.177199518873576,0.177199518873576,False,False,2.2452083272285267e-34,True
re2ob_checkoutservice_mem_2,mem,checkoutservice,frontend::Convert+GetAds+GetCart+GetSupportedCurrencies+ListProducts,Home Page View,Convert+GetAds+GetCart+GetSupportedCurrencies+ListProducts,1015,655,103961.0,236608.99999999997,537688.3800000006,114925.0,249876.59999999995,324535.0600000008,1.0560739447780938,1.4097261381281614,1.5163335748663658,0.0108374384236453,0.0,-0.0108374384236453,0.0,0.0,0.0,0.0001433758567375,0.1149309968788778,0.1149309968788778,False,False,0.0004301275702125,False
re2ob_checkoutservice_mem_2,mem,checkoutservice,frontend::Convert+GetCart+GetProduct+GetQuote+GetSupportedCurrencies+ListRecommendations,Cart View,Convert+GetCart+GetProduct+GetQuote+GetSupportedCurrencies+ListRecommendations,2019,1197,63559.0,173253.9,257784.01999999996,71370.0,188813.6000000001,318761.2399999994,1.0898086565439515,2.804174456040156,2.771070670404641,0.0104011887072808,0.0192147034252297,0.0088135147179489,0.0,0.0,0.0,3.514798475330328e-06,0.1006776475612012,0.1006776475612012,False,False,1.4059193901321312e-05,False
re2ob_checkoutservice_mem_2,mem,checkoutservice,frontend::GetProduct+GetSupportedCurrencies+ListRecommendations+PlaceOrder,Place Order,GetProduct+GetSupportedCurrencies+ListRecommendations+PlaceOrder,347,225,125742.0,257851.69999999984,299513.2200000001,210290.0,2176784.9999999995,2351154.76,8.442003678858821,0.481945783182731,0.5208779455647822,0.0115273775216138,0.4311111111111111,0.4195837335894973,0.0,0.0,0.0,7.764430920462102e-24,0.5012744156260007,0.5012744156260007,False,False,4.658658552277261e-23,True
re2ob_checkoutservice_mem_2,mem,checkoutservice,frontend::PlaceOrder,frontend::PlaceOrder,PlaceOrder,0,3,,,,479735.0,1841759.0,1962827.8,,0.0,0.006945039274197,,,,,0.0,,,,0.0,True,False,,False
re2ob_checkoutservice_mem_2,mem,checkoutservice,frontend::empty,frontend::empty,,832,513,313.5,937.0,1873.039999999999,307.0,917.3999999999996,2414.36,0.979082177161152,1.155558765441015,1.1876017158877032,0.0108173076923076,0.0175438596491228,0.0067265519568151,0.0,0.0,0.0,0.9884371588473008,-0.0221664604888288,0.0,False,False,1.0,False
re2ob_checkoutservice_mem_2,mem,checkoutservice,direct::hipstershop.CurrencyService/Convert,hipstershop.CurrencyService/Convert (direct),Convert,1153,760,4451.0,68984.2,77127.8,5698.5,88009.2,104953.74999999993,1.275787789087936,1.6013933372037144,1.7594099494632642,0.01040763226366,0.1092105263157894,0.0988028940521294,0.0,0.0,0.0,8.838843378663061e-20,0.2476320354224677,0.2476320354224677,False,False,4.419421689331531e-19,True
re2ob_checkoutservice_mem_3,mem,checkoutservice,frontend::AddItem+GetProduct,Add To Cart,AddItem+GetProduct,1016,1010,8382.0,11951.5,21437.25000000004,8380.0,14385.599999999971,75730.55999999992,1.203664811948289,1.4111365899662078,1.4027777777777777,0.0108267716535433,0.0386138613861386,0.0277870897325953,0.0,0.0,0.0,0.464530325334149,0.0306531145240507,0.0306531145240507,False,False,1.0,False
re2ob_checkoutservice_mem_3,mem,checkoutservice,frontend::Convert+GetAds+GetCart+GetProduct+GetSupportedCurrencies+ListRecommendations,Product Detail View,Convert+GetAds+GetCart+GetProduct+GetSupportedCurrencies+ListRecommendations,4390,4336,40330.0,102693.1,236268.4599999984,40528.0,112904.75,298696.4999999993,1.0994385211859414,6.097332312944539,6.022222222222222,0.0100227790432801,0.0152214022140221,0.0051986231707419,0.0,0.0,0.0,0.7843869552319487,0.0105777030150711,0.0105777030150711,False,False,1.0,False
re2ob_checkoutservice_mem_3,mem,checkoutservice,frontend::Convert+GetAds+GetCart+GetSupportedCurrencies+ListProducts,Home Page View,Convert+GetAds+GetCart+GetSupportedCurrencies+ListProducts,1044,980,105290.5,209119.1,427934.2899999994,112935.0,262233.1499999998,475075.80000000016,1.253989472984533,1.4500261810282686,1.3611111111111112,0.0105363984674329,0.0142857142857142,0.0037493158182813,0.0,0.0,0.0,0.002105277584899,0.0841484869809992,0.0841484869809992,False,False,0.0105263879244953,False
re2ob_checkoutservice_mem_3,mem,checkoutservice,frontend::Convert+GetCart+GetProduct+GetQuote+GetSupportedCurrencies+ListRecommendations,Cart View,Convert+GetCart+GetProduct+GetQuote+GetSupportedCurrencies+ListRecommendations,2031,2050,64145.0,174608.5,268154.30000000016,66392.5,191786.9,345931.59,1.0983823811555564,2.820884265965913,2.8472222222222223,0.0103397341211226,0.0190243902439024,0.0086846561227798,0.0,0.0,0.0,1.0,0.0113194269313445,0.0113194269313445,False,False,1.0,False
re2ob_checkoutservice_mem_3,mem,checkoutservice,frontend::Convert+GetCart+GetSupportedCurrencies+ListProducts,frontend::Convert+GetCart+GetSupportedCurrencies+ListProducts,Convert+GetCart+GetSupportedCurrencies+ListProducts,0,1,,,,94602.0,94602.0,94602.0,,0.0,0.0013888888888888,,,,,0.0,,,,0.0,True,False,,False
re2ob_checkoutservice_mem_3,mem,checkoutservice,frontend::GetProduct+GetSupportedCurrencies+ListRecommendations+PlaceOrder,Place Order,GetProduct+GetSupportedCurrencies+ListRecommendations+PlaceOrder,329,340,130430.0,268890.0,317127.19999999914,986913.0,2230707.75,2430536.08,8.295986276916212,0.4569526949792149,0.4722222222222222,0.0121580547112462,0.7911764705882353,0.7790184158769891,0.0,0.0,0.0,2.3989926294853222e-98,0.9419452887537992,0.9419452887537992,False,False,1.6792948406397255e-97,True
re2ob_checkoutservice_mem_3,mem,checkoutservice,frontend::empty,frontend::empty,,828,818,300.0,822.9499999999999,1492.5600000000013,303.0,880.5999999999999,1316.4100000000012,1.070052858618385,1.1500207642637992,1.136111111111111,0.0108695652173913,0.0085574572127139,-0.0023121080046773,0.0,0.0,0.0,1.0,0.0164209867356459,0.0164209867356459,False,False,1.0,False
re2ob_checkoutservice_mem_3,mem,checkoutservice,direct::hipstershop.CurrencyService/Convert,hipstershop.CurrencyService/Convert (direct),Convert,1172,1137,4311.0,69906.45,77103.16999999998,6845.0,89495.6,100082.04000000002,1.2802194933371671,1.6278071687405469,1.5791666666666666,0.0102389078498293,0.2075637642919965,0.1973248564421671,0.0,0.0,0.0,4.161329665340824e-80,0.4564748860092273,0.4564748860092273,False,False,2.4967977992044942e-79,True
re2ob_checkoutservice_socket_1,socket,checkoutservice,frontend::AddItem+GetProduct,Add To Cart,AddItem+GetProduct,1004,1000,8180.5,12451.749999999984,46178.40000000037,8313.0,14358.349999999991,51611.37999999998,1.1531190394924418,1.3944444444444444,1.3892361979383734,0.0109561752988047,0.015,0.0040438247011952,0.0,0.0,0.0,0.0084541080912313,0.073808764940239,0.073808764940239,False,False,0.0422705404561567,False
re2ob_checkoutservice_socket_1,socket,checkoutservice,frontend::Convert+GetAds+GetCart+GetProduct+GetSupportedCurrencies+ListRecommendations,Product Detail View,Convert+GetAds+GetCart+GetProduct+GetSupportedCurrencies+ListRecommendations,4404,4296,45696.0,122135.49999999988,195019.84000000003,44481.0,117628.75,227961.2000000008,0.9631004089720034,6.116666666666666,5.968158706343252,0.0102179836512261,0.0139664804469273,0.0037484967957012,0.0,0.0,0.0,0.0007095397971658,-0.044221638277036,0.0,False,False,0.0042572387829948,False
re2ob_checkoutservice_socket_1,socket,checkoutservice,frontend::Convert+GetAds+GetCart+GetSupportedCurrencies+ListProducts,Home Page View,Convert+GetAds+GetCart+GetSupportedCurrencies+ListProducts,1005,1034,139637.0,327663.39999999973,511855.12000000017,136634.5,299849.9499999999,444618.5999999999,0.9151157865052982,1.3958333333333333,1.436470228668278,0.0109452736318407,0.0038684719535783,-0.0070768016782624,0.0,0.0,0.0,1.0,-0.0164044381573755,0.0,False,False,1.0,False
re2ob_checkoutservice_socket_1,socket,checkoutservice,frontend::Convert+GetCart+GetProduct+GetQuote+GetSupportedCurrencies+ListRecommendations,Cart View,Convert+GetCart+GetProduct+GetQuote+GetSupportedCurrencies+ListRecommendations,2013,1990,78406.0,238913.59999999995,334483.1599999992,81847.0,251879.1,360732.1099999991,1.0542685724044174,2.7958333333333334,2.764580033897363,0.0104321907600596,0.0165829145728643,0.0061507238128047,0.0,0.0,0.0,0.0710293437406957,0.0383764325851812,0.0383764325851812,False,False,0.2139158060723703,False
re2ob_checkoutservice_socket_1,socket,checkoutservice,frontend::GetProduct+GetSupportedCurrencies+ListRecommendations+PlaceOrder,Place Order,GetProduct+GetSupportedCurrencies+ListRecommendations+PlaceOrder,335,299,147278.0,277643.1,313835.66000000027,174390.0,489743.6999999998,682933.8799999993,1.763932545055144,0.4652777777777778,0.4153816231835736,0.0119402985074626,0.1806020066889632,0.1686617081815005,0.0,0.0,0.0,0.0001512540221678,0.1819497828582839,0.1819497828582839,False,False,0.0010587781551749,True
re2ob_checkoutservice_socket_1,socket,checkoutservice,frontend::empty,frontend::empty,,930,830,325.0,1127.8499999999997,2056.2000000000044,340.0,1147.3499999999992,2482.6500000000115,1.0172895331826035,1.2916666666666667,1.1530660442888498,0.010752688172043,0.0120481927710843,0.0012955045990413,0.0,0.0,0.0,0.4561471787638202,0.0332400570022024,0.0332400570022024,False,False,0.9122943575276404,False
re2ob_checkoutservice_socket_1,socket,checkoutservice,direct::hipstershop.CurrencyService/Convert,hipstershop.CurrencyService/Convert (direct),Convert,1137,1080,5435.0,72550.20000000001,82726.40000000007,5601.5,89446.14999999998,99947.55,1.2328863324980492,1.5791666666666666,1.5003750937734432,0.0105540897097625,0.0583333333333333,0.0477792436235708,0.0,0.0,0.0,0.0534789515180925,0.0543584481579204,0.0543584481579204,False,False,0.2139158060723703,False
re2ob_checkoutservice_socket_2,socket,checkoutservice,frontend::AddItem+GetProduct,Add To Cart,AddItem+GetProduct,1036,973,8359.0,13064.25,54328.15000000006,8392.0,12982.199999999995,59340.91999999993,0.9937195016935526,1.439312686513251,1.351390765820508,0.0106177606177606,0.0113052415210688,0.0006874809033082,0.0,0.0,0.0,0.7181657504872656,0.0236451765228744,0.0236451765228744,False,False,1.0,False
re2ob_checkoutservice_socket_2,socket,checkoutservice,frontend::Convert+GetAds+GetCart+GetProduct+GetSupportedCurrencies+ListRecommendations,Product Detail View,Convert+GetAds+GetCart+GetProduct+GetSupportedCurrencies+ListRecommendations,4446,4404,44802.5,115860.75,192246.80000000005,44247.0,118922.99999999984,250778.22000000023,1.0264304348107522,6.176818729959376,6.116675162048836,0.0101214574898785,0.0127157129881925,0.002594255498314,0.0,0.0,0.0,0.2042203481548602,-0.020066358926964,0.0,False,False,0.9609305217315166,False
re2ob_checkoutservice_socket_2,socket,checkoutservice,frontend::Convert+GetAds+GetCart+GetSupportedCurrencies+ListProducts,Home Page View,Convert+GetAds+GetCart+GetSupportedCurrencies+ListProducts,1007,953,141690.0,284461.1,468157.4799999979,137256.0,320919.99999999994,589241.6800000006,1.128168315456841,1.3990230456745598,1.3236129494624298,0.0109235352532274,0.0188877229800629,0.0079641877268355,0.0,0.0,0.0,0.5029225518829425,-0.0299310909676336,0.0,False,False,1.0,False
re2ob_checkoutservice_socket_2,socket,checkoutservice,frontend::Convert+GetCart+GetProduct+GetQuote+GetSupportedCurrencies+ListRecommendations,Cart View,Convert+GetCart+GetProduct+GetQuote+GetSupportedCurrencies+ListRecommendations,2010,1930,81611.0,231939.9,302763.3200000001,75013.0,237022.0,435964.1700000004,1.0219112796030352,2.7924888995093,2.6805592785545533,0.0104477611940298,0.0155440414507772,0.0050962802567473,0.0,0.0,0.0,0.0160760818587804,-0.0487742633980357,0.0,False,False,0.0964564911526827,False
re2ob_checkoutservice_socket_2,socket,checkoutservice,frontend::Convert+GetCart+GetSupportedCurrencies+ListProducts,frontend::Convert+GetCart+GetSupportedCurrencies+ListProducts,Convert+GetCart+GetSupportedCurrencies+ListProducts,0,1,,,,193020.0,193020.0,193020.0,,0.0,0.0013888908179039,,,,,0.0,,,,0.0,True,False,,False
re2ob_checkoutservice_socket_2,socket,checkoutservice,frontend::GetProduct+GetSupportedCurrencies+ListRecommendations+PlaceOrder,Place Order,GetProduct+GetSupportedCurrencies+ListRecommendations+PlaceOrder,359,325,144408.0,277630.0999999999,357047.68000000063,168980.0,471975.0000000009,700890.32,1.7000137953341552,0.4987579676238003,0.4513895158187719,0.011142061281337,0.0984615384615384,0.0873194771802014,0.0,0.0,0.0,0.0002586040580639,0.1693421898435825,0.1693421898435825,False,False,0.0018102284064475,True
re2ob_checkoutservice_socket_2,socket,checkoutservice,frontend::PlaceOrder,frontend::PlaceOrder,PlaceOrder,0,2,,,,233843.0,282496.1,286820.82,,0.0,0.0027777816358078,,,,,0.0,,,,0.0,True,False,,False
re2ob_checkoutservice_socket_2,socket,checkoutservice,frontend::empty,frontend::empty,,828,800,320.5,977.5499999999998,1900.800000000003,348.0,1115.6999999999994,2542.06,1.14132269449133,1.150338710842637,1.1111126543231309,0.0108695652173913,0.02125,0.0103804347826086,0.0,0.0,0.0,0.1921861043463033,0.0476464371980676,0.0476464371980676,False,False,0.9609305217315166,False
re2ob_checkoutservice_socket_2,socket,checkoutservice,direct::hipstershop.CurrencyService/Convert,hipstershop.CurrencyService/Convert (direct),Convert,1240,1132,5457.5,71645.3,77630.76999999997,5442.5,77239.20000000001,98707.85000000012,1.078077696652816,1.7227294703440457,1.5722244058672303,0.0104838709677419,0.0485865724381625,0.0381027014704206,0.0,0.0,0.0,1.0,-0.0035606406018465,0.0,False,False,1.0,False
re2ob_checkoutservice_socket_3,socket,checkoutservice,frontend::AddItem+GetProduct,Add To Cart,AddItem+GetProduct,1026,1015,8137.5,13675.75,57979.0,8259.0,12508.999999999998,48680.76,0.9146847522073742,1.425081150454401,1.4097241801724725,0.0107212475633528,0.0039408866995073,-0.0067803608638454,0.0,0.0,0.0,0.0730820560154704,0.053455477774897,0.053455477774897,False,False,0.365410280077352,False
re2ob_checkoutservice_socket_3,socket,checkoutservice,frontend::Convert+GetAds+GetCart+GetProduct+GetSupportedCurrencies+ListRecommendations,Product Detail View,Convert+GetAds+GetCart+GetProduct+GetSupportedCurrencies+ListRecommendations,4409,4366,43799.0,119946.79999999992,328742.64000000025,44272.0,118101.25,217485.40000000436,0.9846135953606104,6.123959836601807,6.063897310968487,0.0102063960081651,0.0064131928538708,-0.0037932031542942,0.0,0.0,0.0,0.0924038303601831,0.0245755075379379,0.0245755075379379,False,False,0.3696153214407325,False
re2ob_checkoutservice_socket_3,socket,checkoutservice,frontend::Convert+GetAds+GetCart+GetSupportedCurrencies+ListProducts,Home Page View,Convert+GetAds+GetCart+GetSupportedCurrencies+ListProducts,1047,1006,138219.0,320590.5,550685.1999999995,137933.0,292502.5,389938.4000000003,0.9123866739656976,1.4542494780952806,1.397224162811337,0.0105062082139446,0.0029821073558648,-0.0075241008580797,0.0,0.0,0.0,1.0,-0.0008943473827521,0.0,False,False,1.0,False
re2ob_checkoutservice_socket_3,socket,checkoutservice,frontend::Convert+GetCart+GetProduct+GetQuote+GetSupportedCurrencies+ListRecommendations,Cart View,Convert+GetCart+GetProduct+GetQuote+GetSupportedCurrencies+ListRecommendations,1979,2032,81111.0,239984.7,327660.78000000067,81057.0,232540.25,291933.39000000013,0.9689794807752328,2.748767638157173,2.8222261419807526,0.0101061141990904,0.0063976377952755,-0.0037084764038148,0.0,0.0,0.0,1.0,0.0069571544524595,0.0069571544524595,False,False,1.0,False
re2ob_checkoutservice_socket_3,socket,checkoutservice,frontend::GetCart+GetProduct+GetSupportedCurrencies,frontend::GetCart+GetProduct+GetSupportedCurrencies,GetCart+GetProduct+GetSupportedCurrencies,0,1,,,,44405.0,44405.0,44405.0,,0.0,0.0013888908179039,,,,,0.0,,,,0.0,True,False,,False
re2ob_checkoutservice_socket_3,socket,checkoutservice,frontend::GetProduct+GetSupportedCurrencies+ListRecommendations+PlaceOrder,Place Order,GetProduct+GetSupportedCurrencies+ListRecommendations+PlaceOrder,334,339,146663.5,277679.7,606133.7300000008,186393.0,591847.4,748876.4800000003,2.131403195840387,0.4639153062882747,0.4708339872694267,0.0119760479041916,0.0383480825958702,0.0263720346916785,0.0,0.0,0.0,1.1856244682122648e-11,0.3065373677423912,0.3065373677423912,False,False,7.113746809273588e-11,True
re2ob_checkoutservice_socket_3,socket,checkoutservice,frontend::empty,frontend::empty,,847,799,332.0,1027.6999999999998,1784.3799999999983,344.0,1102.099999999999,2366.179999999998,1.0723946677045824,1.1764558815154753,1.109723763505227,0.0106257378984651,0.0175219023779724,0.0068961644795072,0.0,0.0,0.0,0.5881992575998001,0.0298838719591933,0.0298838719591933,False,False,1.0,False
re2ob_checkoutservice_socket_3,socket,checkoutservice,direct::hipstershop.CurrencyService/Convert,hipstershop.CurrencyService/Convert (direct),Convert,1157,1177,5183.0,72744.4,78760.00000000001,6237.0,96777.8,110052.92000000014,1.3303814451696627,1.6070359562141734,1.6347244926729063,0.010371650821089,0.1206457094307561,0.1102740586096671,0.0,0.0,0.0,1.1098868608758058e-17,0.2065936793438632,0.2065936793438632,False,False,7.769208026130641e-17,True
re2ob_currencyservice_cpu_1,cpu,currencyservice,frontend::AddItem+GetProduct,Add To Cart,AddItem+GetProduct,1017,943,8070.0,12312.59999999998,68436.6400000002,8000.0,13257.799999999996,74234.44000000054,1.0767668892029316,1.4126118317700151,1.309882318950094,0.0108161258603736,0.0106044538706256,-0.0002116719897479,0.0,0.0,0.0,0.3003744947124689,-0.0375660432248801,0.0,False,False,0.3156351634472089,False
re2ob_currencyservice_cpu_1,cpu,currencyservice,frontend::Convert+GetAds+GetCart+GetProduct+GetSupportedCurrencies+ListRecommendations,Product Detail View,Convert+GetAds+GetCart+GetProduct+GetSupportedCurrencies+ListRecommendations,4444,4296,43527.5,121055.49999999996,311543.7499999997,118822.5,237289.5,655753.7000000002,1.9601711611616168,6.17271089516809,5.967396015068508,0.0101260126012601,0.0321229050279329,0.0219968924266728,0.0,0.0,0.0,0.0,0.7340548824435515,0.7340548824435515,False,False,0.0,True
re2ob_currencyservice_cpu_1,cpu,currencyservice,frontend::Convert+GetAds+GetCart+GetSupportedCurrencies+ListProducts,Home Page View,Convert+GetAds+GetCart+GetSupportedCurrencies+ListProducts,1020,951,138241.5,305693.99999999994,518311.6099999974,403311.0,783832.5,1080992.5,2.5641082258729324,1.4167788283239091,1.320994788251897,0.0107843137254901,0.2218717139852786,0.2110874002597884,0.0,0.0,0.0,1.0480533701446114e-278,0.9291272344900106,0.9291272344900106,False,False,5.2402668507230576e-278,True
re2ob_currencyservice_cpu_1,cpu,currencyservice,frontend::Convert+GetCart+GetProduct+GetQuote+GetSupportedCurrencies+ListRecommendations,Cart View,Convert+GetCart+GetProduct+GetQuote+GetSupportedCurrencies+ListRecommendations,2029,1917,77642.0,236919.6,356960.00000000023,246339.0,502967.3999999997,822942.1199999998,2.122945505563912,2.8182786692835404,2.6628254564446765,0.0103499260719566,0.190923317683881,0.1805733916119244,0.0,0.0,0.0,0.0,0.8006079299299438,0.8006079299299438,False,False,0.0,True
re2ob_currencyservice_cpu_1,cpu,currencyservice,frontend::GetProduct+GetSupportedCurrencies+ListRecommendations+PlaceOrder,Place Order,GetProduct+GetSupportedCurrencies+ListRecommendations+PlaceOrder,355,317,134403.0,284937.60000000003,383196.0599999999,287501.0,493279.4,1074107.4399999976,1.7311839504509057,0.4930945922107722,0.4403315960839657,0.0112676056338028,0.2050473186119873,0.1937797129781845,0.0,0.0,0.0,7.87164423153363e-74,0.8132669836051007,0.8132669836051007,False,False,2.361493269460089e-73,True
re2ob_currencyservice_cpu_1,cpu,currencyservice,frontend::empty,frontend::empty,,814,769,348.0,1199.9499999999985,2326.880000000001,366.0,1479.7999999999984,3957.399999999912,1.2332180507521149,1.1306450649565314,1.0681861116358666,0.011056511056511,0.0208062418725617,0.0097497308160507,0.0,0.0,0.0,0.1578175817236044,0.0510315256739184,0.0510315256739184,False,False,0.3156351634472089,False
re2ob_currencyservice_cpu_1,cpu,currencyservice,direct::hipstershop.CurrencyService/Convert,hipstershop.CurrencyService/Convert (direct),Convert,1173,1083,5236.0,72957.8,80154.12,72779.0,93128.5,97550.6,1.2764707817395808,1.629295652572495,1.504350531731656,0.0102301790281329,0.3785780240073869,0.3683478449792539,0.0,0.0,0.0,3.7696280565625163e-109,0.5409069404790299,0.5409069404790299,False,False,1.5078512226250065e-108,True
re2ob_currencyservice_cpu_2,cpu,currencyservice,frontend::AddItem+GetProduct,Add To Cart,AddItem+GetProduct,1012,992,8164.5,14029.249999999958,57715.52999999999,8165.5,13920.09999999998,60991.02000000004,0.9922198264340588,1.4055965521216591,1.3777777777777778,0.0108695652173913,0.0151209677419354,0.0042514025245441,0.0,0.0,0.0,1.0,-0.0104013929618768,0.0,False,False,1.0,False
re2ob_currencyservice_cpu_2,cpu,currencyservice,frontend::Convert+GetAds+GetCart+GetProduct+GetSupportedCurrencies+ListRecommendations,Product Detail View,Convert+GetAds+GetCart+GetProduct+GetSupportedCurrencies+ListRecommendations,4304,4197,44464.5,115948.8,181962.39000000036,124202.0,254170.39999999976,693467.3999999998,2.1920916818457785,5.97795213471504,5.829166666666667,0.0102230483271375,0.2313557302835358,0.2211326819563983,0.0,0.0,0.0,0.0,0.7629521396501129,0.7629521396501129,False,False,0.0,True
re2ob_currencyservice_cpu_2,cpu,currencyservice,frontend::Convert+GetAds+GetCart+GetSupportedCurrencies+ListProducts,Home Page View,Convert+GetAds+GetCart+GetSupportedCurrencies+ListProducts,1036,953,141780.5,300073.75,406948.6500000007,435202.0,808355.2,1272088.4400000002,2.693855093956069,1.438930857705572,1.323611111111111,0.0106177606177606,0.5624344176285414,0.5518166570107808,0.0,0.0,0.0,3.927433491500042e-294,0.9505767197267724,0.9505767197267724,False,False,1.963716745750021e-293,True
re2ob_currencyservice_cpu_2,cpu,currencyservice,frontend::Convert+GetCart+GetProduct+GetQuote+GetSupportedCurrencies+ListRecommendations,Cart View,Convert+GetCart+GetProduct+GetQuote+GetSupportedCurrencies+ListRecommendations,2028,2012,87609.0,246720.4,335533.63000000006,252428.5,561257.7,934275.2399999996,2.274873500529344,2.816748821840637,2.7944444444444443,0.0103550295857988,0.2718687872763419,0.2615137576905431,0.0,0.0,0.0,0.0,0.7922957815238745,0.7922957815238745,False,False,0.0,True
re2ob_currencyservice_cpu_2,cpu,currencyservice,frontend::Convert+GetCart+GetProduct+GetSupportedCurrencies,frontend::Convert+GetCart+GetProduct+GetSupportedCurrencies,Convert+GetCart+GetProduct+GetSupportedCurrencies,0,1,,,,129276.0,129276.0,129276.0,,0.0,0.0013888888888888,,,,,0.0,,,,0.0,True,False,,False
re2ob_currencyservice_cpu_2,cpu,currencyservice,frontend::Convert+GetCart+GetProduct+GetSupportedCurrencies+ListRecommendations,frontend::Convert+GetCart+GetProduct+GetSupportedCurrencies+ListRecommendations,Convert+GetCart+GetProduct+GetSupportedCurrencies+ListRecommendations,0,1,,,,80252.0,80252.0,80252.0,,0.0,0.0013888888888888,,,,,0.0,,,,0.0,True,False,,False
re2ob_currencyservice_cpu_2,cpu,currencyservice,frontend::Convert+GetCart+GetSupportedCurrencies+ListProducts,frontend::Convert+GetCart+GetSupportedCurrencies+ListProducts,Convert+GetCart+GetSupportedCurrencies+ListProducts,0,1,,,,314136.0,314136.0,314136.0,,0.0,0.0013888888888888,,,,,0.0,,,,0.0,True,False,,False
re2ob_currencyservice_cpu_2,cpu,currencyservice,frontend::GetProduct+GetSupportedCurrencies+ListRecommendations+PlaceOrder,Place Order,GetProduct+GetSupportedCurrencies+ListRecommendations+PlaceOrder,314,318,145195.5,277752.49999999994,298977.75,287522.5,586049.2,1276831.8399999987,2.1099691271905745,0.4361238313895266,0.4416666666666666,0.0127388535031847,0.2924528301886792,0.2797139766854945,0.0,0.0,0.0,1.7389083564597226e-70,0.817720225934383,0.817720225934383,False,False,5.216725069379168e-70,True
re2ob_currencyservice_cpu_2,cpu,currencyservice,frontend::empty,frontend::empty,,851,811,355.0,1202.0,2011.5,373.0,1150.5,1889.699999999999,0.957154742096506,1.1819789188295768,1.1263888888888889,0.0105757931844888,0.0086313193588162,-0.0019444738256725,0.0,0.0,0.0,0.148271191842247,0.0506113790840108,0.0506113790840108,False,False,0.296542383684494,False
re2ob_currencyservice_cpu_2,cpu,currencyservice,direct::hipstershop.CurrencyService/Convert,hipstershop.CurrencyService/Convert (direct),Convert,1125,1115,5313.0,72292.0,80092.6,73200.0,94114.2,101529.38,1.3018618934321915,1.5625455742459151,1.5486111111111112,0.0106666666666666,0.3721973094170404,0.3615306427503737,0.0,0.0,0.0,5.145512570212896e-108,0.5395380169407076,0.5395380169407076,False,False,2.0582050280851584e-107,True
re2ob_currencyservice_cpu_3,cpu,currencyservice,frontend::AddItem+GetProduct,Add To Cart,AddItem+GetProduct,1031,987,8024.0,12048.5,51862.00000000011,8250.0,14915.899999999994,64484.25999999996,1.2379881313026513,1.4319464332589351,1.370865700995718,0.0106692531522793,0.0273556231003039,0.0166863699480246,0.0,0.0,0.0,9.065161211973728e-07,0.129745862065238,0.129745862065238,False,False,1.8130322423947456e-06,False
re2ob_currencyservice_cpu_3,cpu,currencyservice,frontend::Convert+GetAds+GetCart+GetProduct+GetSupportedCurrencies+ListRecommendations,Product Detail View,Convert+GetAds+GetCart+GetProduct+GetSupportedCurrencies+ListRecommendations,4406,4253,44051.5,118754.0,297348.2499999984,118978.0,239974.4,695094.8399999994,2.0207689846236754,6.119452943684644,5.907083917259158,0.010213345438039,0.0355043498706795,0.0252910044326404,0.0,0.0,0.0,0.0,0.7383222801047542,0.7383222801047542,False,False,0.0,True
re2ob_currencyservice_cpu_3,cpu,currencyservice,frontend::Convert+GetAds+GetCart+GetSupportedCurrencies+ListProducts,Home Page View,Convert+GetAds+GetCart+GetSupportedCurrencies+ListProducts,1025,931,140979.0,306972.1999999999,476510.3599999999,426199.0,856154.5,1267431.6000000047,2.7890294300265634,1.4236130883515117,1.2930860867548262,0.0107317073170731,0.3533834586466165,0.3426517513295433,0.0,0.0,0.0,4.168285820737735e-279,0.9338660239448796,0.9338660239448796,False,False,2.084142910368868e-278,True
re2ob_currencyservice_cpu_3,cpu,currencyservice,frontend::Convert+GetCart+GetProduct+GetQuote+GetSupportedCurrencies+ListRecommendations,Cart View,Convert+GetCart+GetProduct+GetQuote+GetSupportedCurrencies+ListRecommendations,2063,1981,79764.0,241450.2,363858.8399999994,246194.0,511664.0,788968.6000000002,2.119128499375855,2.865281757335774,2.7514538537715474,0.0101793504604944,0.1665825340737001,0.1564031836132057,0.0,0.0,0.0,0.0,0.7941165747406957,0.7941165747406957,False,False,0.0,True
re2ob_currencyservice_cpu_3,cpu,currencyservice,frontend::GetProduct+GetSupportedCurrencies+ListRecommendations+PlaceOrder,Place Order,GetProduct+GetSupportedCurrencies+ListRecommendations+PlaceOrder,357,322,139364.0,278969.8,368053.68,288258.0,575062.4499999993,1195655.36,2.061378866099482,0.4958340219916972,0.4472327818851279,0.011204481792717,0.2981366459627329,0.2869321641700158,0.0,0.0,0.0,3.7448662205997247e-69,0.7822259338518016,0.7822259338518016,False,False,1.1234598661799174e-68,True
re2ob_currencyservice_cpu_3,cpu,currencyservice,frontend::empty,frontend::empty,,822,765,330.5,1008.95,1400.4799999999996,373.0,1264.8,2276.5600000000018,1.2535804549283909,1.141668252317017,1.062525087397897,0.010948905109489,0.0392156862745098,0.0282667811650207,0.0,0.0,0.0,0.0006476392591608,0.104317542101999,0.104317542101999,False,False,0.0006476392591608,False
re2ob_currencyservice_cpu_3,cpu,currencyservice,direct::hipstershop.CurrencyService/Convert,hipstershop.CurrencyService/Convert (direct),Convert,1241,1116,5140.0,71381.0,77810.39999999997,73393.5,94832.25,103676.59999999996,1.3285363051792494,1.7236135050187569,1.5500365980863438,0.0104754230459307,0.4310035842293906,0.42052816118346,0.0,0.0,0.0,4.93423539161602e-122,0.5603455994269855,0.5603455994269855,False,False,1.973694156646408e-121,True
re2ob_currencyservice_delay_1,delay,currencyservice,frontend::AddItem+GetProduct,Add To Cart,AddItem+GetProduct,1013,904,8278.0,12357.6,47716.8,8136.5,10943.1,17749.040000000008,0.8855360264128955,1.4070108866252018,1.255614848478956,0.0108588351431391,0.0033185840707964,-0.0075402510723427,0.0,0.0,0.0,0.0007366512756516,-0.0941128165704251,0.0,False,False,0.0014733025513032,False
re2ob_currencyservice_delay_1,delay,currencyservice,frontend::Convert+GetAds+GetCart+GetProduct+GetSupportedCurrencies+ListRecommendations,Product Detail View,Convert+GetAds+GetCart+GetProduct+GetSupportedCurrencies+ListRecommendations,4410,3795,44517.5,121953.45000000006,310537.4899999999,441673.0,481325.3,546638.94,3.9467952731144527,6.125289249770128,5.271082245550485,0.010204081632653,0.999209486166008,0.9890054045333548,0.0,0.0,0.0,0.0,0.9851783735013548,0.9851783735013548,False,False,0.0,True
re2ob_currencyservice_delay_1,delay,currencyservice,frontend::Convert+GetAds+GetCart+GetSupportedCurrencies+ListProducts,Home Page View,Convert+GetAds+GetCart+GetSupportedCurrencies+ListProducts,1020,915,137672.0,322136.49999999994,538370.0599999992,2073573.0,2202209.9,2272719.98,6.836263198985524,1.4167335679740432,1.270893347741421,0.0107843137254901,0.9989071038251366,0.9881227900996464,0.0,0.0,0.0,0.0,0.9993614057644916,0.9993614057644916,False,False,0.0,True
re2ob_currencyservice_delay_1,delay,currencyservice,frontend::Convert+GetCart+GetProduct+GetQuote+GetSupportedCurrencies+ListRecommendations,Cart View,Convert+GetCart+GetProduct+GetQuote+GetSupportedCurrencies+ListRecommendations,1998,1779,80098.0,245549.8,352311.69,749536.0,1495257.7999999998,1725729.0000000007,6.089427887947781,2.7751310478550377,2.47095001708414,0.01001001001001,0.997751545812254,0.987741535802244,0.0,0.0,0.0,0.0,0.9955357268454514,0.9955357268454514,False,False,0.0,True
re2ob_currencyservice_delay_1,delay,currencyservice,frontend::Convert+GetCart+GetProduct+GetSupportedCurrencies,frontend::Convert+GetCart+GetProduct+GetSupportedCurrencies,Convert+GetCart+GetProduct+GetSupportedCurrencies,0,1,,,,439532.0,439532.0,439532.0,,0.0,0.0013889544784059,,,,,0.0,,,,0.0,True,False,,False
re2ob_currencyservice_delay_1,delay,currencyservice,frontend::Convert+GetCart+GetSupportedCurrencies+ListProducts,frontend::Convert+GetCart+GetSupportedCurrencies+ListProducts,Convert+GetCart+GetSupportedCurrencies+ListProducts,0,3,,,,1651329.0,2019303.9,2052012.78,,0.0,0.0041668634352177,,,,,0.0,,,,0.0,True,False,,False
re2ob_currencyservice_delay_1,delay,currencyservice,frontend::GetProduct+GetSupportedCurrencies,frontend::GetProduct+GetSupportedCurrencies,GetProduct+GetSupportedCurrencies,0,3,,,,445261.0,447195.1,447367.02,,0.0,0.0041668634352177,,,,,0.0,,,,0.0,True,False,,False
re2ob_currencyservice_delay_1,delay,currencyservice,frontend::GetProduct+GetSupportedCurrencies+ListRecommendations+PlaceOrder,Place Order,GetProduct+GetSupportedCurrencies+ListRecommendations+PlaceOrder,374,324,142066.0,283259.69999999995,374480.1299999997,873687.5,1551096.2499999995,1906046.63,5.475880437633733,0.5194689749238158,0.4500212510035196,0.0106951871657754,0.9969135802469136,0.986218393081138,0.0,0.0,0.0,2.554340690210056e-113,0.9933815276952532,0.9933815276952532,False,False,7.663022070630168e-113,True
re2ob_currencyservice_delay_1,delay,currencyservice,frontend::empty,frontend::empty,,821,738,355.0,1081.0,1985.1999999999985,357.5,1037.75,1876.28,0.959990749306198,1.1403316267712642,1.0250484050635724,0.0109622411693057,0.008130081300813,-0.0028321598684927,0.0,0.0,0.0,0.9987277832061244,0.019790459780359,0.019790459780359,False,False,0.9987277832061244,False
re2ob_currencyservice_delay_1,delay,currencyservice,direct::hipstershop.CurrencyService/Convert,hipstershop.CurrencyService/Convert (direct),Convert,1246,1062,5444.0,72564.75,81354.3,204929.0,224721.04999999996,272341.8000000001,3.096834895731053,1.730637280093782,1.475069656067092,0.0104333868378812,0.9981167608286252,0.987683373990744,0.0,0.0,0.0,0.0,0.9980502580007437,0.9980502580007437,False,False,0.0,True
re2ob_currencyservice_delay_2,delay,currencyservice,frontend::AddItem+GetProduct,Add To Cart,AddItem+GetProduct,1012,912,8079.0,23325.39999999992,57837.13999999999,8005.5,11155.099999999997,20414.50999999999,0.4782383153129221,1.405764467775072,1.2666877781296353,0.0108695652173913,0.0010964912280701,-0.0097730739893211,0.0,0.0,0.0,0.0643465274746585,-0.0564866340753068,0.0,False,False,0.0643465274746585,False
re2ob_currencyservice_delay_2,delay,currencyservice,frontend::Convert+GetAds+GetCart+GetProduct+GetSupportedCurrencies+ListRecommendations,Product Detail View,Convert+GetAds+GetCart+GetProduct+GetSupportedCurrencies+ListRecommendations,4400,3788,39549.0,76653.70000000006,180308.7900000008,440174.0,462133.55,750149.9400000011,6.028848574824172,6.112019425109009,5.26119879775774,0.01,0.999208025343189,0.989208025343189,0.0,0.0,0.0,0.0,0.9910835653259096,0.9910835653259096,False,False,0.0,True
re2ob_currencyservice_delay_2,delay,currencyservice,frontend::Convert+GetAds+GetCart+GetSupportedCurrencies+ListProducts,Home Page View,Convert+GetAds+GetCart+GetSupportedCurrencies+ListProducts,1074,878,56112.5,117539.5499999999,351581.80999999976,2061796.0,2335634.3,2493335.72,19.871050212460418,1.4918883778561536,1.2194647688572586,0.01024208566108,0.9977220956719818,0.9874800100109016,0.0,0.0,0.0,0.0,0.999007393644774,0.999007393644774,False,False,0.0,True
re2ob_currencyservice_delay_2,delay,currencyservice,frontend::Convert+GetCart+GetProduct+GetQuote+GetSupportedCurrencies+ListRecommendations,Cart View,Convert+GetCart+GetProduct+GetQuote+GetSupportedCurrencies+ListRecommendations,2050,1764,52548.0,113250.2,177115.84,850938.0,1683029.65,2092505.98,14.861162717593434,2.847645413971243,2.4500408340139,0.0102439024390243,0.9988662131519276,0.9886223107129032,0.0,0.0,0.0,0.0,0.9978087495160666,0.9978087495160666,False,False,0.0,True
re2ob_currencyservice_delay_2,delay,currencyservice,frontend::Convert+GetCart+GetProduct+GetSupportedCurrencies,frontend::Convert+GetCart+GetProduct+GetSupportedCurrencies,Convert+GetCart+GetProduct+GetSupportedCurrencies,0,3,,,,440707.0,443957.8,444246.76,,0.0,0.0041667361122685,,,,,0.0,,,,0.0,True,False,,False
re2ob_currencyservice_delay_2,delay,currencyservice,frontend::Convert+GetCart+GetSupportedCurrencies+ListProducts,frontend::Convert+GetCart+GetSupportedCurrencies+ListProducts,Convert+GetCart+GetSupportedCurrencies+ListProducts,0,1,,,,2054520.0,2054520.0,2054520.0,,0.0,0.0013889120374228,,,,,0.0,,,,0.0,True,False,,False
re2ob_currencyservice_delay_2,delay,currencyservice,frontend::GetProduct+GetSupportedCurrencies,frontend::GetProduct+GetSupportedCurrencies,GetProduct+GetSupportedCurrencies,0,1,,,,438999.0,438999.0,438999.0,,0.0,0.0013889120374228,,,,,0.0,,,,0.0,True,False,,False
re2ob_currencyservice_delay_2,delay,currencyservice,frontend::GetProduct+GetSupportedCurrencies+ListRecommendations+PlaceOrder,Place Order,GetProduct+GetSupportedCurrencies+ListRecommendations+PlaceOrder,345,304,73681.0,109757.4,171714.20000000007,872687.5,1705879.35,1927263.22,15.542271865040536,0.4792378867415018,0.4222292593765451,0.0115942028985507,1.0,0.9884057971014492,0.0,0.0,0.0,5.610555699172347e-107,1.0,1.0,False,False,1.6831667097517042e-106,True
re2ob_currencyservice_delay_2,delay,currencyservice,frontend::GetSupportedCurrencies,frontend::GetSupportedCurrencies,GetSupportedCurrencies,0,1,,,,1928047.0,1928047.0,1928047.0,,0.0,0.0013889120374228,,,,,0.0,,,,0.0,True,False,,False
re2ob_currencyservice_delay_2,delay,currencyservice,frontend::empty,frontend::empty,,880,718,304.0,917.1,1593.7700000000011,330.5,978.15,1592.0,1.0665685312397777,1.2224038850218018,0.9972388428696032,0.0102272727272727,0.0097493036211699,-0.0004779691061028,0.0,0.0,0.0,0.0144375496161665,0.0780308305900228,0.0780308305900228,False,False,0.028875099232333,False
re2ob_currencyservice_delay_2,delay,currencyservice,direct::hipstershop.CurrencyService/Convert,hipstershop.CurrencyService/Convert (direct),Convert,1184,1043,4085.0,6221.049999999999,8942.34,204541.0,207169.6,300176.2999999994,33.30138802935196,1.6446888634838788,1.4486352550320285,0.0101351351351351,1.0,0.9898648648648648,0.0,0.0,0.0,0.0,0.998327006296805,0.998327006296805,False,False,0.0,True
re2ob_currencyservice_delay_3,delay,currencyservice,frontend::AddItem+GetProduct,Add To Cart,AddItem+GetProduct,982,856,8012.5,14926.849999999991,49277.25999999996,8026.5,11215.25,46289.75000000006,0.7513474041743574,1.3640063449908186,1.1888888888888889,0.010183299389002,0.0093457943925233,-0.0008375049964786,0.0,0.0,0.0,1.0,0.0054437824771114,0.0054437824771114,False,False,1.0,False
re2ob_currencyservice_delay_3,delay,currencyservice,frontend::Convert+GetAds+GetCart+GetProduct+GetSupportedCurrencies+ListRecommendations,Product Detail View,Convert+GetAds+GetCart+GetProduct+GetSupportedCurrencies+ListRecommendations,4401,3641,39216.0,76415.0,212174.0,439740.0,477732.0,877411.7999999988,6.251809199764444,6.113026399495512,5.0569444444444445,0.0099977277891388,0.9967042021422686,0.9867064743531296,0.0,0.0,0.0,0.0,0.9918364537384796,0.9918364537384796,False,False,0.0,True
re2ob_currencyservice_delay_3,delay,currencyservice,frontend::Convert+GetAds+GetCart+GetSupportedCurrencies+ListProducts,Home Page View,Convert+GetAds+GetCart+GetSupportedCurrencies+ListProducts,1084,917,54780.5,121391.69999999998,767769.9200000016,2059270.0,2475676.8,2917867.2800000007,20.394119202548445,1.5056852117821258,1.273611111111111,0.0101476014760147,0.9956379498364232,0.9854903483604084,0.0,0.0,0.0,0.0,0.996963868221016,0.996963868221016,False,False,0.0,True
re2ob_currencyservice_delay_3,delay,currencyservice,frontend::Convert+GetCart+GetProduct+GetQuote+GetSupportedCurrencies+ListRecommendations,Cart View,Convert+GetCart+GetProduct+GetQuote+GetSupportedCurrencies+ListRecommendations,1988,1753,50810.5,115460.44999999995,353520.7799999999,848306.0,1676391.2,2030436.5600000017,14.519181243447438,2.761348893932533,2.4347222222222222,0.0100603621730382,0.9982886480319452,0.9882282858589072,0.0,0.0,0.0,0.0,0.9940349455546742,0.9940349455546742,False,False,0.0,True
re2ob_currencyservice_delay_3,delay,currencyservice,frontend::Convert+GetCart+GetProduct+GetSupportedCurrencies,frontend::Convert+GetCart+GetProduct+GetSupportedCurrencies,Convert+GetCart+GetProduct+GetSupportedCurrencies,0,3,,,,446073.0,447087.3,447177.46,,0.0,0.0041666666666666,,,,,0.0,,,,0.0,True,False,,False
re2ob_currencyservice_delay_3,delay,currencyservice,frontend::Convert+GetCart+GetProduct+GetSupportedCurrencies+ListRecommendations,frontend::Convert+GetCart+GetProduct+GetSupportedCurrencies+ListRecommendations,Convert+GetCart+GetProduct+GetSupportedCurrencies+ListRecommendations,0,2,,,,439638.0,441664.8,441844.96,,0.0,0.0027777777777777,,,,,0.0,,,,0.0,True,False,,False
re2ob_currencyservice_delay_3,delay,currencyservice,frontend::Convert+GetCart+GetSupportedCurrencies+ListProducts,frontend::Convert+GetCart+GetSupportedCurrencies+ListProducts,Convert+GetCart+GetSupportedCurrencies+ListProducts,0,3,,,,2074965.0,2077705.5,2077949.1,,0.0,0.0041666666666666,,,,,0.0,,,,0.0,True,False,,False
re2ob_currencyservice_delay_3,delay,currencyservice,frontend::GetProduct+GetSupportedCurrencies,frontend::GetProduct+GetSupportedCurrencies,GetProduct+GetSupportedCurrencies,0,3,,,,445402.0,447781.6,447993.12,,0.0,0.0041666666666666,,,,,0.0,,,,0.0,True,False,,False
re2ob_currencyservice_delay_3,delay,currencyservice,frontend::GetProduct+GetSupportedCurrencies+ListRecommendations+PlaceOrder,Place Order,GetProduct+GetSupportedCurrencies+ListRecommendations+PlaceOrder,342,303,74163.5,117375.75,212137.8399999989,873690.0,1705029.5,1929815.76,14.526250098508422,0.4750409063002647,0.4208333333333333,0.0116959064327485,0.9933993399339934,0.9817034335012448,0.0,0.0,0.0,8.923038099313002e-105,0.9923957308011504,0.9923957308011504,False,False,2.676911429793901e-104,True
re2ob_currencyservice_delay_3,delay,currencyservice,frontend::empty,frontend::empty,,871,775,304.0,876.5,1689.5999999999983,307.0,973.6,1584.6199999999997,1.110781517398745,1.2098264017179257,1.0763888888888888,0.010332950631458,0.0077419354838709,-0.0025910151475871,0.0,0.0,0.0,0.2477008983865283,0.0438857820080738,0.0438857820080738,False,False,0.4954017967730567,False
re2ob_currencyservice_delay_3,delay,currencyservice,direct::hipstershop.CurrencyService/Convert,hipstershop.CurrencyService/Convert (direct),Convert,1129,1058,4129.0,6396.6,14333.160000000007,204707.0,206883.45,390028.5600000006,32.34272113310196,1.5681905941900554,1.4694444444444446,0.0106288751107174,0.9914933837429112,0.9808645086321938,0.0,0.0,0.0,0.0,0.9884778506499052,0.9884778506499052,False,False,0.0,True
re2ob_currencyservice_disk_1,disk,currencyservice,frontend::AddItem+GetProduct,Add To Cart,AddItem+GetProduct,973,834,7698.0,10085.8,16895.039999999994,7752.5,15427.399999999974,820054.1799999991,1.5296158956156156,1.3515296732298503,1.1583735546373135,0.0102774922918807,0.0407673860911271,0.0304898937992463,0.0,0.0,0.0,0.5174262892906061,0.0307807197202156,0.0307807197202156,False,False,1.0,False
re2ob_currencyservice_disk_1,disk,currencyservice,frontend::Convert+GetAds+GetCart+GetProduct+GetSupportedCurrencies+ListRecommendations,Product Detail View,Convert+GetAds+GetCart+GetProduct+GetSupportedCurrencies+ListRecommendations,4298,3484,152775.0,312607.4,752909.2499999998,638313.5,1679763.1,2095257.300000002,5.373395191540571,5.97006632635344,4.839056911698322,0.0100046533271288,0.404707233065442,0.3947025797383131,0.0,0.0,0.0,0.0,0.90307002055264,0.90307002055264,False,False,0.0,True
re2ob_currencyservice_disk_1,disk,currencyservice,frontend::Convert+GetAds+GetCart+GetSupportedCurrencies+ListProducts,Home Page View,Convert+GetAds+GetCart+GetSupportedCurrencies+ListProducts,984,755,525776.5,1143687.8499999992,1527674.079999999,3344906.0,6548838.8,7632550.240000002,5.7260718473139365,1.3668090426086053,1.0486475224834195,0.0101626016260162,0.8357615894039735,0.8255989877779573,0.0,0.0,0.0,2.733660306699651e-265,0.9728126850804932,0.9728126850804932,False,False,1.0934641226798603e-264,True
re2ob_currencyservice_disk_1,disk,currencyservice,frontend::Convert+GetCart+GetProduct+GetQuote+GetSupportedCurrencies+ListRecommendations,Cart View,Convert+GetCart+GetProduct+GetQuote+GetSupportedCurrencies+ListRecommendations,1938,1654,258438.5,660113.15,964817.1099999998,1231079.0,3629961.4,4904739.560000002,5.498998770135089,2.6919470778206063,2.2973019896524183,0.0103199174406604,0.592503022974607,0.5821831055339465,0.0,0.0,0.0,0.0,0.8773767318930372,0.8773767318930372,False,False,0.0,True
re2ob_currencyservice_disk_1,disk,currencyservice,frontend::Convert+GetCart+GetProduct+GetSupportedCurrencies,frontend::Convert+GetCart+GetProduct+GetSupportedCurrencies,Convert+GetCart+GetProduct+GetSupportedCurrencies,0,1,,,,264368.0,264368.0,264368.0,,0.0,0.001388937115872,,,,,0.0,,,,0.0,True,False,,False
re2ob_currencyservice_disk_1,disk,currencyservice,frontend::GetProduct+GetSupportedCurrencies+ListRecommendations+PlaceOrder,Place Order,GetProduct+GetSupportedCurrencies+ListRecommendations+PlaceOrder,343,259,297709.0,794337.1,1251030.2199999986,1486659.0,3695947.7,4235108.839999999,4.652870550802676,0.4764385179011703,0.3597347130108684,0.0116618075801749,0.6138996138996139,0.602237806319439,0.0,0.0,0.0,1.2465502426314687e-77,0.8889201571417316,0.8889201571417316,False,False,3.739650727894406e-77,True
re2ob_currencyservice_disk_1,disk,currencyservice,frontend::PlaceOrder,frontend::PlaceOrder,PlaceOrder,0,1,,,,1189382.0,1189382.0,1189382.0,,0.0,0.001388937115872,,,,,0.0,,,,0.0,True,False,,False
re2ob_currencyservice_disk_1,disk,currencyservice,frontend::empty,frontend::empty,,797,642,306.0,722.3999999999999,1109.119999999999,293.5,695.6499999999995,1081.59,0.9629706533776295,1.1070597631697747,0.8916976283898747,0.0100376411543287,0.0093457943925233,-0.0006918467618053,0.0,0.0,0.0,0.6835805692408639,-0.0291181494467179,0.0,False,False,1.0,False
re2ob_currencyservice_disk_1,disk,currencyservice,direct::hipstershop.CurrencyService/Convert,hipstershop.CurrencyService/Convert (direct),Convert,1167,931,87334.0,100838.1,194309.64,297452.0,797437.5,1197178.9,7.908097237056231,1.6210021877278884,1.2931004548769054,0.0102827763496143,0.7540279269602578,0.7437451506106434,0.0,0.0,0.0,7.866040843277386e-284,0.9140939016656588,0.9140939016656588,False,False,3.9330204216386933e-283,True
re2ob_currencyservice_disk_2,disk,currencyservice,frontend::AddItem+GetProduct,Add To Cart,AddItem+GetProduct,1028,944,8160.5,13001.649999999998,54459.36000000002,8263.5,17709.84999999997,793359.6499999999,1.3621232689697056,1.4277777777777778,1.3111111111111111,0.0107003891050583,0.0275423728813559,0.0168419837762975,0.0,0.0,0.0,0.0472432080564512,0.0589191205566181,0.0589191205566181,False,False,0.0944864161129025,False
re2ob_currencyservice_disk_2,disk,currencyservice,frontend::Convert+GetAds+GetCart+GetProduct+GetSupportedCurrencies+ListRecommendations,Product Detail View,Convert+GetAds+GetCart+GetProduct+GetSupportedCurrencies+ListRecommendations,4391,4205,44581.0,118146.5,289639.5000000008,166652.0,396863.6,905176.4800000014,3.3590804636616403,6.098611111111111,5.840277777777778,0.0100204964700523,0.1079667063020214,0.097946209831969,0.0,0.0,0.0,0.0,0.8085542501132601,0.8085542501132601,False,False,0.0,True
re2ob_currencyservice_disk_2,disk,currencyservice,frontend::Convert+GetAds+GetCart+GetSupportedCurrencies+ListProducts,Home Page View,Convert+GetAds+GetCart+GetSupportedCurrencies+ListProducts,964,955,137251.5,320180.59999999986,770775.2400000001,636111.0,1352780.3999999997,1786669.24,4.225054235016113,1.3388888888888888,1.3263888888888888,0.0103734439834024,0.3633507853403141,0.3529773413569116,0.0,0.0,0.0,6.168180848782977e-265,0.9173698159935696,0.9173698159935696,False,False,3.084090424391489e-264,True
re2ob_currencyservice_disk_2,disk,currencyservice,frontend::Convert+GetCart+GetProduct+GetQuote+GetSupportedCurrencies+ListRecommendations,Cart View,Convert+GetCart+GetProduct+GetQuote+GetSupportedCurrencies+ListRecommendations,2026,1896,81864.5,235491.25,391579.25,261837.5,752243.75,1124995.5499999989,3.194359663044805,2.813888888888889,2.6333333333333333,0.0103652517275419,0.2663502109704641,0.2559849592429222,0.0,0.0,0.0,0.0,0.8017820027407416,0.8017820027407416,False,False,0.0,True
re2ob_currencyservice_disk_2,disk,currencyservice,frontend::Convert+GetCart+GetProduct+GetSupportedCurrencies,frontend::Convert+GetCart+GetProduct+GetSupportedCurrencies,Convert+GetCart+GetProduct+GetSupportedCurrencies,0,1,,,,179642.0,179642.0,179642.0,,0.0,0.0013888888888888,,,,,0.0,,,,0.0,True,False,,False
re2ob_currencyservice_disk_2,disk,currencyservice,frontend::GetCart+GetProduct+GetSupportedCurrencies,frontend::GetCart+GetProduct+GetSupportedCurrencies,GetCart+GetProduct+GetSupportedCurrencies,0,1,,,,226120.0,226120.0,226120.0,,0.0,0.0013888888888888,,,,,0.0,,,,0.0,True,False,,False
re2ob_currencyservice_disk_2,disk,currencyservice,frontend::GetProduct+GetSupportedCurrencies+ListRecommendations+PlaceOrder,Place Order,GetProduct+GetSupportedCurrencies+ListRecommendations+PlaceOrder,344,317,141054.5,272112.3999999999,346541.37999999954,298406.0,784559.4,1181466.8799999976,2.883218111339286,0.4777777777777778,0.4402777777777777,0.0116279069767441,0.4258675078864353,0.4142396009096911,0.0,0.0,0.0,2.0499800247763143e-77,0.8394651896412588,0.8394651896412588,False,False,6.149940074328942e-77,True
re2ob_currencyservice_disk_2,disk,currencyservice,frontend::PlaceOrder,frontend::PlaceOrder,PlaceOrder,0,1,,,,397893.0,397893.0,397893.0,,0.0,0.0013888888888888,,,,,0.0,,,,0.0,True,False,,False
re2ob_currencyservice_disk_2,disk,currencyservice,frontend::empty,frontend::empty,,793,788,340.0,1043.8,1490.4800000000043,359.0,1459.9,3239.0799999999995,1.3986395861276106,1.101388888888889,1.0944444444444446,0.0100882723833543,0.0456852791878172,0.0355970068044629,0.0,0.0,0.0,0.369075713359841,0.0385479545003553,0.0385479545003553,False,False,0.369075713359841,False
re2ob_currencyservice_disk_2,disk,currencyservice,direct::hipstershop.CurrencyService/Convert,hipstershop.CurrencyService/Convert (direct),Convert,1178,1083,5284.5,71331.59999999998,77794.29,82744.0,169639.99999999997,195160.12,2.3781886288825715,1.636111111111111,1.5041666666666669,0.0101867572156196,0.5817174515235457,0.571530694307926,0.0,0.0,0.0,1.559661794775364e-190,0.7163478797968919,0.7163478797968919,False,False,6.238647179101456e-190,True
re2ob_currencyservice_disk_3,disk,currencyservice,frontend::AddItem+GetProduct,Add To Cart,AddItem+GetProduct,1070,974,8240.5,12922.499999999996,57364.45999999991,8173.0,14321.44999999998,665198.1399999992,1.1082569162313785,1.4861111111111112,1.3527965666189807,0.0102803738317757,0.0225872689938398,0.0123068951620641,0.0,0.0,0.0,0.6239925570424671,-0.025858297031223,0.0,False,False,0.6239925570424671,False
re2ob_currencyservice_disk_3,disk,currencyservice,frontend::Convert+GetAds+GetCart+GetProduct+GetSupportedCurrencies+ListRecommendations,Product Detail View,Convert+GetAds+GetCart+GetProduct+GetSupportedCurrencies+ListRecommendations,4495,4271,44586.0,116868.6,229121.7800000037,169342.0,410641.0,787357.8000000003,3.5136982902165337,6.243055555555555,5.932026833706024,0.0100111234705228,0.2041676422383516,0.1941565187678288,0.0,0.0,0.0,0.0,0.8113517217418662,0.8113517217418662,False,False,0.0,True
re2ob_currencyservice_disk_3,disk,currencyservice,frontend::Convert+GetAds+GetCart+GetSupportedCurrencies+ListProducts,Home Page View,Convert+GetAds+GetCart+GetSupportedCurrencies+ListProducts,959,986,140294.0,283812.6,392897.23999999993,650960.5,1417299.75,1748376.8999999997,4.993787273715121,1.3319444444444444,1.369463464770344,0.0104275286757038,0.8062880324543611,0.7958605037786572,0.0,0.0,0.0,7.76078765138842e-278,0.9333674572270388,0.9333674572270388,False,False,3.880393825694209e-277,True
re2ob_currencyservice_disk_3,disk,currencyservice,frontend::Convert+GetCart+GetProduct+GetQuote+GetSupportedCurrencies+ListRecommendations,Cart View,Convert+GetCart+GetProduct+GetQuote+GetSupportedCurrencies+ListRecommendations,2024,1901,83737.5,235597.15,350412.26,278409.0,791787.0,1155916.0,3.360766460884608,2.811111111111111,2.640314448811789,0.0103754940711462,0.4171488690163072,0.4067733749451609,0.0,0.0,0.0,0.0,0.8168134412302241,0.8168134412302241,False,False,0.0,True
re2ob_currencyservice_disk_3,disk,currencyservice,frontend::Convert+GetCart+GetSupportedCurrencies+ListProducts,frontend::Convert+GetCart+GetSupportedCurrencies+ListProducts,Convert+GetCart+GetSupportedCurrencies+ListProducts,0,1,,,,601323.0,601323.0,601323.0,,0.0,0.0013889081792802,,,,,0.0,,,,0.0,True,False,,False
re2ob_currencyservice_disk_3,disk,currencyservice,frontend::GetProduct+GetSupportedCurrencies+ListRecommendations+PlaceOrder,Place Order,GetProduct+GetSupportedCurrencies+ListRecommendations+PlaceOrder,344,319,144032.0,285091.05,376040.06,385588.0,805946.0999999971,1192378.0,2.826977907584251,0.4777777777777778,0.4430617091904054,0.0116279069767441,0.5329153605015674,0.5212874535248232,0.0,0.0,0.0,9.575247796392708e-85,0.8776700444703653,0.8776700444703653,False,False,2.8725743389178126e-84,True
re2ob_currencyservice_disk_3,disk,currencyservice,frontend::empty,frontend::empty,,754,787,341.5,976.4,1616.760000000003,378.0,1527.7999999999995,2905.0199999999995,1.5647275706677586,1.0472222222222225,1.0930707370935708,0.0106100795755968,0.0432020330368487,0.0325919534612519,0.0,0.0,0.0,0.0018243925376024,0.0976039690056251,0.0976039690056251,False,False,0.0036487850752049,False
re2ob_currencyservice_disk_3,disk,currencyservice,direct::hipstershop.CurrencyService/Convert,hipstershop.CurrencyService/Convert (direct),Convert,1215,1138,5217.0,72409.8,80486.03999999995,83844.0,182264.84999999995,246957.6499999936,2.5171295874315347,1.6875,1.5805775080209448,0.0106995884773662,0.5905096660808435,0.5798100776034772,0.0,0.0,0.0,1.5413728479059323e-219,0.7539637078984862,0.7539637078984862,False,False,6.165491391623729e-219,True
re2ob_currencyservice_loss_1,loss,currencyservice,frontend::AddItem+GetProduct,Add To Cart,AddItem+GetProduct,999,667,7512.0,9967.799999999992,21865.499999999985,7914.0,69764.99999999999,695546.3600000024,6.999036898814186,1.3876194894560363,0.9265240069732392,0.01001001001001,0.095952023988006,0.0859420139779959,0.0,0.0,0.0,3.569026750517052e-25,0.3012322667495082,0.3012322667495082,False,False,7.138053501034104e-25,True
re2ob_currencyservice_loss_1,loss,currencyservice,frontend::Convert+GetAds+GetCart+GetProduct+GetSupportedCurrencies+ListRecommendations,Product Detail View,Convert+GetAds+GetCart+GetProduct+GetSupportedCurrencies+ListRecommendations,4295,1682,149358.0,300842.7,727295.3800000004,1154884.0,7007245.249999995,16493761.420000026,23.29205677917395,5.965791498712389,2.3364518436716466,0.0100116414435389,0.6896551724137931,0.6796435309702542,0.0,0.0,0.0,0.0,0.9600319205336516,0.9600319205336516,False,False,0.0,True
re2ob_currencyservice_loss_1,loss,currencyservice,frontend::Convert+GetAds+GetCart+GetSupportedCurrencies+ListProducts,Home Page View,Convert+GetAds+GetCart+GetSupportedCurrencies+ListProducts,949,352,512709.0,1058366.3999999994,1527380.3999999994,5130324.5,16388780.649999993,24652784.93,15.484978217373492,1.318169064558337,0.4889601955840782,0.0105374077976817,0.9488636363636364,0.9383262285659546,0.0,0.0,0.0,2.7641010600197404e-167,0.9945516811955168,0.9945516811955168,False,False,1.38205053000987e-166,True
re2ob_currencyservice_loss_1,loss,currencyservice,frontend::Convert+GetCart+GetProduct+GetQuote+GetSupportedCurrencies+ListRecommendations,Cart View,Convert+GetCart+GetProduct+GetQuote+GetSupportedCurrencies+ListRecommendations,1947,764,259932.0,592628.1999999995,912721.1399999992,2491576.5,15740435.05,53741455.36,26.560388199549084,2.70439954551642,1.061265879051806,0.0102722136620441,0.849476439790576,0.8392042261285318,0.0,0.0,0.0,0.0,0.9529279842528576,0.9529279842528576,False,False,0.0,True
re2ob_currencyservice_loss_1,loss,currencyservice,frontend::Convert+GetCart+GetProduct+GetSupportedCurrencies,frontend::Convert+GetCart+GetProduct+GetSupportedCurrencies,Convert+GetCart+GetProduct+GetSupportedCurrencies,0,64,,,,4702789.0,51028494.85,51847501.6,,0.0,0.0889018537425596,,,,,0.0,,,,0.0,True,False,,False
re2ob_currencyservice_loss_1,loss,currencyservice,frontend::Convert+GetCart+GetSupportedCurrencies+ListProducts,frontend::Convert+GetCart+GetSupportedCurrencies+ListProducts,Convert+GetCart+GetSupportedCurrencies+ListProducts,0,38,,,,7457210.5,53501061.15,54490197.24,,0.0,0.0527854756596448,,,,,0.0,,,,0.0,True,False,,False
re2ob_currencyservice_loss_1,loss,currencyservice,frontend::GetProduct+GetSupportedCurrencies,frontend::GetProduct+GetSupportedCurrencies,GetProduct+GetSupportedCurrencies,0,1232,,,,4156.0,5455.300000000001,752620.610000002,,0.0,1.711360684544274,,,,,0.0,,,,0.0,True,False,,False
re2ob_currencyservice_loss_1,loss,currencyservice,frontend::GetProduct+GetSupportedCurrencies+ListRecommendations+PlaceOrder,Place Order,GetProduct+GetSupportedCurrencies+ListRecommendations+PlaceOrder,358,101,296297.5,692159.4,1124905.140000002,2321877.0,9889718.0,15509486.0,14.288208756537871,0.4972650422675286,0.140298237937477,0.0111731843575419,0.8712871287128713,0.8601139443553294,0.0,0.0,0.0,7.553960606615138e-51,0.9797002046573372,0.9797002046573372,False,False,3.021584242646056e-50,True
re2ob_currencyservice_loss_1,loss,currencyservice,frontend::GetSupportedCurrencies,frontend::GetSupportedCurrencies,GetSupportedCurrencies,0,831,,,,1360.0,1980.5,408403.7000000261,,0.0,1.1543350071885483,,,,,0.0,,,,0.0,True,False,,False
re2ob_currencyservice_loss_1,loss,currencyservice,frontend::PlaceOrder,frontend::PlaceOrder,PlaceOrder,0,100,,,,11248.0,18765.6,2362347.870000005,,0.0,0.1389091464727495,,,,,0.0,,,,0.0,True,False,,False
re2ob_currencyservice_loss_1,loss,currencyservice,frontend::empty,frontend::empty,,783,573,284.0,730.6999999999995,1101.7599999999984,293.0,778.3999999999999,1266.4799999999968,1.065279868619133,1.0875936538979745,0.7959494092888546,0.0102171136653895,0.0139616055846422,0.0037444919192527,0.0,0.0,0.0,0.2648580198050441,0.0477757049340368,0.0477757049340368,False,False,0.2648580198050441,False
re2ob_currencyservice_loss_1,loss,currencyservice,direct::hipstershop.CurrencyService/Convert,hipstershop.CurrencyService/Convert (direct),Convert,1186,526,85448.0,99259.75,190345.0000000001,215349.5,1673331.25,3906095.75,16.858104619445445,1.6473640785734327,0.7306621104466624,0.0101180438448566,0.5304182509505704,0.5203002071057137,0.0,0.0,0.0,6.286151987003566e-34,0.3690729614834669,0.3690729614834669,False,False,1.8858455961010694e-33,True
re2ob_currencyservice_loss_2,loss,currencyservice,frontend::AddItem+GetProduct,Add To Cart,AddItem+GetProduct,1049,731,8059.0,12374.199999999975,52390.4,9628.0,75581.5,105460.30000000002,6.107990819608553,1.4569444444444444,1.0154695887000875,0.0104861773117254,0.1053351573187414,0.094848980007016,0.0,0.0,0.0,1.569487531782005e-65,0.4768296038569728,0.4768296038569728,False,False,3.1389750635640095e-65,True
re2ob_currencyservice_loss_2,loss,currencyservice,frontend::Convert+GetAds+GetCart+GetProduct+GetSupportedCurrencies+ListRecommendations,Product Detail View,Convert+GetAds+GetCart+GetProduct+GetSupportedCurrencies+ListRecommendations,4448,3380,39977.0,87938.34999999989,322558.4499999998,454268.5,4042712.799999997,12545196.490000004,45.97212478969645,6.177777777777778,4.695331340364291,0.0101169064748201,0.607396449704142,0.5972795432293219,0.0,0.0,0.0,0.0,0.9299062007790218,0.9299062007790218,False,False,0.0,True
re2ob_currencyservice_loss_2,loss,currencyservice,frontend::Convert+GetAds+GetCart+GetSupportedCurrencies+ListProducts,Home Page View,Convert+GetAds+GetCart+GetSupportedCurrencies+ListProducts,1049,831,56403.0,128515.59999999992,570503.6399999994,1487118.0,8168351.0,26702732.900000025,63.55921771364725,1.4569444444444444,1.1543847171132324,0.0104861773117254,0.8543922984356197,0.8439061211238943,0.0,0.0,0.0,1.2751763025448768e-294,0.9843642274632078,0.9843642274632078,False,False,6.375881512724384e-294,True
re2ob_currencyservice_loss_2,loss,currencyservice,frontend::Convert+GetCart+GetProduct+GetQuote+GetSupportedCurrencies+ListRecommendations,Cart View,Convert+GetCart+GetProduct+GetQuote+GetSupportedCurrencies+ListRecommendations,2053,1517,52982.0,128286.6,397640.92000000016,731173.0,4257262.800000002,14144751.959999988,33.185561079645126,2.8513888888888888,2.107342498027405,0.0102289332683877,0.7066578773895847,0.696428944121197,0.0,0.0,0.0,0.0,0.9379071609596838,0.9379071609596838,False,False,0.0,True
re2ob_currencyservice_loss_2,loss,currencyservice,frontend::GetProduct+GetSupportedCurrencies,frontend::GetProduct+GetSupportedCurrencies,GetProduct+GetSupportedCurrencies,0,16,,,,4718.5,1188240.0,1433877.6,,0.0,0.0222264205461031,,,,,0.0,,,,0.0,True,False,,False
re2ob_currencyservice_loss_2,loss,currencyservice,frontend::GetProduct+GetSupportedCurrencies+ListRecommendations+PlaceOrder,Place Order,GetProduct+GetSupportedCurrencies+ListRecommendations+PlaceOrder,360,228,73501.0,113206.45000000004,150695.49000000005,643583.5,2363929.9499999965,11780412.419999938,20.88158360234771,0.5,0.3167264927819699,0.0111111111111111,0.9429824561403508,0.93187134502924,0.0,0.0,0.0,2.1197125093754187e-86,0.9652534113060428,0.9652534113060428,False,False,6.359137528126256e-86,True
re2ob_currencyservice_loss_2,loss,currencyservice,frontend::GetSupportedCurrencies,frontend::GetSupportedCurrencies,GetSupportedCurrencies,0,14,,,,2179.5,1257898.9499999995,1514257.3899999997,,0.0,0.0194481179778402,,,,,0.0,,,,0.0,True,False,,False
re2ob_currencyservice_loss_2,loss,currencyservice,frontend::empty,frontend::empty,,865,722,324.0,897.7999999999995,1753.4800000000002,338.0,810.8499999999998,1491.359999999997,0.9031521496992652,1.2013888888888888,1.0029672271429046,0.0104046242774566,0.0069252077562326,-0.0034794165212239,0.0,0.0,0.0,0.2154174258929223,0.0468320176772933,0.0468320176772933,False,False,0.2154174258929223,False
re2ob_currencyservice_loss_2,loss,currencyservice,direct::hipstershop.CurrencyService/Convert,hipstershop.CurrencyService/Convert (direct),Convert,1212,792,4016.0,6469.600000000001,9812.990000000029,20374.5,574697.7999999926,1385261.2400000023,88.83049956720546,1.6833333333333331,1.100207817032106,0.0107260726072607,0.5631313131313131,0.5524052405240524,0.0,0.0,0.0,8.114121460219218e-210,0.8162660016001599,0.8162660016001599,False,False,3.245648584087688e-209,True
re2ob_currencyservice_loss_3,loss,currencyservice,frontend::AddItem+GetProduct,Add To Cart,AddItem+GetProduct,1000,750,8200.5,13305.6,56980.35999999999,9860.5,82987.79999999999,549579.0699999996,6.23705808080808,1.3893327035025078,1.0418171513663086,0.01,0.1,0.09,0.0,0.0,0.0,1.2688864743295417e-65,0.4784133333333333,0.4784133333333333,False,False,2.537772948659084e-65,True
re2ob_currencyservice_loss_3,loss,currencyservice,frontend::Convert+GetAds+GetCart+GetProduct+GetSupportedCurrencies+ListRecommendations,Product Detail View,Convert+GetAds+GetCart+GetProduct+GetSupportedCurrencies+ListRecommendations,4401,3201,44169.0,119549.0,290727.0,455114.0,4047918.0,27080041.0,33.85990681645183,6.114453228114537,4.446475602031405,0.0099977277891388,0.6394876601062168,0.629489932317078,0.0,0.0,0.0,0.0,0.8934756883020749,0.8934756883020749,False,False,0.0,True
re2ob_currencyservice_loss_3,loss,currencyservice,frontend::Convert+GetAds+GetCart+GetSupportedCurrencies+ListProducts,Home Page View,Convert+GetAds+GetCart+GetSupportedCurrencies+ListProducts,1000,714,138964.5,303706.3,514881.9199999999,1417875.5,6956784.650000004,26688309.370000005,22.906290221836045,1.3893327035025078,0.9918099281007258,0.01,0.8669467787114846,0.8569467787114846,0.0,0.0,0.0,1.3177454708706712e-256,0.9687927170868348,0.9687927170868348,False,False,6.588727354353357e-256,True
re2ob_currencyservice_loss_3,loss,currencyservice,frontend::Convert+GetCart+GetProduct+GetQuote+GetSupportedCurrencies+ListRecommendations,Cart View,Convert+GetCart+GetProduct+GetQuote+GetSupportedCurrencies+ListRecommendations,2026,1513,84120.5,242545.0,367073.75,754355.0,4779795.599999973,27101595.39999996,19.70684038013553,2.814788057296081,2.101692466689633,0.0103652517275419,0.7633840052875083,0.7530187535599663,0.0,0.0,0.0,0.0,0.9047902710891916,0.9047902710891916,False,False,0.0,True
re2ob_currencyservice_loss_3,loss,currencyservice,frontend::Convert+GetCart+GetProduct+GetSupportedCurrencies,frontend::Convert+GetCart+GetProduct+GetSupportedCurrencies,Convert+GetCart+GetProduct+GetSupportedCurrencies,0,9,,,,1646155.0,2902345.8,2922146.76,,0.0,0.0125018058163957,,,,,0.0,,,,0.0,True,False,,False
re2ob_currencyservice_loss_3,loss,currencyservice,frontend::Convert+GetCart+GetSupportedCurrencies+ListProducts,frontend::Convert+GetCart+GetSupportedCurrencies+ListProducts,Convert+GetCart+GetSupportedCurrencies+ListProducts,0,5,,,,2036410.0,2497260.2,2588129.64,,0.0,0.0069454476757753,,,,,0.0,,,,0.0,True,False,,False
re2ob_currencyservice_loss_3,loss,currencyservice,frontend::GetProduct+GetSupportedCurrencies,frontend::GetProduct+GetSupportedCurrencies,GetProduct+GetSupportedCurrencies,0,6,,,,617650.5,803406.25,821455.65,,0.0,0.0083345372109304,,,,,0.0,,,,0.0,True,False,,False
re2ob_currencyservice_loss_3,loss,currencyservice,frontend::GetProduct+GetSupportedCurrencies+ListRecommendations+PlaceOrder,Place Order,GetProduct+GetSupportedCurrencies+ListRecommendations+PlaceOrder,329,246,146072.0,282515.6,356982.63999999873,659122.0,4773126.25,9591925.400000049,16.895089156138635,0.457090459452325,0.3417160256481492,0.0121580547112462,0.7520325203252033,0.7398744656139571,0.0,0.0,0.0,2.899731166928369e-78,0.9140040032619172,0.9140040032619172,False,False,8.699193500785109e-78,True
re2ob_currencyservice_loss_3,loss,currencyservice,frontend::GetSupportedCurrencies,frontend::GetSupportedCurrencies,GetSupportedCurrencies,0,4,,,,1228215.0,2468055.4,2469983.08,,0.0,0.0055563581406203,,,,,0.0,,,,0.0,True,False,,False
re2ob_currencyservice_loss_3,loss,currencyservice,frontend::PlaceOrder,frontend::PlaceOrder,PlaceOrder,0,1,,,,17525.0,17525.0,17525.0,,0.0,0.001389089535155,,,,,0.0,,,,0.0,True,False,,False
re2ob_currencyservice_loss_3,loss,currencyservice,frontend::empty,frontend::empty,,793,635,352.0,1128.8,2062.080000000002,369.0,1131.1999999999994,2359.4399999999987,1.002126151665485,1.1017408338774888,0.8820718548234745,0.0100882723833543,0.0173228346456692,0.0072345622623149,0.0,0.0,0.0,1.0,0.0059258670850255,0.0059258670850255,False,False,1.0,False
re2ob_currencyservice_loss_3,loss,currencyservice,direct::hipstershop.CurrencyService/Convert,hipstershop.CurrencyService/Convert (direct),Convert,1149,863,5237.0,70881.79999999999,77408.59999999999,30324.0,641240.6,3965229.179999999,9.046618454948945,1.5963432763243814,1.1987842688388324,0.010443864229765,0.3650057937427578,0.3545619295129928,0.0,0.0,0.0,1.7692559638549395e-87,0.5166525983095784,0.5166525983095784,False,False,7.077023855419758e-87,True
re2ob_currencyservice_mem_1,mem,currencyservice,frontend::AddItem+GetProduct,Add To Cart,AddItem+GetProduct,983,845,8242.0,12005.2,25480.859999999982,8964.0,49671.99999999996,784848.719999998,4.137540399160361,1.3654636325499858,1.17362415137946,0.0101729399796541,0.0650887573964497,0.0549158174167955,0.0,0.0,0.0,1.7181410346349038e-29,0.3071469417975405,0.3071469417975405,False,False,3.4362820692698077e-29,True
re2ob_currencyservice_mem_1,mem,currencyservice,frontend::Convert+GetAds+GetCart+GetProduct+GetSupportedCurrencies+ListRecommendations,Product Detail View,Convert+GetAds+GetCart+GetProduct+GetSupportedCurrencies+ListRecommendations,4472,3804,49756.5,131256.8,255315.24999999988,485119.0,1405985.2499999998,1740318.1099999987,10.711713602647633,6.211956627429844,5.283392037689308,0.0100626118067978,0.7000525762355415,0.6899899644287436,0.0,0.0,0.0,0.0,0.969306388718024,0.969306388718024,False,False,0.0,True
re2ob_currencyservice_mem_1,mem,currencyservice,frontend::Convert+GetAds+GetCart+GetSupportedCurrencies+ListProducts,Home Page View,Convert+GetAds+GetCart+GetSupportedCurrencies+ListProducts,1009,858,187649.0,404688.79999999993,649798.9999999998,1854157.0,3719584.6,4238505.229999998,9.191221995765636,1.4015796594536478,1.1916799075545284,0.0109018830525272,0.9382284382284384,0.927326555175911,0.0,0.0,0.0,5.2993103033281546e-301,0.9950191862976798,0.9950191862976798,False,False,2.649655151664078e-300,True
re2ob_currencyservice_mem_1,mem,currencyservice,frontend::Convert+GetCart+GetProduct+GetQuote+GetSupportedCurrencies+ListRecommendations,Cart View,Convert+GetCart+GetProduct+GetQuote+GetSupportedCurrencies+ListRecommendations,1933,1727,109604.0,275297.19999999995,458942.68000000046,584822.0,2042937.6,2817460.68,7.420844091403762,2.6850876924914777,2.3986377626418074,0.0103466114847387,0.5929357266936884,0.5825891152089497,0.0,0.0,0.0,0.0,0.9247498195933188,0.9247498195933188,False,False,0.0,True
re2ob_currencyservice_mem_1,mem,currencyservice,frontend::Convert+GetCart+GetProduct+GetSupportedCurrencies,frontend::Convert+GetCart+GetProduct+GetSupportedCurrencies,Convert+GetCart+GetProduct+GetSupportedCurrencies,0,2,,,,1368980.0,1382453.0,1383650.6,,0.0,0.0027778086423182,,,,,0.0,,,,0.0,True,False,,False
re2ob_currencyservice_mem_1,mem,currencyservice,frontend::Convert+GetCart+GetSupportedCurrencies+ListProducts,frontend::Convert+GetCart+GetSupportedCurrencies+ListProducts,Convert+GetCart+GetSupportedCurrencies+ListProducts,0,3,,,,2165448.0,2197099.2,2199912.64,,0.0,0.0041667129634773,,,,,0.0,,,,0.0,True,False,,False
re2ob_currencyservice_mem_1,mem,currencyservice,frontend::GetProduct+GetSupportedCurrencies,frontend::GetProduct+GetSupportedCurrencies,GetProduct+GetSupportedCurrencies,0,3,,,,1348857.0,1370865.6,1372821.92,,0.0,0.0041667129634773,,,,,0.0,,,,0.0,True,False,,False
re2ob_currencyservice_mem_1,mem,currencyservice,frontend::GetProduct+GetSupportedCurrencies+ListRecommendations+PlaceOrder,Place Order,GetProduct+GetSupportedCurrencies+ListRecommendations+PlaceOrder,319,301,180510.0,301475.1999999997,491823.62,591448.0,2201730.0,3598062.0,7.303187791234576,0.4431158685487746,0.4180602006688963,0.012539184952978,0.5681063122923588,0.5555671273393807,0.0,0.0,0.0,1.896139072662833e-88,0.9273685416428,0.9273685416428,False,False,5.688417217988499e-88,True
re2ob_currencyservice_mem_1,mem,currencyservice,frontend::GetSupportedCurrencies,frontend::GetSupportedCurrencies,GetSupportedCurrencies,0,2,,,,1804906.0,1807978.6,1808251.72,,0.0,0.0027778086423182,,,,,0.0,,,,0.0,True,False,,False
re2ob_currencyservice_mem_1,mem,currencyservice,frontend::empty,frontend::empty,,829,721,315.0,813.0,1338.920000000005,311.0,804.0,1286.7999999999945,0.988929889298893,1.1515456270436808,1.0014000155557286,0.0108564535585042,0.0097087378640776,-0.0011477156944265,0.0,0.0,0.0,1.0,0.0169865268885025,0.0169865268885025,False,False,1.0,False
re2ob_currencyservice_mem_1,mem,currencyservice,direct::hipstershop.CurrencyService/Convert,hipstershop.CurrencyService/Convert (direct),Convert,1100,1008,5561.5,82291.1,89312.41,95640.0,1101656.15,1196888.35,13.387306160690525,1.5279857536164645,1.400015555728397,0.01,0.6994047619047619,0.6894047619047619,0.0,0.0,0.0,9.533637383185244e-271,0.8857061688311689,0.8857061688311689,False,False,3.813454953274098e-270,True
re2ob_currencyservice_mem_2,mem,currencyservice,frontend::AddItem+GetProduct,Add To Cart,AddItem+GetProduct,983,933,8110.0,15201.19999999999,61194.67999999965,9005.0,35820.2,611026.7599999999,2.3564060732047483,1.365281570226584,1.295836932880369,0.0101729399796541,0.0289389067524115,0.0187659667727574,0.0,0.0,0.0,2.2076371110255527e-28,0.2932946914262724,0.2932946914262724,False,False,4.415274222051105e-28,True
re2ob_currencyservice_mem_2,mem,currencyservice,frontend::Convert+GetAds+GetCart+GetProduct+GetSupportedCurrencies+ListRecommendations,Product Detail View,Convert+GetAds+GetCart+GetProduct+GetSupportedCurrencies+ListRecommendations,4380,3925,41544.5,110533.40000000002,297156.64000000013,324343.0,1057059.9999999995,1310011.759999999,9.563263230842436,6.083350231528421,5.451404031677866,0.0100456621004566,0.5245859872611465,0.5145403251606898,0.0,0.0,0.0,0.0,0.9500356571561528,0.9500356571561528,False,False,0.0,True
re2ob_currencyservice_mem_2,mem,currencyservice,frontend::Convert+GetAds+GetCart+GetSupportedCurrencies+ListProducts,Home Page View,Convert+GetAds+GetCart+GetSupportedCurrencies+ListProducts,998,917,122166.5,270292.25,427961.58,1205978.0,2245111.3999999994,2849640.560000001,8.30623667530238,1.3861149614304484,1.2736146489295803,0.0100200400801603,0.9323882224645584,0.922368182384398,0.0,0.0,0.0,9.25371405658739e-307,0.9895100998070296,0.9895100998070296,False,False,4.626857028293695e-306,True
re2ob_currencyservice_mem_2,mem,currencyservice,frontend::Convert+GetCart+GetProduct+GetQuote+GetSupportedCurrencies+ListRecommendations,Cart View,Convert+GetCart+GetProduct+GetQuote+GetSupportedCurrencies+ListRecommendations,2010,1830,72070.0,214172.4999999999,311749.38000000047,426025.5,1459707.35,1837619.86,6.815568525370908,2.7916744213178366,2.5416737268714638,0.0104477611940298,0.6453551912568306,0.6349074300628007,0.0,0.0,0.0,0.0,0.938386754750836,0.938386754750836,False,False,0.0,True
re2ob_currencyservice_mem_2,mem,currencyservice,frontend::Convert+GetCart+GetProduct+GetSupportedCurrencies,frontend::Convert+GetCart+GetProduct+GetSupportedCurrencies,Convert+GetCart+GetProduct+GetSupportedCurrencies,0,1,,,,138704.0,138704.0,138704.0,,0.0,0.0013888927469242,,,,,0.0,,,,0.0,True,False,,False
re2ob_currencyservice_mem_2,mem,currencyservice,frontend::Convert+GetCart+GetSupportedCurrencies+ListProducts,frontend::Convert+GetCart+GetSupportedCurrencies+ListProducts,Convert+GetCart+GetSupportedCurrencies+ListProducts,0,3,,,,970087.0,1509809.8,1557785.16,,0.0,0.0041666782407728,,,,,0.0,,,,0.0,True,False,,False
re2ob_currencyservice_mem_2,mem,currencyservice,frontend::GetCart+GetSupportedCurrencies+ListRecommendations,frontend::GetCart+GetSupportedCurrencies+ListRecommendations,GetCart+GetSupportedCurrencies+ListRecommendations,0,1,,,,145444.0,145444.0,145444.0,,0.0,0.0013888927469242,,,,,0.0,,,,0.0,True,False,,False
re2ob_currencyservice_mem_2,mem,currencyservice,frontend::GetProduct+GetSupportedCurrencies+ListRecommendations+PlaceOrder,Place Order,GetProduct+GetSupportedCurrencies+ListRecommendations+PlaceOrder,317,311,138455.0,265274.8,356868.0399999988,392106.0,1697090.5,2301126.6,6.397481027221583,0.4402790007750021,0.4319456442934563,0.0126182965299684,0.5627009646302251,0.5500826681002566,0.0,0.0,0.0,4.298598979412144e-90,0.9297676164200148,0.9297676164200148,False,False,1.2895796938236433e-89,True
re2ob_currencyservice_mem_2,mem,currencyservice,frontend::empty,frontend::empty,,794,768,331.0,814.6999999999998,2286.929999999988,355.0,855.9499999999999,1389.6400000000003,1.0506321345280474,1.1027808410578916,1.06666962963786,0.0100755667506297,0.00390625,-0.0061693167506297,0.0,0.0,0.0,0.041403046336226,0.0676214184508816,0.0676214184508816,False,False,0.041403046336226,False
re2ob_currencyservice_mem_2,mem,currencyservice,direct::hipstershop.CurrencyService/Convert,hipstershop.CurrencyService/Convert (direct),Convert,1119,1080,5007.0,71653.19999999998,77293.53999999996,85782.5,892684.1,1000656.64,12.458398229248662,1.5541709838082882,1.5000041666782409,0.0107238605898123,0.6833333333333333,0.672609472743521,0.0,0.0,0.0,1.3717799210110796e-241,0.8181627114156158,0.8181627114156158,False,False,5.4871196840443184e-241,True
re2ob_currencyservice_mem_3,mem,currencyservice,frontend::AddItem+GetProduct,Add To Cart,AddItem+GetProduct,1020,876,8252.5,15494.799999999976,591565.7599999662,8761.5,54962.0,613836.25,3.547125487260247,1.4166666666666667,1.216756233444962,0.0107843137254901,0.0125570776255707,0.0017727639000805,0.0,0.0,0.0,1.701695966933237e-13,0.1985137433969022,0.1985137433969022,False,False,3.403391933866474e-13,True
re2ob_currencyservice_mem_3,mem,currencyservice,frontend::Convert+GetAds+GetCart+GetProduct+GetSupportedCurrencies+ListRecommendations,Product Detail View,Convert+GetAds+GetCart+GetProduct+GetSupportedCurrencies+ListRecommendations,4415,3885,44634.0,120795.90000000004,425739.7599999939,383073.0,1089931.0,1283362.759999999,9.022913857175611,6.131944444444445,5.396230555860362,0.0101925254813137,0.4702702702702703,0.4600777447889566,0.0,0.0,0.0,0.0,0.9550693421135096,0.9550693421135096,False,False,0.0,True
re2ob_currencyservice_mem_3,mem,currencyservice,frontend::Convert+GetAds+GetCart+GetSupportedCurrencies+ListProducts,Home Page View,Convert+GetAds+GetCart+GetSupportedCurrencies+ListProducts,993,917,136007.0,309696.99999999994,495006.2400000023,1398989.0,2637964.6,3205450.960000001,8.517888775157655,1.3791666666666669,1.2737048699418152,0.0100704934541792,0.9443838604143948,0.9343133669602156,0.0,0.0,0.0,8.765154994458885e-304,0.985855184766649,0.985855184766649,False,False,4.382577497229442e-303,True
re2ob_currencyservice_mem_3,mem,currencyservice,frontend::Convert+GetCart+GetProduct+GetQuote+GetSupportedCurrencies+ListRecommendations,Cart View,Convert+GetCart+GetProduct+GetQuote+GetSupportedCurrencies+ListRecommendations,2025,1783,83450.0,249207.19999999992,399560.84,484718.0,1561608.6,1998392.7800000005,6.2663061099358295,2.8125,2.476571192046081,0.0103703703703703,0.5659001682557487,0.5555297978853784,0.0,0.0,0.0,0.0,0.9271758653400082,0.9271758653400082,False,False,0.0,True
re2ob_currencyservice_mem_3,mem,currencyservice,frontend::Convert+GetCart+GetProduct+GetSupportedCurrencies,frontend::Convert+GetCart+GetProduct+GetSupportedCurrencies,Convert+GetCart+GetProduct+GetSupportedCurrencies,0,1,,,,1138180.0,1138180.0,1138180.0,,0.0,0.0013889911340695,,,,,0.0,,,,0.0,True,False,,False
re2ob_currencyservice_mem_3,mem,currencyservice,frontend::GetProduct+GetSupportedCurrencies,frontend::GetProduct+GetSupportedCurrencies,GetProduct+GetSupportedCurrencies,0,3,,,,426194.0,752399.0,781395.0,,0.0,0.0041669734022087,,,,,0.0,,,,0.0,True,False,,False
re2ob_currencyservice_mem_3,mem,currencyservice,frontend::GetProduct+GetSupportedCurrencies+ListRecommendations+PlaceOrder,Place Order,GetProduct+GetSupportedCurrencies+ListRecommendations+PlaceOrder,357,288,139469.0,279322.0,428276.5199999998,402178.0,1685961.1,2507277.31,6.03590515605645,0.4958333333333333,0.4000294466120422,0.011204481792717,0.4930555555555556,0.4818510737628385,0.0,0.0,0.0,3.4315392516675805e-89,0.9179505135387488,0.9179505135387488,False,False,1.0294617755002742e-88,True
re2ob_currencyservice_mem_3,mem,currencyservice,frontend::GetSupportedCurrencies,frontend::GetSupportedCurrencies,GetSupportedCurrencies,0,3,,,,1732753.0,1771318.9,1774746.98,,0.0,0.0041669734022087,,,,,0.0,,,,0.0,True,False,,False
re2ob_currencyservice_mem_3,mem,currencyservice,frontend::empty,frontend::empty,,784,772,346.0,1130.3999999999996,1804.3799999999997,378.0,1374.2499999999982,3102.1799999999985,1.2157200990799706,1.0888888888888888,1.0723011555017243,0.010204081632653,0.0272020725388601,0.016997990906207,0.0,0.0,0.0,0.0722485435685607,0.0613649280955905,0.0613649280955905,False,False,0.0722485435685607,False
re2ob_currencyservice_mem_3,mem,currencyservice,direct::hipstershop.CurrencyService/Convert,hipstershop.CurrencyService/Convert (direct),Convert,1190,1001,5266.5,72931.74999999999,80164.86999999995,85945.0,891573.0,992705.0,12.224758078614595,1.6527777777777777,1.3903801252036607,0.0100840336134453,0.6313686313686314,0.6212845977551861,0.0,0.0,0.0,6.500954979967999e-211,0.768173842963759,0.768173842963759,False,False,2.6003819919872e-210,True
re2ob_currencyservice_socket_1,socket,currencyservice,frontend::AddItem+GetProduct,Add To Cart,AddItem+GetProduct,1009,986,8354.0,13493.6,29968.439999999988,8217.5,14553.0,34024.29999999998,1.078511294243197,1.401423924487001,1.3694444444444445,0.0109018830525272,0.0152129817444219,0.0043110986918946,0.0,0.0,0.0,0.0488568194562863,-0.0581953091547271,0.0,False,False,0.2931409167377183,False
re2ob_currencyservice_socket_1,socket,currencyservice,frontend::Convert+GetAds+GetCart+GetProduct+GetSupportedCurrencies+ListRecommendations,Product Detail View,Convert+GetAds+GetCart+GetProduct+GetSupportedCurrencies+ListRecommendations,4470,4309,48434.5,125016.95,200561.68000000008,50863.0,152222.39999999997,545317.52,1.2176140915291882,6.208488545546972,5.984722222222223,0.0100671140939597,0.0315618472963564,0.0214947332023967,0.0,0.0,0.0,0.1643559308038375,0.0214260460001776,0.0214260460001776,False,False,0.8013790922269974,False
re2ob_currencyservice_socket_1,socket,currencyservice,frontend::Convert+GetAds+GetCart+GetSupportedCurrencies+ListProducts,Home Page View,Convert+GetAds+GetCart+GetSupportedCurrencies+ListProducts,974,1058,187439.0,351524.35,492459.01,182908.5,449337.54999999993,880140.0000000006,1.2782544082650318,1.3528115980677295,1.4694444444444446,0.0102669404517453,0.0434782608695652,0.0332113204178198,0.0,0.0,0.0,1.0,0.0018418386557101,0.0018418386557101,False,False,1.0,False
re2ob_currencyservice_socket_1,socket,currencyservice,frontend::Convert+GetCart+GetProduct+GetQuote+GetSupportedCurrencies+ListRecommendations,Cart View,Convert+GetCart+GetProduct+GetQuote+GetSupportedCurrencies+ListRecommendations,2008,2001,100542.0,258519.3,361848.40000000014,108011.0,268883.0,555761.0,1.0400886897032449,2.7889586128542105,2.779166666666667,0.0104581673306772,0.0224887556221889,0.0120305882915116,0.0,0.0,0.0,0.1979236584499658,0.0300932700980187,0.0300932700980187,False,False,0.8013790922269974,False
re2ob_currencyservice_socket_1,socket,currencyservice,frontend::Convert+GetCart+GetProduct+GetSupportedCurrencies+ListRecommendations,frontend::Convert+GetCart+GetProduct+GetSupportedCurrencies+ListRecommendations,Convert+GetCart+GetProduct+GetSupportedCurrencies+ListRecommendations,0,1,,,,38590.0,38590.0,38590.0,,0.0,0.0013888888888888,,,,,0.0,,,,0.0,True,False,,False
re2ob_currencyservice_socket_1,socket,currencyservice,frontend::GetProduct+GetSupportedCurrencies+ListRecommendations+PlaceOrder,Place Order,GetProduct+GetSupportedCurrencies+ListRecommendations+PlaceOrder,349,341,177299.0,304099.99999999977,395942.0,179561.0,296867.0,583646.4000000003,0.9762150608352524,0.4847343405807368,0.4736111111111111,0.0114613180515759,0.0263929618768328,0.0149316438252569,0.0,0.0,0.0,1.0,-0.0158895545715029,0.0,False,False,1.0,False
re2ob_currencyservice_socket_1,socket,currencyservice,frontend::empty,frontend::empty,,752,868,305.5,808.2499999999997,1365.43,289.0,782.7999999999997,1175.6100000000006,0.9685122177544078,1.0444705562083496,1.2055555555555555,0.0106382978723404,0.0046082949308755,-0.0060300029414648,0.0,0.0,0.0,0.1602758184453994,-0.0503480733405236,0.0,False,False,0.8013790922269974,False
re2ob_currencyservice_socket_1,socket,currencyservice,direct::hipstershop.CurrencyService/Convert,hipstershop.CurrencyService/Convert (direct),Convert,1195,1134,5421.0,81515.09999999999,86762.41999999998,5173.5,81564.79999999999,90376.90000000002,1.0006097029875447,1.6597637163151302,1.575,0.0100418410041841,0.019400352733686,0.0093585117295019,0.0,0.0,0.0,0.0323150328904782,-0.0575848811553134,0.0,False,False,0.226205230233348,False
re2ob_currencyservice_socket_2,socket,currencyservice,frontend::AddItem+GetProduct,Add To Cart,AddItem+GetProduct,1014,957,8193.5,13655.649999999992,54333.98,8331.0,16905.799999999996,75995.39999999928,1.2380077110939431,1.4085857049388015,1.3293272937146572,0.0108481262327416,0.0240334378265412,0.0131853115937996,0.0,0.0,0.0,0.1070805569321423,0.05024639374772,0.05024639374772,False,False,0.1070805569321423,False
re2ob_currencyservice_socket_2,socket,currencyservice,frontend::Convert+GetAds+GetCart+GetProduct+GetSupportedCurrencies+ListRecommendations,Product Detail View,Convert+GetAds+GetCart+GetProduct+GetSupportedCurrencies+ListRecommendations,4392,4162,44877.5,120182.55,284968.73000000016,168485.0,368113.0,680947.6600000004,3.062948822437201,6.101093112515993,5.781254123762177,0.0100182149362477,0.098990869774147,0.0889726548378993,0.0,0.0,0.0,0.0,0.8500266199783102,0.8500266199783102,False,False,0.0,True
re2ob_currencyservice_socket_2,socket,currencyservice,frontend::Convert+GetAds+GetCart+GetSupportedCurrencies+ListProducts,Home Page View,Convert+GetAds+GetCart+GetSupportedCurrencies+ListProducts,964,1025,143304.5,304219.94999999995,556646.2900000002,604675.0,1350913.7999999998,1736292.84,4.440582545622008,1.3391288161351131,1.4237831515752597,0.0103734439834024,0.5824390243902439,0.5720655804068414,0.0,0.0,0.0,3.2603474661955787e-297,0.9551907701649632,0.9551907701649632,False,False,1.6301737330977893e-296,True
re2ob_currencyservice_socket_2,socket,currencyservice,frontend::Convert+GetCart+GetProduct+GetQuote+GetSupportedCurrencies+ListRecommendations,Cart View,Convert+GetCart+GetProduct+GetQuote+GetSupportedCurrencies+ListRecommendations,2064,1920,87484.0,248556.55,355198.5499999998,274263.5,759346.2,1060703.46,3.055023896976362,2.867180369816259,2.666988927828779,0.0101744186046511,0.3828125,0.3726380813953488,0.0,0.0,0.0,0.0,0.8167189014050387,0.8167189014050387,False,False,0.0,True
re2ob_currencyservice_socket_2,socket,currencyservice,frontend::GetProduct+GetSupportedCurrencies+ListRecommendations+PlaceOrder,Place Order,GetProduct+GetSupportedCurrencies+ListRecommendations+PlaceOrder,326,294,146789.5,285976.25,379990.0,296443.5,897622.0999999999,1190646.79,3.1387994632421394,0.4528589150000486,0.4083826795737818,0.0122699386503067,0.3945578231292517,0.3822878844789449,0.0,0.0,0.0,2.6369531325250504e-67,0.8073953507783482,0.8073953507783482,False,False,7.910859397575151e-67,True
re2ob_currencyservice_socket_2,socket,currencyservice,frontend::empty,frontend::empty,,783,822,353.0,1170.8999999999996,2211.279999999995,377.0,1354.499999999999,2977.29999999999,1.1568024596464257,1.087694878665761,1.141804634726696,0.0102171136653895,0.0206812652068126,0.0104641515414231,0.0,0.0,0.0,0.0393042718492767,0.0672828630291504,0.0672828630291504,False,False,0.0786085436985535,False
re2ob_currencyservice_socket_2,socket,currencyservice,direct::hipstershop.CurrencyService/Convert,hipstershop.CurrencyService/Convert (direct),Convert,1161,1032,5240.0,73406.0,83867.20000000001,81093.0,183717.8999999999,291216.4199999999,2.5027640792305794,1.6127889580216457,1.4335065487079688,0.0103359173126615,0.438953488372093,0.4286175710594315,0.0,0.0,0.0,1.2174961220923208e-167,0.6824242667040576,0.6824242667040576,False,False,4.869984488369283e-167,True
re2ob_currencyservice_socket_3,socket,currencyservice,frontend::AddItem+GetProduct,Add To Cart,AddItem+GetProduct,1084,915,8202.0,12616.84999999999,55814.71000000005,8297.0,14472.299999999996,678121.4800000003,1.147061271236482,1.5055555555555555,1.2708333333333333,0.0101476014760147,0.0185792349726775,0.0084316334966628,0.0,0.0,0.0,0.0120442562109169,0.071207630109088,0.071207630109088,False,False,0.0240885124218338,False
re2ob_currencyservice_socket_3,socket,currencyservice,frontend::Convert+GetAds+GetCart+GetProduct+GetSupportedCurrencies+ListRecommendations,Product Detail View,Convert+GetAds+GetCart+GetProduct+GetSupportedCurrencies+ListRecommendations,4494,4095,44734.0,119404.24999999996,283519.7999999912,199803.0,497116.8999999999,929657.5999999996,4.163309932435404,6.241666666666666,5.6875,0.0100133511348464,0.2261294261294261,0.2161160749945796,0.0,0.0,0.0,0.0,0.921093488917254,0.921093488917254,False,False,0.0,True
re2ob_currencyservice_socket_3,socket,currencyservice,frontend::Convert+GetAds+GetCart+GetSupportedCurrencies+ListProducts,Home Page View,Convert+GetAds+GetCart+GetSupportedCurrencies+ListProducts,972,1004,137651.5,304008.94999999995,448849.2299999987,833018.5,1620942.6999999988,2250594.8800000013,5.331891380171535,1.35,1.3944444444444444,0.0102880658436214,0.9143426294820716,0.9040545636384504,0.0,0.0,0.0,0.0,0.983252176479268,0.983252176479268,False,False,0.0,True
re2ob_currencyservice_socket_3,socket,currencyservice,frontend::Convert+GetCart+GetProduct+GetQuote+GetSupportedCurrencies+ListRecommendations,Cart View,Convert+GetCart+GetProduct+GetQuote+GetSupportedCurrencies+ListRecommendations,2010,1867,84319.0,237474.1,361420.5600000004,354744.0,950483.1,1293215.039999998,4.002470585213293,2.7916666666666665,2.5930555555555554,0.0104477611940298,0.4692019282271023,0.4587541670330725,0.0,0.0,0.0,0.0,0.889804059509629,0.889804059509629,False,False,0.0,True
re2ob_currencyservice_socket_3,socket,currencyservice,frontend::Convert+GetCart+GetProduct+GetSupportedCurrencies+ListRecommendations,frontend::Convert+GetCart+GetProduct+GetSupportedCurrencies+ListRecommendations,Convert+GetCart+GetProduct+GetSupportedCurrencies+ListRecommendations,0,2,,,,159025.0,167589.4,168350.68,,0.0,0.0027777777777777,,,,,0.0,,,,0.0,True,False,,False
re2ob_currencyservice_socket_3,socket,currencyservice,frontend::GetProduct+GetSupportedCurrencies+ListRecommendations+PlaceOrder,Place Order,GetProduct+GetSupportedCurrencies+ListRecommendations+PlaceOrder,381,299,140738.0,274664.0,304918.3999999999,396255.0,996526.3,1502733.2399999965,3.6281649579122126,0.5291666666666667,0.4152777777777778,0.0104986876640419,0.6555183946488294,0.6450197069847874,0.0,0.0,0.0,1.6328566136363048e-94,0.922190328215662,0.922190328215662,False,False,4.898569840908916e-94,True
re2ob_currencyservice_socket_3,socket,currencyservice,frontend::empty,frontend::empty,,779,814,335.0,1075.3999999999987,1846.5400000000016,356.0,1183.3999999999978,2200.2400000000007,1.100427747814766,1.0819444444444444,1.1305555555555555,0.0102695763799743,0.0159705159705159,0.0057009395905416,0.0,0.0,0.0,0.0661895807395577,0.0616852702860404,0.0616852702860404,False,False,0.0661895807395577,False
re2ob_currencyservice_socket_3,socket,currencyservice,direct::hipstershop.CurrencyService/Convert,hipstershop.CurrencyService/Convert (direct),Convert,1275,1027,5060.0,72874.8,77864.28,88443.0,196012.5,370030.4,2.6897157865270294,1.7708333333333333,1.426388888888889,0.0101960784313725,0.7039922103213242,0.6937961318899516,0.0,0.0,0.0,7.465975025947744e-248,0.8146339041945891,0.8146339041945891,False,False,2.986390010379098e-247,True
re2ob_emailservice_cpu_1,cpu,emailservice,frontend::AddItem+GetProduct,Add To Cart,AddItem+GetProduct,1024,921,7701.0,10936.149999999989,18350.209999999992,7612.0,10444.0,56147.39999999831,0.954997874023309,1.4224415152891623,1.2791666666666666,0.0107421875,0.015200868621064,0.004458681121064,0.0,0.0,0.0,0.0367924174203406,-0.0618298724212812,0.0,False,False,0.1471696696813624,False
re2ob_emailservice_cpu_1,cpu,emailservice,frontend::Convert+GetAds+GetCart+GetProduct+GetSupportedCurrencies+ListRecommendations,Product Detail View,Convert+GetAds+GetCart+GetProduct+GetSupportedCurrencies+ListRecommendations,4183,4207,166802.0,385221.8999999997,666053.0000000041,160970.0,428255.0999999992,780569.9599999952,1.111710159780634,5.810618025834538,5.843055555555556,0.010040640688501,0.0173520323270739,0.0073113916385728,0.0,0.0,0.0,0.0005451862553105,-0.0458905251149271,0.0,False,False,0.0027259312765526,False
re2ob_emailservice_cpu_1,cpu,emailservice,frontend::Convert+GetAds+GetCart+GetSupportedCurrencies+ListProducts,Home Page View,Convert+GetAds+GetCart+GetSupportedCurrencies+ListProducts,957,934,604076.0,1259931.6,1796736.44,557408.5,1130720.899999999,1403571.6799999997,0.897446258193698,1.3293716114567662,1.2972222222222225,0.0104493207941483,0.0,-0.0104493207941483,0.0,0.0,0.0,0.0001150405489767,-0.1068560522152783,0.0,False,False,0.0006902432938603,False
re2ob_emailservice_cpu_1,cpu,emailservice,frontend::Convert+GetCart+GetProduct+GetQuote+GetSupportedCurrencies+ListRecommendations,Cart View,Convert+GetCart+GetProduct+GetQuote+GetSupportedCurrencies+ListRecommendations,2012,1930,295987.5,769733.5499999999,1151527.7999999998,263762.0,729728.7999999999,1043562.6400000004,0.9480277948128932,2.7948753210564408,2.680555555555556,0.0104373757455268,0.0067357512953367,-0.00370162445019,0.0,0.0,0.0,1.726951073188813e-08,-0.1058887607000483,0.0,False,False,1.2088657512321689e-07,False
re2ob_emailservice_cpu_1,cpu,emailservice,frontend::Convert+GetCart+GetSupportedCurrencies+ListProducts,frontend::Convert+GetCart+GetSupportedCurrencies+ListProducts,Convert+GetCart+GetSupportedCurrencies+ListProducts,0,1,,,,410375.0,410375.0,410375.0,,0.0,0.0013888888888888,,,,,0.0,,,,0.0,True,False,,False
re2ob_emailservice_cpu_1,cpu,emailservice,frontend::GetProduct+GetSupportedCurrencies+ListRecommendations+PlaceOrder,Place Order,GetProduct+GetSupportedCurrencies+ListRecommendations+PlaceOrder,303,339,393024.0,899948.2999999999,1299846.12,301601.0,813029.799999997,1160107.6800000004,0.90341834080913,0.4208982218091955,0.4708333333333333,0.0132013201320132,0.0029498525073746,-0.0102514676246385,0.0,0.0,0.0,0.0635835055784682,-0.0980850297419122,0.0,False,False,0.1907505167354048,False
re2ob_emailservice_cpu_1,cpu,emailservice,frontend::empty,frontend::empty,,782,765,298.0,757.3999999999992,1083.5099999999984,290.0,730.9999999999995,1257.4,0.9651439133879064,1.086278579058716,1.0625,0.0102301790281329,0.0143790849673202,0.0041489059391872,0.0,0.0,0.0,1.0,-0.0103873092288918,0.0,False,False,1.0,False
re2ob_emailservice_cpu_1,cpu,emailservice,direct::hipstershop.CurrencyService/Convert,hipstershop.CurrencyService/Convert (direct),Convert,1127,1119,90063.0,189710.0,287704.26000000007,88705.0,177547.59999999992,297888.19999999984,0.9358895155764057,1.5655191286434436,1.5541666666666667,0.0106477373558118,0.0125111706881143,0.0018634333323024,0.0,0.0,0.0,0.2183505520107388,-0.0390401177372685,0.0,False,False,0.4367011040214777,False
re2ob_emailservice_cpu_2,cpu,emailservice,frontend::AddItem+GetProduct,Add To Cart,AddItem+GetProduct,1019,1014,8220.0,11999.799999999985,39616.63999999976,8242.0,11380.95,30560.370000000003,0.9484283071384534,1.415277777777778,1.408393972518261,0.0107948969578017,0.0088757396449704,-0.0019191573128313,0.0,0.0,0.0,0.6506580495967418,0.0251958353415286,0.0251958353415286,False,False,1.0,False
re2ob_emailservice_cpu_2,cpu,emailservice,frontend::Convert+GetAds+GetCart+GetProduct+GetSupportedCurrencies+ListRecommendations,Product Detail View,Convert+GetAds+GetCart+GetProduct+GetSupportedCurrencies+ListRecommendations,4375,4395,39717.0,104306.4,143421.38000000035,40016.0,101563.30000000002,144021.660000001,0.9737015178359144,6.076388888888889,6.104429496269978,0.0100571428571428,0.0102389078498293,0.0001817649926864,0.0,0.0,0.0,1.0,-0.0027486819437673,0.0,False,False,1.0,False
re2ob_emailservice_cpu_2,cpu,emailservice,frontend::Convert+GetAds+GetCart+GetSupportedCurrencies+ListProducts,Home Page View,Convert+GetAds+GetCart+GetSupportedCurrencies+ListProducts,1014,1020,108384.0,219694.2499999999,355237.11000000004,104223.0,205089.2,319995.86999999965,0.9335210184153664,1.4083333333333334,1.4167276646633395,0.0108481262327416,0.0088235294117647,-0.0020245968209769,0.0,0.0,0.0,0.1045458521612003,-0.0497060757241752,0.0,False,False,0.5227292608060019,False
re2ob_emailservice_cpu_2,cpu,emailservice,frontend::Convert+GetCart+GetProduct+GetQuote+GetSupportedCurrencies+ListRecommendations,Cart View,Convert+GetCart+GetProduct+GetQuote+GetSupportedCurrencies+ListRecommendations,2052,2054,62394.0,175056.99999999994,260435.86,63119.5,169155.24999999997,251183.96,0.9662866951907094,2.85,2.852900610998529,0.0102339181286549,0.0077896786757546,-0.0024442394529003,0.0,0.0,0.0,1.0,-0.0019241683132422,0.0,False,False,1.0,False
re2ob_emailservice_cpu_2,cpu,emailservice,frontend::GetProduct+GetSupportedCurrencies+ListRecommendations+PlaceOrder,Place Order,GetProduct+GetSupportedCurrencies+ListRecommendations+PlaceOrder,342,343,129659.5,266229.8,399204.3999999998,155724.0,290376.4,375546.1199999999,1.090698336549853,0.475,0.4764094009603191,0.0116959064327485,0.0058309037900874,-0.005865002642661,0.0,0.0,0.0,2.7026399295904136e-12,0.3129933677731744,0.3129933677731744,False,False,1.8918479507132897e-11,True
re2ob_emailservice_cpu_2,cpu,emailservice,frontend::empty,frontend::empty,,837,955,301.0,820.1999999999996,1119.28,287.0,758.4999999999998,1247.2200000000005,0.9247744452572544,1.1625,1.326445999758323,0.010752688172043,0.0157068062827225,0.0049541181106795,0.0,0.0,0.0,0.0259729249010955,-0.0679277149130214,0.0,False,False,0.1558375494065732,False
re2ob_emailservice_cpu_2,cpu,emailservice,direct::hipstershop.CurrencyService/Convert,hipstershop.CurrencyService/Convert (direct),Convert,1170,1196,4660.5,68883.04999999999,80337.31999999983,4586.0,68158.25,74835.8,0.989477817837625,1.625,1.661182634252308,0.0102564102564102,0.0016722408026755,-0.0085841694537346,0.0,0.0,0.0,1.0,-0.0050838978932624,0.0,False,False,1.0,False
re2ob_emailservice_cpu_3,cpu,emailservice,frontend::AddItem+GetProduct,Add To Cart,AddItem+GetProduct,1032,1035,8213.5,10935.85,26109.28999999993,8240.0,11534.6,23379.219999999998,1.0547511167398969,1.4333333333333331,1.4375299485405946,0.0106589147286821,0.008695652173913,-0.0019632625547691,0.0,0.0,0.0,0.314084172165515,0.0359500805152979,0.0359500805152979,False,False,1.0,False
re2ob_emailservice_cpu_3,cpu,emailservice,frontend::Convert+GetAds+GetCart+GetProduct+GetSupportedCurrencies+ListRecommendations,Product Detail View,Convert+GetAds+GetCart+GetProduct+GetSupportedCurrencies+ListRecommendations,4398,4389,39994.5,102467.15,174878.14999999927,40396.0,101444.79999999989,119729.83999999995,0.9900226560414715,6.108333333333333,6.095960332506927,0.0100045475216007,0.0015948963317384,-0.0084096511898622,0.0,0.0,0.0,0.1740315667627476,0.0210821505788116,0.0210821505788116,False,False,0.8701578338137381,False
re2ob_emailservice_cpu_3,cpu,emailservice,frontend::Convert+GetAds+GetCart+GetSupportedCurrencies+ListProducts,Home Page View,Convert+GetAds+GetCart+GetSupportedCurrencies+ListProducts,1012,1039,106186.0,212096.9999999999,301377.6599999998,108249.0,205598.99999999985,289551.8599999999,0.9693630744423538,1.4055555555555554,1.4430856198393025,0.0108695652173913,0.0076997112608277,-0.0031698539565635,0.0,0.0,0.0,0.4899105497998874,0.0296556813902086,0.0296556813902086,False,False,1.0,False
re2ob_emailservice_cpu_3,cpu,emailservice,frontend::Convert+GetCart+GetProduct+GetQuote+GetSupportedCurrencies+ListRecommendations,Cart View,Convert+GetCart+GetProduct+GetQuote+GetSupportedCurrencies+ListRecommendations,2053,2042,65283.0,178330.19999999998,267494.16000000003,65409.5,180644.39999999997,257055.71999999997,1.0129770504378952,2.8513888888888888,2.836170197990236,0.0102289332683877,0.0073457394711067,-0.0028831937972809,0.0,0.0,0.0,1.0,0.005728460249996,0.005728460249996,False,False,1.0,False
re2ob_emailservice_cpu_3,cpu,emailservice,frontend::GetProduct+GetSupportedCurrencies+ListRecommendations+PlaceOrder,Place Order,GetProduct+GetSupportedCurrencies+ListRecommendations+PlaceOrder,351,337,121555.0,238821.5,288374.0,156964.0,287382.4,373257.7199999993,1.2033355455853012,0.4875,0.4680653069161163,0.0113960113960113,0.0474777448071216,0.0360817334111102,0.0,0.0,0.0,1.405248047478839e-17,0.3795937000684775,0.3795937000684775,False,False,9.836736332351874e-17,True
re2ob_emailservice_cpu_3,cpu,emailservice,frontend::empty,frontend::empty,,807,865,289.0,797.0,1244.0199999999982,303.0,727.7999999999997,1108.9600000000012,0.913174404015056,1.1208333333333331,1.201413918345521,0.0111524163568773,0.0057803468208092,-0.005372069536068,0.0,0.0,0.0,0.8790072158159368,0.0218507137689722,0.0218507137689722,False,False,1.0,False
re2ob_emailservice_cpu_3,cpu,emailservice,direct::hipstershop.CurrencyService/Convert,hipstershop.CurrencyService/Convert (direct),Convert,1178,1144,4426.0,67078.69999999995,76587.99,4664.0,71540.85,78045.62999999999,1.0665211162410728,1.636111111111111,1.588921991430377,0.0101867572156196,0.0174825174825174,0.0072957602668977,0.0,0.0,0.0,0.0014563972369136,0.0809909530198154,0.0809909530198154,False,False,0.0087383834214816,False
re2ob_emailservice_delay_1,delay,emailservice,frontend::AddItem+GetProduct,Add To Cart,AddItem+GetProduct,971,1015,7990.0,13921.5,46553.0,7929.0,12586.8,40516.44000000001,0.904126710483784,1.3486111111111112,1.4098730003069773,0.0102986611740473,0.0019704433497536,-0.0083282178242936,0.0,0.0,0.0,0.0913884837960219,-0.0518017583822477,0.0,False,False,0.4569424189801099,False
re2ob_emailservice_delay_1,delay,emailservice,frontend::Convert+GetAds+GetCart+GetProduct+GetSupportedCurrencies+ListRecommendations,Product Detail View,Convert+GetAds+GetCart+GetProduct+GetSupportedCurrencies+ListRecommendations,4342,4346,40997.0,109141.85,248800.01000000045,41067.0,110497.0,182746.9000000008,1.012416410387033,6.030555555555556,6.03675670870357,0.0101335789958544,0.0062126092959042,-0.0039209696999501,0.0,0.0,0.0,1.0,-0.0007448199639519,0.0,False,False,1.0,False
re2ob_emailservice_delay_1,delay,emailservice,frontend::Convert+GetAds+GetCart+GetSupportedCurrencies+ListProducts,Home Page View,Convert+GetAds+GetCart+GetSupportedCurrencies+ListProducts,1023,1028,121598.0,256655.9,371924.9199999999,119874.0,268908.65,426166.26000000007,1.0477399896125512,1.4208333333333334,1.4279304870104164,0.010752688172043,0.0155642023346303,0.0048115141625873,0.0,0.0,0.0,0.6180645733711392,0.0259441407928919,0.0259441407928919,False,False,1.0,False
re2ob_emailservice_delay_1,delay,emailservice,frontend::Convert+GetCart+GetProduct+GetQuote+GetSupportedCurrencies+ListRecommendations,Cart View,Convert+GetCart+GetProduct+GetQuote+GetSupportedCurrencies+ListRecommendations,1973,2064,69161.0,196305.19999999995,290423.75999999995,74086.0,205282.8,272097.4599999999,1.0457328690223184,2.7402777777777776,2.866973273530641,0.010136847440446,0.0082364341085271,-0.0019004133319188,0.0,0.0,0.0,0.03759833748832,0.0427149758169396,0.0427149758169396,False,False,0.2255900249299199,False
re2ob_emailservice_delay_1,delay,emailservice,frontend::GetProduct+GetSupportedCurrencies+ListRecommendations+PlaceOrder,Place Order,GetProduct+GetSupportedCurrencies+ListRecommendations+PlaceOrder,316,348,139525.0,273252.75,371362.65000000194,328071.0,428727.75,494170.0399999998,1.5689787202507566,0.4388888888888889,0.4833850286766779,0.0126582278481012,0.2068965517241379,0.1942383238760366,0.0,0.0,0.0,7.121932254990633e-99,0.9490397206460062,0.9490397206460062,False,False,4.985352578493443e-98,True
re2ob_emailservice_delay_1,delay,emailservice,frontend::empty,frontend::empty,,820,846,329.0,949.5999999999996,2175.8199999999933,330.0,844.25,1424.999999999999,0.8890585509688295,1.1388888888888888,1.1751256731622688,0.0109756097560975,0.0059101654846335,-0.0050654442714639,0.0,0.0,0.0,1.0,0.0096479847777202,0.0096479847777202,False,False,1.0,False
re2ob_emailservice_delay_1,delay,emailservice,direct::hipstershop.CurrencyService/Convert,hipstershop.CurrencyService/Convert (direct),Convert,1111,1174,4978.0,70228.5,77833.70000000004,4896.5,68070.7,75464.42,0.9692745822564912,1.5430555555555556,1.630729953064425,0.0108010801080108,0.0034071550255536,-0.0073939250824571,0.0,0.0,0.0,0.6847621164176239,-0.0229499951698747,0.0,False,False,1.0,False
re2ob_emailservice_delay_2,delay,emailservice,frontend::AddItem+GetProduct,Add To Cart,AddItem+GetProduct,1018,973,7940.5,13135.549999999996,46835.290000000015,8052.0,13834.599999999997,44055.35999999991,1.0532181751049632,1.413888888888889,1.351388888888889,0.0108055009823182,0.0082219938335046,-0.0025835071488136,0.0,0.0,0.0,0.2776134746672275,0.0383265658032092,0.0383265658032092,False,False,1.0,False
re2ob_emailservice_delay_2,delay,emailservice,frontend::Convert+GetAds+GetCart+GetProduct+GetSupportedCurrencies+ListRecommendations,Product Detail View,Convert+GetAds+GetCart+GetProduct+GetSupportedCurrencies+ListRecommendations,4350,4331,41189.0,114681.5,283184.04000000027,41388.0,110286.0,225999.49999999884,0.9616721092765615,6.041666666666667,6.0152777777777775,0.0101149425287356,0.0069268067420918,-0.0031881357866437,0.0,0.0,0.0,0.7494709924150347,0.0110014145547867,0.0110014145547867,False,False,1.0,False
re2ob_emailservice_delay_2,delay,emailservice,frontend::Convert+GetAds+GetCart+GetSupportedCurrencies+ListProducts,Home Page View,Convert+GetAds+GetCart+GetSupportedCurrencies+ListProducts,1054,1038,126104.0,284576.49999999994,498878.170000001,123952.0,263542.75,371846.79999999993,0.9260875370945952,1.4638888888888888,1.4416666666666669,0.0104364326375711,0.0038535645472061,-0.0065828680903649,0.0,0.0,0.0,1.0,-0.0130121785801772,0.0,False,False,1.0,False
re2ob_emailservice_delay_2,delay,emailservice,frontend::Convert+GetCart+GetProduct+GetQuote+GetSupportedCurrencies+ListRecommendations,Cart View,Convert+GetCart+GetProduct+GetQuote+GetSupportedCurrencies+ListRecommendations,1977,2023,73215.0,220031.9999999997,344849.60000000003,71175.0,208309.89999999997,292743.4399999999,0.946725476294358,2.745833333333333,2.8097222222222222,0.0101163378856853,0.0059317844784972,-0.0041845534071881,0.0,0.0,0.0,1.0,-0.0065958723041121,0.0,False,False,1.0,False
re2ob_emailservice_delay_2,delay,emailservice,frontend::GetProduct+GetSupportedCurrencies+ListRecommendations+PlaceOrder,Place Order,GetProduct+GetSupportedCurrencies+ListRecommendations+PlaceOrder,340,335,142815.0,283270.75,424272.91000000015,334717.0,453949.50000000006,535505.2400000006,1.602528676187005,0.4722222222222222,0.4652777777777778,0.0117647058823529,0.0746268656716417,0.0628621597892888,0.0,0.0,0.0,2.025582269024317e-98,0.9379982440737488,0.9379982440737488,False,False,1.4179075883170222e-97,True
re2ob_emailservice_delay_2,delay,emailservice,frontend::empty,frontend::empty,,843,834,337.0,928.6,1782.1000000000058,328.5,919.7999999999992,1546.7199999999991,0.9905233685117374,1.1708333333333334,1.1583333333333334,0.0106761565836298,0.0059952038369304,-0.0046809527466994,0.0,0.0,0.0,1.0,-0.0124242243216102,0.0,False,False,1.0,False
re2ob_emailservice_delay_2,delay,emailservice,direct::hipstershop.CurrencyService/Convert,hipstershop.CurrencyService/Convert (direct),Convert,1178,1128,5224.5,71813.34999999998,79896.88000000002,5135.5,71094.55,79160.63000000002,0.9899907189958416,1.636111111111111,1.5666666666666669,0.0101867572156196,0.0079787234042553,-0.0022080338113643,0.0,0.0,0.0,1.0,-0.0110002829654781,0.0,False,False,1.0,False
re2ob_emailservice_delay_3,delay,emailservice,frontend::AddItem+GetProduct,Add To Cart,AddItem+GetProduct,1003,1029,7989.0,13204.1,41638.50000000001,8083.0,12576.799999999996,39159.560000000005,0.9524920289909952,1.3930729689676675,1.429311582979941,0.0109670987038883,0.0087463556851311,-0.0022207430187571,0.0,0.0,0.0,0.2548714457899992,0.0390596916732794,0.0390596916732794,False,False,1.0,False
re2ob_emailservice_delay_3,delay,emailservice,frontend::Convert+GetAds+GetCart+GetProduct+GetSupportedCurrencies+ListRecommendations,Product Detail View,Convert+GetAds+GetCart+GetProduct+GetSupportedCurrencies+ListRecommendations,4304,4360,41344.0,110103.5,140104.73000000016,41701.5,114251.8,236085.52999999985,1.0376763681445187,5.97785250093404,6.056169583860585,0.0102230483271375,0.0238532110091743,0.0136301626820367,0.0,0.0,0.0,0.0204934562515941,0.0318520109307323,0.0318520109307323,False,False,0.122960737509565,False
re2ob_emailservice_delay_3,delay,emailservice,frontend::Convert+GetAds+GetCart+GetSupportedCurrencies+ListProducts,Home Page View,Convert+GetAds+GetCart+GetSupportedCurrencies+ListProducts,1002,1016,122644.5,256844.15,406171.1200000002,121371.0,256923.5,364529.1,1.000308942212622,1.3916840627174507,1.4112541966060448,0.0109780439121756,0.0098425196850393,-0.0011355242271362,0.0,0.0,0.0,1.0,0.0143296084995363,0.0143296084995363,False,False,1.0,False
re2ob_emailservice_delay_3,delay,emailservice,frontend::Convert+GetCart+GetProduct+GetQuote+GetSupportedCurrencies+ListRecommendations,Cart View,Convert+GetCart+GetProduct+GetQuote+GetSupportedCurrencies+ListRecommendations,2022,2077,73205.5,203314.14999999988,285061.4199999997,76007.0,219618.8,364145.8799999977,1.0801943691572875,2.808368437938808,2.885014730660192,0.0103857566765578,0.0173326913818006,0.0069469347052428,0.0,0.0,0.0,0.5677810259455291,0.019331646543772,0.019331646543772,False,False,1.0,False
re2ob_emailservice_delay_3,delay,emailservice,frontend::GetProduct+GetSupportedCurrencies+ListRecommendations+PlaceOrder,Place Order,GetProduct+GetSupportedCurrencies+ListRecommendations+PlaceOrder,340,358,136315.5,275831.0,357732.09000000096,332374.0,472720.05,542612.9400000003,1.7138031983352124,0.4722281250737856,0.4972726401426811,0.0117647058823529,0.2877094972067039,0.2759447913243509,0.0,0.0,0.0,3.31572568642874e-106,0.9590699967137692,0.9590699967137692,False,False,2.321007980500118e-105,True
re2ob_emailservice_delay_3,delay,emailservice,frontend::empty,frontend::empty,,821,846,319.0,874.0,1823.5999999999965,328.5,866.75,1250.8999999999946,0.9917048054919908,1.1402920314281706,1.1751191440243247,0.0109622411693057,0.0047281323877068,-0.0062341087815988,0.0,0.0,0.0,0.3008857903810026,0.040685838350855,0.040685838350855,False,False,1.0,False
re2ob_emailservice_delay_3,delay,emailservice,direct::hipstershop.CurrencyService/Convert,hipstershop.CurrencyService/Convert (direct),Convert,1164,1228,5109.0,71406.09999999999,77240.1199999999,5184.5,71832.79999999997,78800.25,1.0059756799489117,1.6166868752526071,1.7057284974726603,0.0103092783505154,0.013029315960912,0.0027200376103965,0.0,0.0,0.0,1.0,0.0112320483114498,0.0112320483114498,False,False,1.0,False
re2ob_emailservice_disk_1,disk,emailservice,frontend::AddItem+GetProduct,Add To Cart,AddItem+GetProduct,956,937,7685.5,11390.75,245324.95000001744,7704.0,10447.8,21443.92,0.9172179180475384,1.327892124044015,1.3015714704423815,0.0104602510460251,0.0085378868729989,-0.0019223641730261,0.0,0.0,0.0,1.0,-0.0088828407228624,0.0,False,False,1.0,False
re2ob_emailservice_disk_1,disk,emailservice,frontend::Convert+GetAds+GetCart+GetProduct+GetSupportedCurrencies+ListRecommendations,Product Detail View,Convert+GetAds+GetCart+GetProduct+GetSupportedCurrencies+ListRecommendations,4127,4195,166223.0,421118.4999999997,719744.4399999987,161297.0,395216.5999999999,699110.2000000011,0.938492609562392,5.732438071056119,5.827206316441612,0.0101768839350617,0.0083432657926102,-0.0018336181424515,0.0,0.0,0.0,0.0041188607796682,-0.0390087891795446,0.0,False,False,0.0247131646780092,False
re2ob_emailservice_disk_1,disk,emailservice,frontend::Convert+GetAds+GetCart+GetSupportedCurrencies+ListProducts,Home Page View,Convert+GetAds+GetCart+GetSupportedCurrencies+ListProducts,955,952,619535.0,1335180.2999999986,1736901.9800000002,567387.5,1231765.6499999994,1518479.0900000008,0.922546303297016,1.326503115546061,1.3224077266394314,0.0104712041884816,0.0021008403361344,-0.0083703638523472,0.0,0.0,0.0,0.0001536619096728,-0.104582251748867,0.0,False,False,0.0010756333677102,False
re2ob_emailservice_disk_1,disk,emailservice,frontend::Convert+GetCart+GetProduct+GetQuote+GetSupportedCurrencies+ListRecommendations,Cart View,Convert+GetCart+GetProduct+GetQuote+GetSupportedCurrencies+ListRecommendations,1940,1877,273693.5,848086.1,1185126.029999998,267469.0,765300.4,1065137.88,0.9023852648923264,2.6946764860307417,2.607310192124173,0.0103092783505154,0.0047948854555141,-0.0055143928950013,0.0,0.0,0.0,0.00717253705901,-0.0544480389302957,0.0,False,False,0.03586268529505,False
re2ob_emailservice_disk_1,disk,emailservice,frontend::GetProduct+GetSupportedCurrencies+ListRecommendations+PlaceOrder,Place Order,GetProduct+GetSupportedCurrencies+ListRecommendations+PlaceOrder,316,289,388469.0,891986.25,1301934.2000000002,392007.0,888880.6,1205438.7600000005,0.9965182759263386,0.438926685353461,0.4014452027298273,0.0126582278481012,0.0,-0.0126582278481012,0.0,0.0,0.0,1.0,0.0088695195129429,0.0088695195129429,False,False,1.0,False
re2ob_emailservice_disk_1,disk,emailservice,frontend::empty,frontend::empty,,788,803,308.0,758.65,1441.9699999999998,292.0,689.5999999999999,1033.84,0.9089830620180585,1.0945386963877446,1.1154342484154027,0.0101522842639593,0.0024906600249066,-0.0076616242390527,0.0,0.0,0.0,0.1984497388963234,-0.0477444987388663,0.0,False,False,0.7937989555852939,False
re2ob_emailservice_disk_1,disk,emailservice,direct::hipstershop.CurrencyService/Convert,hipstershop.CurrencyService/Convert (direct),Convert,1092,1041,90203.0,187357.55,275917.94999999896,90021.0,186953.0,380331.3999999997,0.9978407595530576,1.5167972797657576,1.4460361800752606,0.01007326007326,0.0192122958693563,0.0091390357960963,0.0,0.0,0.0,1.0,-0.0061278778858029,0.0,False,False,1.0,False
re2ob_emailservice_disk_2,disk,emailservice,frontend::AddItem+GetProduct,Add To Cart,AddItem+GetProduct,1003,1031,8105.0,11156.199999999995,25159.98000000003,8140.0,11385.5,26902.70000000009,1.0205535935175063,1.3931000573629435,1.432199057610242,0.0109670987038883,0.011639185257032,0.0006720865531436,0.0,0.0,0.0,1.0,0.0164704721915727,0.0164704721915727,False,False,1.0,False
re2ob_emailservice_disk_2,disk,emailservice,frontend::Convert+GetAds+GetCart+GetProduct+GetSupportedCurrencies+ListRecommendations,Product Detail View,Convert+GetAds+GetCart+GetProduct+GetSupportedCurrencies+ListRecommendations,4361,4411,39316.0,103525.0,190074.7999999984,40015.0,103004.0,124275.79999999978,0.9949673991789424,6.0571379363507445,6.127478218349929,0.0100894290300389,0.0036272953978689,-0.00646213363217,0.0,0.0,0.0,6.378822368739404e-06,0.0574345337797861,0.0574345337797861,False,False,3.827293421243642e-05,False
re2ob_emailservice_disk_2,disk,emailservice,frontend::Convert+GetAds+GetCart+GetSupportedCurrencies+ListProducts,Home Page View,Convert+GetAds+GetCart+GetSupportedCurrencies+ListProducts,1066,1033,108560.0,216959.5,335503.7999999988,110028.0,216122.7999999999,290957.7999999999,0.9961435198735245,1.4806028525911246,1.4349773293029873,0.0103189493433395,0.004840271055179,-0.0054786782881604,0.0,0.0,0.0,1.0,0.0076472650198242,0.0076472650198242,False,False,1.0,False
re2ob_emailservice_disk_2,disk,emailservice,frontend::Convert+GetCart+GetProduct+GetQuote+GetSupportedCurrencies+ListRecommendations,Cart View,Convert+GetCart+GetProduct+GetQuote+GetSupportedCurrencies+ListRecommendations,2007,2030,63643.0,178677.19999999995,253571.18,64560.5,173542.44999999998,258771.88,0.9712624218422944,2.7875890479834773,2.8199457681365576,0.0104633781763826,0.0113300492610837,0.000866671084701,0.0,0.0,0.0,0.2703412396912379,0.0271556939873005,0.0271556939873005,False,False,1.0,False
re2ob_emailservice_disk_2,disk,emailservice,frontend::GetProduct+GetSupportedCurrencies+ListRecommendations+PlaceOrder,Place Order,GetProduct+GetSupportedCurrencies+ListRecommendations+PlaceOrder,332,340,134628.5,264110.5999999999,296279.67,173977.5,298680.25,380754.3700000003,1.1308908086233571,0.4611258415199374,0.4723061877667141,0.0120481927710843,0.0529411764705882,0.0408929836995038,0.0,0.0,0.0,8.91877525688585e-14,0.33644578313253,0.33644578313253,False,False,6.243142679820094e-13,True
re2ob_emailservice_disk_2,disk,emailservice,frontend::empty,frontend::empty,,824,855,289.5,795.4499999999985,1583.9399999999978,302.0,967.7999999999992,1571.5200000000004,1.2166698095417705,1.1444810042543023,1.187711148648649,0.0109223300970873,0.0093567251461988,-0.0015656049508885,0.0,0.0,0.0,0.1684048185515585,0.0486856299324363,0.0486856299324363,False,False,0.8420240927577926,False
re2ob_emailservice_disk_2,disk,emailservice,direct::hipstershop.CurrencyService/Convert,hipstershop.CurrencyService/Convert (direct),Convert,1134,1188,4732.5,68659.54999999999,75123.79000000001,4666.0,70297.09999999999,76216.79999999999,1.023850287396291,1.5750503141072565,1.650293385490754,0.0105820105820105,0.0168350168350168,0.0062530062530062,0.0,0.0,0.0,1.0,-0.0142867534842843,0.0,False,False,1.0,False
re2ob_emailservice_disk_3,disk,emailservice,frontend::AddItem+GetProduct,Add To Cart,AddItem+GetProduct,1013,840,8640.0,13480.399999999998,46151.64,8775.0,13486.349999999997,44297.77000000001,1.0004413815613775,1.4069483526343127,1.4228220659376398,0.0108588351431391,0.0095238095238095,-0.0013350256193296,0.0,0.0,0.0,0.0139059492342088,0.0727400930757298,0.0727400930757298,False,False,0.0834356954052531,False
re2ob_emailservice_disk_3,disk,emailservice,frontend::Convert+GetAds+GetCart+GetProduct+GetSupportedCurrencies+ListRecommendations,Product Detail View,Convert+GetAds+GetCart+GetProduct+GetSupportedCurrencies+ListRecommendations,4320,3580,47584.5,120436.95000000004,181946.14000000004,48068.5,119790.85,188235.7,0.994635367302144,6.000016666712963,6.063932138162798,0.0101851851851851,0.0111731843575419,0.0009879991723567,0.0,0.0,0.0,0.1861177047687715,0.0219165761431823,0.0219165761431823,False,False,0.9305885238438576,False
re2ob_emailservice_disk_3,disk,emailservice,frontend::Convert+GetAds+GetCart+GetSupportedCurrencies+ListProducts,Home Page View,Convert+GetAds+GetCart+GetSupportedCurrencies+ListProducts,1060,835,144606.5,303539.3,449979.4500000013,144183.0,306853.0,458542.49999999977,1.0109168730375275,1.4722263117397547,1.4143528869737252,0.010377358490566,0.0119760479041916,0.0015986894136255,0.0,0.0,0.0,1.0,0.0021986216246752,0.0021986216246752,False,False,1.0,False
re2ob_emailservice_disk_3,disk,emailservice,frontend::Convert+GetCart+GetProduct+GetQuote+GetSupportedCurrencies+ListRecommendations,Cart View,Convert+GetCart+GetProduct+GetQuote+GetSupportedCurrencies+ListRecommendations,1966,1665,83613.0,244169.75,335828.3499999997,86686.0,246412.7999999999,354398.7199999988,1.0091864368948238,2.730563140453168,2.820236594983536,0.0101729399796541,0.0144144144144144,0.0042414744347602,0.0,0.0,0.0,0.4119656879205486,0.0243221858684727,0.0243221858684727,False,False,1.0,False
re2ob_emailservice_disk_3,disk,emailservice,frontend::GetProduct+GetSupportedCurrencies+ListRecommendations+PlaceOrder,Place Order,GetProduct+GetSupportedCurrencies+ListRecommendations+PlaceOrder,348,261,145278.5,284955.4,358564.0199999987,180244.0,314664.0,431145.7999999981,1.1042570170630213,0.4833346759296553,0.4420911419163381,0.0114942528735632,0.0344827586206896,0.0229885057471264,0.0,0.0,0.0,1.1972013406059136e-07,0.2564187255031487,0.2564187255031487,False,False,8.380409384241394e-07,True
re2ob_emailservice_disk_3,disk,emailservice,frontend::empty,frontend::empty,,844,680,346.0,1218.5499999999995,2540.189999999996,349.5,1239.3999999999978,2506.91000000001,1.017110500184644,1.1722254784041066,1.151808339092375,0.0106635071090047,0.0102941176470588,-0.0003693894619459,0.0,0.0,0.0,0.3922639233781679,0.0384722609422916,0.0384722609422916,False,False,1.0,False
re2ob_emailservice_disk_3,disk,emailservice,direct::hipstershop.CurrencyService/Convert,hipstershop.CurrencyService/Convert (direct),Convert,1212,912,5231.0,71022.90000000001,79009.13,5163.0,70383.05,79553.06,0.9909909339100488,1.683338009272248,1.544778243018009,0.0107260726072607,0.0120614035087719,0.0013353309015112,0.0,0.0,0.0,0.2242539049826063,-0.040218248798564,0.0,False,False,0.9305885238438576,False
re2ob_emailservice_loss_1,loss,emailservice,frontend::AddItem+GetProduct,Add To Cart,AddItem+GetProduct,932,967,7571.5,10447.35,20096.95999999989,7701.0,10605.4,40827.00000000005,1.015128238261377,1.294787922907327,1.3430686131670724,0.0107296137339055,0.0186142709410548,0.0078846572071492,0.0,0.0,0.0,0.0006099362769341,0.0957265734917514,0.0957265734917514,False,False,0.0036596176616049,False
re2ob_emailservice_loss_1,loss,emailservice,frontend::Convert+GetAds+GetCart+GetProduct+GetSupportedCurrencies+ListRecommendations,Product Detail View,Convert+GetAds+GetCart+GetProduct+GetSupportedCurrencies+ListRecommendations,4125,4168,160857.0,412293.3999999999,801038.3599999979,162838.5,379558.8499999988,694554.6599999999,0.9206037496598268,5.730686890550133,5.788945170300266,0.0101818181818181,0.0057581573896353,-0.0044236607921828,0.0,0.0,0.0,1.0,0.0077595533065781,0.0077595533065781,False,False,1.0,False
re2ob_emailservice_loss_1,loss,emailservice,frontend::Convert+GetAds+GetCart+GetSupportedCurrencies+ListProducts,Home Page View,Convert+GetAds+GetCart+GetSupportedCurrencies+ListProducts,1013,966,592143.0,1273898.2,1783347.3199999998,571894.0,1129705.0,1344913.450000001,0.8868094797527778,1.4073177745763112,1.3416797107749658,0.0108588351431391,0.0031055900621118,-0.0077532450810273,0.0,0.0,0.0,0.119824826745259,-0.0488627143204593,0.0,False,False,0.479299306981036,False
re2ob_emailservice_loss_1,loss,emailservice,frontend::Convert+GetCart+GetProduct+GetQuote+GetSupportedCurrencies+ListRecommendations,Cart View,Convert+GetCart+GetProduct+GetQuote+GetSupportedCurrencies+ListRecommendations,1918,1908,264933.5,756850.0499999999,1061012.39,268984.5,735342.6499999998,1058274.3200000017,0.9715830103994838,2.66459574692731,2.6500257641393734,0.0104275286757038,0.0099580712788259,-0.0004694573968778,0.0,0.0,0.0,0.023574588947468,0.0470208856622573,0.0470208856622573,False,False,0.11787294473734,False
re2ob_emailservice_loss_1,loss,emailservice,frontend::GetProduct+GetSupportedCurrencies,frontend::GetProduct+GetSupportedCurrencies,GetProduct+GetSupportedCurrencies,0,1,,,,194565.0,194565.0,194565.0,,0.0,0.0013889023921065,,,,,0.0,,,,0.0,True,False,,False
re2ob_emailservice_loss_1,loss,emailservice,frontend::GetProduct+GetSupportedCurrencies+ListRecommendations+PlaceOrder,Place Order,GetProduct+GetSupportedCurrencies+ListRecommendations+PlaceOrder,327,302,384588.0,796342.4,1272652.4000000008,492563.0,1498268.05,3180091.34000001,1.8814369924293872,0.4542871789599741,0.4194485224161901,0.0122324159021406,0.0728476821192053,0.0606152662170646,0.0,0.0,0.0,1.9900597365406247e-12,0.3288575652631791,0.3288575652631791,False,False,1.3930418155784374e-11,True
re2ob_emailservice_loss_1,loss,emailservice,frontend::empty,frontend::empty,,827,795,292.0,724.6999999999999,996.7,299.0,719.5999999999999,1210.09999999999,0.9929626052159514,1.1489158929660508,1.104177401724739,0.0108827085852478,0.0188679245283018,0.007985215943054,0.0,0.0,0.0,1.0,0.0160358346071654,0.0160358346071654,False,False,1.0,False
re2ob_emailservice_loss_1,loss,emailservice,direct::hipstershop.CurrencyService/Convert,hipstershop.CurrencyService/Convert (direct),Convert,1087,1068,89202.0,188517.6,296605.4800000006,90140.5,180692.0,231114.0999999941,0.9584887564874578,1.5101228242492106,1.483347754769838,0.0101195952161913,0.0074906367041198,-0.0026289585120715,0.0,0.0,0.0,0.2523972177388625,0.0380501259350374,0.0380501259350374,False,False,0.7571916532165877,False
re2ob_emailservice_loss_2,loss,emailservice,frontend::AddItem+GetProduct,Add To Cart,AddItem+GetProduct,1004,1032,8352.5,14024.099999999997,43570.33000000004,8069.0,13389.199999999975,34567.11999999999,0.9547279326302566,1.3948609654271762,1.4333333333333331,0.0109561752988047,0.0087209302325581,-0.0022352450662466,0.0,0.0,0.0,2.556063673014669e-10,-0.1645983893881837,0.0,False,False,1.5336382038088015e-09,False
re2ob_emailservice_loss_2,loss,emailservice,frontend::Convert+GetAds+GetCart+GetProduct+GetSupportedCurrencies+ListRecommendations,Product Detail View,Convert+GetAds+GetCart+GetProduct+GetSupportedCurrencies+ListRecommendations,4382,4386,42551.0,113890.7,284300.2199999953,41925.0,112409.75,254192.499999998,0.9869967433688616,6.087929034364429,6.091666666666667,0.0100410771337288,0.008891928864569,-0.0011491482691598,0.0,0.0,0.0,8.494044990023853e-06,-0.0567151966663773,0.0,False,False,4.247022495011926e-05,False
re2ob_emailservice_loss_2,loss,emailservice,frontend::Convert+GetAds+GetCart+GetSupportedCurrencies+ListProducts,Home Page View,Convert+GetAds+GetCart+GetSupportedCurrencies+ListProducts,1028,982,126077.5,278065.6,517150.0200000008,124135.5,250599.44999999992,395313.26999999856,0.9012242075251304,1.4282042554373875,1.363888888888889,0.0107003891050583,0.0081466395112016,-0.0025537495938567,0.0,0.0,0.0,0.1117887619985105,-0.0492671590575891,0.0,False,False,0.3353662859955316,False
re2ob_emailservice_loss_2,loss,emailservice,frontend::Convert+GetCart+GetProduct+GetQuote+GetSupportedCurrencies+ListRecommendations,Cart View,Convert+GetCart+GetProduct+GetQuote+GetSupportedCurrencies+ListRecommendations,2033,2096,76612.0,222076.8,330176.36000000016,71169.0,222281.25,353757.1500000002,1.0009206274586089,2.824454524614989,2.911111111111111,0.0103295622233152,0.0124045801526717,0.0020750179293564,0.0,0.0,0.0,0.0118356033159886,-0.0494707085005801,0.0,False,False,0.0473424132639545,False
re2ob_emailservice_loss_2,loss,emailservice,frontend::Convert+GetCart+GetProduct+GetSupportedCurrencies+ListRecommendations,frontend::Convert+GetCart+GetProduct+GetSupportedCurrencies+ListRecommendations,Convert+GetCart+GetProduct+GetSupportedCurrencies+ListRecommendations,0,1,,,,76380.0,76380.0,76380.0,,0.0,0.0013888888888888,,,,,0.0,,,,0.0,True,False,,False
re2ob_emailservice_loss_2,loss,emailservice,frontend::GetCart+GetProduct+GetSupportedCurrencies+ListRecommendations,frontend::GetCart+GetProduct+GetSupportedCurrencies+ListRecommendations,GetCart+GetProduct+GetSupportedCurrencies+ListRecommendations,0,1,,,,85669.0,85669.0,85669.0,,0.0,0.0013888888888888,,,,,0.0,,,,0.0,True,False,,False
re2ob_emailservice_loss_2,loss,emailservice,frontend::GetProduct+GetSupportedCurrencies+ListRecommendations+PlaceOrder,Place Order,GetProduct+GetSupportedCurrencies+ListRecommendations+PlaceOrder,325,329,134420.0,284675.8,347799.91999999946,177429.0,750208.3999999997,1067034.4799999995,2.635307953819748,0.4515237188882791,0.4569444444444444,0.0123076923076923,0.1793313069908814,0.1670236146831891,0.0,0.0,0.0,4.375413817597175e-12,0.3173158756137479,0.3173158756137479,False,False,3.0627896723180224e-11,True
re2ob_emailservice_loss_2,loss,emailservice,frontend::empty,frontend::empty,,824,810,330.5,885.6999999999998,2088.3099999999945,323.0,877.8499999999997,1510.609999999995,0.9911369538218356,1.1447862903505908,1.125,0.0109223300970873,0.0086419753086419,-0.0022803547884454,0.0,0.0,0.0,1.0,-0.0101522234208318,0.0,False,False,1.0,False
re2ob_emailservice_loss_2,loss,emailservice,direct::hipstershop.CurrencyService/Convert,hipstershop.CurrencyService/Convert (direct),Convert,1126,1190,4991.0,72262.25,78358.5,5067.0,71352.74999999999,77543.00999999997,0.9874138986815382,1.564356022979084,1.6527777777777777,0.0106571936056838,0.0084033613445378,-0.002253832261146,0.0,0.0,0.0,0.6987608561048886,0.0224674239145037,0.0224674239145037,False,False,1.0,False
re2ob_emailservice_loss_3,loss,emailservice,frontend::AddItem+GetProduct,Add To Cart,AddItem+GetProduct,991,976,8094.0,15271.0,53484.20000000032,8206.5,14281.25,53720.25,0.9351876105035688,1.3763888888888889,1.3555555555555556,0.0100908173562058,0.0102459016393442,0.0001550842831384,0.0,0.0,0.0,0.0017590594923204,0.0866321483515575,0.0866321483515575,False,False,0.0105543569539227,False
re2ob_emailservice_loss_3,loss,emailservice,frontend::Convert+GetAds+GetCart+GetProduct+GetSupportedCurrencies+ListRecommendations,Product Detail View,Convert+GetAds+GetCart+GetProduct+GetSupportedCurrencies+ListRecommendations,4360,4334,41373.0,111903.45,285451.11999999994,41973.0,110099.95,219635.80000000136,0.9838834280801888,6.055555555555555,6.019444444444445,0.010091743119266,0.0076142131979695,-0.0024775299212965,0.0,0.0,0.0,0.2924380564990131,0.0179952731337027,0.0179952731337027,False,False,1.0,False
re2ob_emailservice_loss_3,loss,emailservice,frontend::Convert+GetAds+GetCart+GetSupportedCurrencies+ListProducts,Home Page View,Convert+GetAds+GetCart+GetSupportedCurrencies+ListProducts,1004,1044,124177.0,262245.8499999998,433058.3800000005,122680.5,253140.1,373314.7599999996,0.9652778108786094,1.3944444444444444,1.45,0.0109561752988047,0.0047892720306513,-0.0061669032681534,0.0,0.0,0.0,0.8267879560680962,-0.0208800812077361,0.0,False,False,1.0,False
re2ob_emailservice_loss_3,loss,emailservice,frontend::Convert+GetCart+GetProduct+GetQuote+GetSupportedCurrencies+ListRecommendations,Cart View,Convert+GetCart+GetProduct+GetQuote+GetSupportedCurrencies+ListRecommendations,2035,1962,67082.0,195623.19999999995,277161.48000000016,68185.5,199319.29999999984,284510.31999999983,1.018893975765655,2.826388888888889,2.725,0.0103194103194103,0.0117227319062181,0.0014033215868078,0.0,0.0,0.0,1.0,0.0074271101794036,0.0074271101794036,False,False,1.0,False
re2ob_emailservice_loss_3,loss,emailservice,frontend::Convert+GetCart+GetSupportedCurrencies+ListProducts,frontend::Convert+GetCart+GetSupportedCurrencies+ListProducts,Convert+GetCart+GetSupportedCurrencies+ListProducts,0,1,,,,107204.0,107204.0,107204.0,,0.0,0.0013888888888888,,,,,0.0,,,,0.0,True,False,,False
re2ob_emailservice_loss_3,loss,emailservice,frontend::GetProduct+GetSupportedCurrencies+ListRecommendations+PlaceOrder,Place Order,GetProduct+GetSupportedCurrencies+ListRecommendations+PlaceOrder,338,343,134002.5,265312.44999999995,292914.48,179855.0,891419.0,2037385.899999999,3.359883789848536,0.4694444444444444,0.4763888888888888,0.0118343195266272,0.2653061224489796,0.2534718029223524,0.0,0.0,0.0,1.9024343123930344e-11,0.3017320199423809,0.3017320199423809,False,False,1.331704018675124e-10,True
re2ob_emailservice_loss_3,loss,emailservice,frontend::empty,frontend::empty,,830,828,325.0,889.3499999999992,2165.5700000000134,333.0,924.95,1534.92,1.0400292348344304,1.1527777777777777,1.15,0.0108433734939759,0.001207729468599,-0.0096356440253768,0.0,0.0,0.0,1.0,0.0100576217915138,0.0100576217915138,False,False,1.0,False
re2ob_emailservice_loss_3,loss,emailservice,direct::hipstershop.CurrencyService/Convert,hipstershop.CurrencyService/Convert (direct),Convert,1154,1155,5102.5,69923.34999999999,75573.13,5039.0,69763.59999999999,77819.72000000003,0.9977153554570828,1.602777777777778,1.6041666666666667,0.0103986135181975,0.0181818181818181,0.0077832046636206,0.0,0.0,0.0,0.3140827177834206,-0.0340130695416657,0.0,False,False,1.0,False
re2ob_emailservice_mem_1,mem,emailservice,frontend::AddItem+GetProduct,Add To Cart,AddItem+GetProduct,984,985,8377.0,13710.99999999998,31521.03999999994,8462.0,16395.599999999995,96232.39999999997,1.1957989935088629,1.367204053815597,1.3680555555555556,0.0101626016260162,0.0233502538071065,0.0131876521810903,0.0,0.0,0.0,0.3960179760535358,0.0335066650158888,0.0335066650158888,False,False,1.0,False
re2ob_emailservice_mem_1,mem,emailservice,frontend::Convert+GetAds+GetCart+GetProduct+GetSupportedCurrencies+ListRecommendations,Product Detail View,Convert+GetAds+GetCart+GetProduct+GetSupportedCurrencies+ListRecommendations,4467,4323,49631.0,125850.69999999998,276147.90000000014,52494.0,136619.69999999992,274412.19999999914,1.0855696472089542,6.206606207717756,6.004166666666666,0.0100738750839489,0.0099467962063381,-0.0001270788776107,0.0,0.0,0.0,0.0629592110170122,0.0264966191788331,0.0264966191788331,False,False,0.314796055085061,False
re2ob_emailservice_mem_1,mem,emailservice,frontend::Convert+GetAds+GetCart+GetSupportedCurrencies+ListProducts,Home Page View,Convert+GetAds+GetCart+GetSupportedCurrencies+ListProducts,996,1016,181729.0,355699.0,480582.3499999997,184692.5,365501.5,573667.7000000001,1.0275584131526938,1.38387727398408,1.4111111111111112,0.0100401606425702,0.0137795275590551,0.0037393669164848,0.0,0.0,0.0,1.0,-0.0039478781266799,0.0,False,False,1.0,False
re2ob_emailservice_mem_1,mem,emailservice,frontend::Convert+GetCart+GetProduct+GetQuote+GetSupportedCurrencies+ListRecommendations,Cart View,Convert+GetCart+GetProduct+GetQuote+GetSupportedCurrencies+ListRecommendations,1971,1992,102534.0,256246.5,351351.3,110375.0,262167.2499999999,433583.6899999989,1.0231056814434534,2.7385764126733148,2.7666666666666666,0.0101471334348046,0.019578313253012,0.0094311798182073,0.0,0.0,0.0,0.0029924482914247,0.0582533074968569,0.0582533074968569,False,False,0.0179546897485483,False
re2ob_emailservice_mem_1,mem,emailservice,frontend::GetCart+GetProduct+GetSupportedCurrencies+ListRecommendations,frontend::GetCart+GetProduct+GetSupportedCurrencies+ListRecommendations,GetCart+GetProduct+GetSupportedCurrencies+ListRecommendations,0,1,,,,62986.0,62986.0,62986.0,,0.0,0.0013888888888888,,,,,0.0,,,,0.0,True,False,,False
re2ob_emailservice_mem_1,mem,emailservice,frontend::GetProduct+GetSupportedCurrencies,frontend::GetProduct+GetSupportedCurrencies,GetProduct+GetSupportedCurrencies,0,2,,,,68235.0,72179.7,72530.34,,0.0,0.0027777777777777,,,,,0.0,,,,0.0,True,False,,False
re2ob_emailservice_mem_1,mem,emailservice,frontend::GetProduct+GetSupportedCurrencies+ListRecommendations+PlaceOrder,Place Order,GetProduct+GetSupportedCurrencies+ListRecommendations+PlaceOrder,337,339,178093.0,292946.6,394773.5199999997,349830.0,1678033.2999999998,2091814.2,5.728120073760883,0.4682395997315611,0.4708333333333333,0.0118694362017804,0.4631268436578171,0.4512574074560366,0.0,0.0,0.0,3.3412834762320306e-36,0.5608308605341246,0.5608308605341246,False,False,2.3388984333624213e-35,True
re2ob_emailservice_mem_1,mem,emailservice,frontend::empty,frontend::empty,,822,842,309.5,791.6999999999996,1290.769999999994,315.5,800.8999999999999,1345.3100000000036,1.0116205633447015,1.142115581541078,1.1694444444444445,0.010948905109489,0.010688836104513,-0.0002600690049759,0.0,0.0,0.0,0.8196274986459919,0.0233411931965947,0.0233411931965947,False,False,1.0,False
re2ob_emailservice_mem_1,mem,emailservice,direct::hipstershop.CurrencyService/Convert,hipstershop.CurrencyService/Convert (direct),Convert,1145,1138,4998.0,79237.2,83522.43999999999,5261.5,81171.19999999998,91755.10999999962,1.0244077276834616,1.5909030910760755,1.5805555555555555,0.0104803493449781,0.0254833040421792,0.015002954697201,0.0,0.0,0.0,0.0685947968226432,0.0511623088080674,0.0511623088080674,False,False,0.314796055085061,False
re2ob_emailservice_mem_2,mem,emailservice,frontend::AddItem+GetProduct,Add To Cart,AddItem+GetProduct,1027,1013,8168.0,11201.599999999997,25500.46000000002,8176.0,11600.6,74248.08,1.035619911441223,1.4263908699873191,1.4069444444444446,0.0107108081791626,0.0197433366238894,0.0090325284447268,0.0,0.0,0.0,1.0,0.0137886155730133,0.0137886155730133,False,False,1.0,False
re2ob_emailservice_mem_2,mem,emailservice,frontend::Convert+GetAds+GetCart+GetProduct+GetSupportedCurrencies+ListRecommendations,Product Detail View,Convert+GetAds+GetCart+GetProduct+GetSupportedCurrencies+ListRecommendations,4348,4263,39642.5,101834.64999999998,154149.5999999994,40741.0,130142.89999999998,381497.3200000004,1.2779824941706974,6.0388972762462165,5.920833333333333,0.0101195952161913,0.0415200562983814,0.03140046108219,0.0,0.0,0.0,2.5820531823854964e-16,0.1029735657864325,0.1029735657864325,False,False,1.5492319094312977e-15,False
re2ob_emailservice_mem_2,mem,emailservice,frontend::Convert+GetAds+GetCart+GetSupportedCurrencies+ListProducts,Home Page View,Convert+GetAds+GetCart+GetSupportedCurrencies+ListProducts,987,1079,105396.0,207940.4999999997,279520.43999999994,108300.0,241454.89999999988,405664.9400000004,1.1611730278613364,1.3708352372711627,1.4986111111111111,0.0101317122593718,0.0268767377201112,0.0167450254607393,0.0,0.0,0.0,0.2078096033549541,0.0413644289573538,0.0413644289573538,False,False,0.6234288100648624,False
re2ob_emailservice_mem_2,mem,emailservice,frontend::Convert+GetCart+GetProduct+GetQuote+GetSupportedCurrencies+ListRecommendations,Cart View,Convert+GetCart+GetProduct+GetQuote+GetSupportedCurrencies+ListRecommendations,2044,2022,63639.0,171115.19999999998,250789.13,69171.5,201910.39999999967,352020.3799999998,1.179967647526343,2.8388928317955995,2.808333333333333,0.0102739726027397,0.0286844708209693,0.0184104982182296,0.0,0.0,0.0,0.0003459420684152,0.0680172215221603,0.0680172215221603,False,False,0.001729710342076,False
re2ob_emailservice_mem_2,mem,emailservice,frontend::Convert+GetCart+GetProduct+GetSupportedCurrencies+ListRecommendations,frontend::Convert+GetCart+GetProduct+GetSupportedCurrencies+ListRecommendations,Convert+GetCart+GetProduct+GetSupportedCurrencies+ListRecommendations,0,1,,,,37717.0,37717.0,37717.0,,0.0,0.0013888888888888,,,,,0.0,,,,0.0,True,False,,False
re2ob_emailservice_mem_2,mem,emailservice,frontend::GetProduct+GetSupportedCurrencies+ListRecommendations+PlaceOrder,Place Order,GetProduct+GetSupportedCurrencies+ListRecommendations+PlaceOrder,328,337,129948.5,243838.44999999975,348232.46000000165,303512.0,1783551.0,2111642.8,7.314478089899282,0.4555561882724837,0.4680555555555555,0.0121951219512195,0.4688427299703264,0.4566476080191068,0.0,0.0,0.0,8.314637717183096e-50,0.6670586958095099,0.6670586958095099,False,False,5.820246402028167e-49,True
re2ob_emailservice_mem_2,mem,emailservice,frontend::empty,frontend::empty,,795,864,295.0,771.4999999999993,1183.839999999991,312.5,817.8499999999999,1622.7100000000005,1.0600777705767992,1.1041682002336115,1.2,0.010062893081761,0.0173611111111111,0.0072982180293501,0.0,0.0,0.0,0.2998314933038647,0.0408674004192872,0.0408674004192872,False,False,0.6234288100648624,False
re2ob_emailservice_mem_2,mem,emailservice,direct::hipstershop.CurrencyService/Convert,hipstershop.CurrencyService/Convert (direct),Convert,1147,1170,4490.0,66460.70000000001,73815.84,4623.0,68546.49999999999,78351.86999999998,1.0313839607467266,1.593057768135789,1.625,0.010462074978204,0.023076923076923,0.012614848098719,0.0,0.0,0.0,0.083036750379864,0.0489102005231036,0.0489102005231036,False,False,0.3321470015194563,False
re2ob_emailservice_mem_3,mem,emailservice,frontend::AddItem,frontend::AddItem,AddItem,0,40,,,,8082.0,10103.849999999997,11620.3,,0.0,0.0555556327161565,,,,,0.0,,,,0.0,True,False,,False
re2ob_emailservice_mem_3,mem,emailservice,frontend::AddItem+GetProduct,Add To Cart,AddItem+GetProduct,978,884,8140.0,11233.149999999992,32292.84000000001,8153.0,11310.899999999994,61635.43999999995,1.0069214779469695,1.3584974851127845,1.2277794830270596,0.0102249488752556,0.0147058823529411,0.0044809334776855,0.0,0.0,0.0,1.0,0.0177907170418898,0.0177907170418898,False,False,1.0,False
re2ob_emailservice_mem_3,mem,emailservice,frontend::Convert,frontend::Convert,Convert,0,1,,,,157440.0,157440.0,157440.0,,0.0,0.0013888908179039,,,,,0.0,,,,0.0,True,False,,False
re2ob_emailservice_mem_3,mem,emailservice,frontend::Convert+GetAds+GetCart,frontend::Convert+GetAds+GetCart,Convert+GetAds+GetCart,0,5,,,,118154.0,127114.6,127902.92,,0.0,0.0069444540895195,,,,,0.0,,,,0.0,True,False,,False
re2ob_emailservice_mem_3,mem,emailservice,frontend::Convert+GetAds+GetCart+GetProduct,frontend::Convert+GetAds+GetCart+GetProduct,Convert+GetAds+GetCart+GetProduct,0,21,,,,38285.0,67039.0,90979.80000000002,,0.0,0.0291667071759821,,,,,0.0,,,,0.0,True,False,,False
re2ob_emailservice_mem_3,mem,emailservice,frontend::Convert+GetAds+GetCart+GetProduct+GetSupportedCurrencies,frontend::Convert+GetAds+GetCart+GetProduct+GetSupportedCurrencies,Convert+GetAds+GetCart+GetProduct+GetSupportedCurrencies,0,108,,,,40640.5,113776.94999999998,173050.08,,0.0,0.1500002083336226,,,,,0.0,,,,0.0,True,False,,False
re2ob_emailservice_mem_3,mem,emailservice,frontend::Convert+GetAds+GetCart+GetProduct+GetSupportedCurrencies+ListRecommendations,Product Detail View,Convert+GetAds+GetCart+GetProduct+GetSupportedCurrencies+ListRecommendations,4468,3407,39402.5,105806.64999999998,303782.58999999554,40354.0,117684.79999999994,363794.2600000003,1.1122627925560442,6.206305484134888,4.731951016598634,0.0100716204118173,0.0143821543880246,0.0043105339762072,0.0,0.0,0.0,1.9067940522615616e-08,0.0753654661698923,0.0753654661698923,False,False,9.533970261307809e-08,False
re2ob_emailservice_mem_3,mem,emailservice,frontend::Convert+GetAds+GetCart+GetProduct+ListRecommendations,frontend::Convert+GetAds+GetCart+GetProduct+ListRecommendations,Convert+GetAds+GetCart+GetProduct+ListRecommendations,0,88,,,,40438.5,111297.14999999998,150345.37999999948,,0.0,0.1222223919755444,,,,,0.0,,,,0.0,True,False,,False
re2ob_emailservice_mem_3,mem,emailservice,frontend::Convert+GetAds+GetCart+GetSupportedCurrencies,frontend::Convert+GetAds+GetCart+GetSupportedCurrencies,Convert+GetAds+GetCart+GetSupportedCurrencies,0,26,,,,110280.5,357787.75,634745.25,,0.0,0.0361111612655017,,,,,0.0,,,,0.0,True,False,,False
re2ob_emailservice_mem_3,mem,emailservice,frontend::Convert+GetAds+GetCart+GetSupportedCurrencies+ListProducts,Home Page View,Convert+GetAds+GetCart+GetSupportedCurrencies+ListProducts,941,812,106758.0,222217.0,390219.4,109492.0,226466.1,413793.9299999998,1.019121399352885,1.3071023859827506,1.127779344137978,0.0106269925611052,0.0123152709359605,0.0016882783748553,0.0,0.0,0.0,1.0,0.0027248027724409,0.0027248027724409,False,False,1.0,False
re2ob_emailservice_mem_3,mem,emailservice,frontend::Convert+GetAds+GetCart+ListProducts,frontend::Convert+GetAds+GetCart+ListProducts,Convert+GetAds+GetCart+ListProducts,0,31,,,,121452.0,695422.5,1097894.9,,0.0,0.0430556153550213,,,,,0.0,,,,0.0,True,False,,False
re2ob_emailservice_mem_3,mem,emailservice,frontend::Convert+GetAds+GetProduct,frontend::Convert+GetAds+GetProduct,Convert+GetAds+GetProduct,0,3,,,,36848.0,70500.8,73492.16,,0.0,0.0041666724537117,,,,,0.0,,,,0.0,True,False,,False
re2ob_emailservice_mem_3,mem,emailservice,frontend::Convert+GetAds+GetProduct+GetSupportedCurrencies,frontend::Convert+GetAds+GetProduct+GetSupportedCurrencies,Convert+GetAds+GetProduct+GetSupportedCurrencies,0,21,,,,49269.0,110179.0,150292.60000000003,,0.0,0.0291667071759821,,,,,0.0,,,,0.0,True,False,,False
re2ob_emailservice_mem_3,mem,emailservice,frontend::Convert+GetAds+GetProduct+GetSupportedCurrencies+ListRecommendations,frontend::Convert+GetAds+GetProduct+GetSupportedCurrencies+ListRecommendations,Convert+GetAds+GetProduct+GetSupportedCurrencies+ListRecommendations,0,82,,,,39609.5,105318.55000000005,204329.5699999997,,0.0,0.1138890470681209,,,,,0.0,,,,0.0,True,False,,False
re2ob_emailservice_mem_3,mem,emailservice,frontend::Convert+GetAds+GetProduct+ListRecommendations,frontend::Convert+GetAds+GetProduct+ListRecommendations,Convert+GetAds+GetProduct+ListRecommendations,0,21,,,,39887.0,92990.0,118025.20000000004,,0.0,0.0291667071759821,,,,,0.0,,,,0.0,True,False,,False
re2ob_emailservice_mem_3,mem,emailservice,frontend::Convert+GetAds+GetSupportedCurrencies,frontend::Convert+GetAds+GetSupportedCurrencies,Convert+GetAds+GetSupportedCurrencies,0,7,,,,115910.0,219737.8,225885.16,,0.0,0.0097222357253273,,,,,0.0,,,,0.0,True,False,,False
re2ob_emailservice_mem_3,mem,emailservice,frontend::Convert+GetAds+GetSupportedCurrencies+ListProducts,frontend::Convert+GetAds+GetSupportedCurrencies+ListProducts,Convert+GetAds+GetSupportedCurrencies+ListProducts,0,30,,,,135154.5,267590.2,785389.9800000007,,0.0,0.0416667245371174,,,,,0.0,,,,0.0,True,False,,False
re2ob_emailservice_mem_3,mem,emailservice,frontend::Convert+GetAds+ListProducts,frontend::Convert+GetAds+ListProducts,Convert+GetAds+ListProducts,0,2,,,,110206.5,131955.45,133888.69,,0.0,0.0027777816358078,,,,,0.0,,,,0.0,True,False,,False
re2ob_emailservice_mem_3,mem,emailservice,frontend::Convert+GetCart+GetProduct,frontend::Convert+GetCart+GetProduct,Convert+GetCart+GetProduct,0,5,,,,47438.0,81887.59999999999,87935.92,,0.0,0.0069444540895195,,,,,0.0,,,,0.0,True,False,,False
re2ob_emailservice_mem_3,mem,emailservice,frontend::Convert+GetCart+GetProduct+GetQuote,frontend::Convert+GetCart+GetProduct+GetQuote,Convert+GetCart+GetProduct+GetQuote,0,6,,,,99572.0,160421.75,173299.55000000002,,0.0,0.0083333449074234,,,,,0.0,,,,0.0,True,False,,False
re2ob_emailservice_mem_3,mem,emailservice,frontend::Convert+GetCart+GetProduct+GetQuote+GetSupportedCurrencies,frontend::Convert+GetCart+GetProduct+GetQuote+GetSupportedCurrencies,Convert+GetCart+GetProduct+GetQuote+GetSupportedCurrencies,0,43,,,,69816.0,169337.8,370863.7599999998,,0.0,0.0597223051698682,,,,,0.0,,,,0.0,True,False,,False
re2ob_emailservice_mem_3,mem,emailservice,frontend::Convert+GetCart+GetProduct+GetQuote+GetSupportedCurrencies+ListRecommendations,Cart View,Convert+GetCart+GetProduct+GetQuote+GetSupportedCurrencies+ListRecommendations,1975,1601,61292.0,182729.3,302553.75999999995,72773.0,203842.0,386236.0,1.1155408574322785,2.743387048157208,2.223614199464166,0.010126582278481,0.0174890693316677,0.0073624870531866,0.0,0.0,0.0,3.220434152064341e-11,0.1308356327927957,0.1308356327927957,False,False,1.9322604912386042e-10,False
re2ob_emailservice_mem_3,mem,emailservice,frontend::Convert+GetCart+GetProduct+GetQuote+ListRecommendations,frontend::Convert+GetCart+GetProduct+GetQuote+ListRecommendations,Convert+GetCart+GetProduct+GetQuote+ListRecommendations,0,56,,,,74223.5,156176.75,213532.4000000001,,0.0,0.0777778858026191,,,,,0.0,,,,0.0,True,False,,False
re2ob_emailservice_mem_3,mem,emailservice,frontend::Convert+GetCart+GetProduct+GetSupportedCurrencies,frontend::Convert+GetCart+GetProduct+GetSupportedCurrencies,Convert+GetCart+GetProduct+GetSupportedCurrencies,0,29,,,,57656.0,157226.39999999994,283134.7999999998,,0.0,0.0402778337192135,,,,,0.0,,,,0.0,True,False,,False
re2ob_emailservice_mem_3,mem,emailservice,frontend::Convert+GetCart+GetProduct+GetSupportedCurrencies+ListRecommendations,frontend::Convert+GetCart+GetProduct+GetSupportedCurrencies+ListRecommendations,Convert+GetCart+GetProduct+GetSupportedCurrencies+ListRecommendations,0,169,,,,49891.0,203861.99999999997,466868.8799999988,,0.0,0.2347225482257614,,,,,0.0,,,,0.0,True,False,,False
re2ob_emailservice_mem_3,mem,emailservice,frontend::Convert+GetCart+GetProduct+ListRecommendations,frontend::Convert+GetCart+GetProduct+ListRecommendations,Convert+GetCart+GetProduct+ListRecommendations,0,37,,,,41829.0,154434.19999999992,207110.20000000004,,0.0,0.0513889602624448,,,,,0.0,,,,0.0,True,False,,False
re2ob_emailservice_mem_3,mem,emailservice,frontend::Convert+GetCart+GetSupportedCurrencies,frontend::Convert+GetCart+GetSupportedCurrencies,Convert+GetCart+GetSupportedCurrencies,0,5,,,,80046.0,110214.6,114558.92,,0.0,0.0069444540895195,,,,,0.0,,,,0.0,True,False,,False
re2ob_emailservice_mem_3,mem,emailservice,frontend::Convert+GetCart+GetSupportedCurrencies+ListProducts,frontend::Convert+GetCart+GetSupportedCurrencies+ListProducts,Convert+GetCart+GetSupportedCurrencies+ListProducts,0,26,,,,103699.0,511660.25,1223243.25,,0.0,0.0361111612655017,,,,,0.0,,,,0.0,True,False,,False
re2ob_emailservice_mem_3,mem,emailservice,frontend::Convert+GetCart+ListProducts,frontend::Convert+GetCart+ListProducts,Convert+GetCart+ListProducts,0,4,,,,109139.5,163523.14999999997,170967.83,,0.0,0.0055555632716156,,,,,0.0,,,,0.0,True,False,,False
re2ob_emailservice_mem_3,mem,emailservice,frontend::Convert+GetProduct,frontend::Convert+GetProduct,Convert+GetProduct,0,3,,,,102925.0,132886.9,135550.18,,0.0,0.0041666724537117,,,,,0.0,,,,0.0,True,False,,False
re2ob_emailservice_mem_3,mem,emailservice,frontend::Convert+GetProduct+GetQuote+GetSupportedCurrencies,frontend::Convert+GetProduct+GetQuote+GetSupportedCurrencies,Convert+GetProduct+GetQuote+GetSupportedCurrencies,0,7,,,,123389.0,235683.99999999997,250940.8,,0.0,0.0097222357253273,,,,,0.0,,,,0.0,True,False,,False
re2ob_emailservice_mem_3,mem,emailservice,frontend::Convert+GetProduct+GetQuote+GetSupportedCurrencies+ListRecommendations,frontend::Convert+GetProduct+GetQuote+GetSupportedCurrencies+ListRecommendations,Convert+GetProduct+GetQuote+GetSupportedCurrencies+ListRecommendations,0,60,,,,78478.0,201526.89999999997,251824.86,,0.0,0.0833334490742348,,,,,0.0,,,,0.0,True,False,,False
re2ob_emailservice_mem_3,mem,emailservice,frontend::Convert+GetProduct+GetQuote+ListRecommendations,frontend::Convert+GetProduct+GetQuote+ListRecommendations,Convert+GetProduct+GetQuote+ListRecommendations,0,9,,,,71444.0,138522.19999999998,156214.04,,0.0,0.0125000173611352,,,,,0.0,,,,0.0,True,False,,False
re2ob_emailservice_mem_3,mem,emailservice,frontend::Convert+GetProduct+GetSupportedCurrencies,frontend::Convert+GetProduct+GetSupportedCurrencies,Convert+GetProduct+GetSupportedCurrencies,0,3,,,,143921.0,160726.7,162220.54,,0.0,0.0041666724537117,,,,,0.0,,,,0.0,True,False,,False
re2ob_emailservice_mem_3,mem,emailservice,frontend::Convert+GetProduct+GetSupportedCurrencies+ListRecommendations,frontend::Convert+GetProduct+GetSupportedCurrencies+ListRecommendations,Convert+GetProduct+GetSupportedCurrencies+ListRecommendations,0,36,,,,42845.5,114342.25,140145.69999999998,,0.0,0.0500000694445408,,,,,0.0,,,,0.0,True,False,,False
re2ob_emailservice_mem_3,mem,emailservice,frontend::Convert+GetProduct+ListRecommendations,frontend::Convert+GetProduct+ListRecommendations,Convert+GetProduct+ListRecommendations,0,8,,,,44280.5,320260.59999999986,377650.52,,0.0,0.0111111265432313,,,,,0.0,,,,0.0,True,False,,False
re2ob_emailservice_mem_3,mem,emailservice,frontend::Convert+GetSupportedCurrencies+ListProducts,frontend::Convert+GetSupportedCurrencies+ListProducts,Convert+GetSupportedCurrencies+ListProducts,0,3,,,,57352.0,108728.5,113295.3,,0.0,0.0041666724537117,,,,,0.0,,,,0.0,True,False,,False
re2ob_emailservice_mem_3,mem,emailservice,frontend::Convert+ListProducts,frontend::Convert+ListProducts,Convert+ListProducts,0,1,,,,122279.0,122279.0,122279.0,,0.0,0.0013888908179039,,,,,0.0,,,,0.0,True,False,,False
re2ob_emailservice_mem_3,mem,emailservice,frontend::GetAds+GetCart+GetProduct,frontend::GetAds+GetCart+GetProduct,GetAds+GetCart+GetProduct,0,4,,,,36311.0,58082.09999999999,61116.41999999999,,0.0,0.0055555632716156,,,,,0.0,,,,0.0,True,False,,False
re2ob_emailservice_mem_3,mem,emailservice,frontend::GetAds+GetCart+GetProduct+GetSupportedCurrencies,frontend::GetAds+GetCart+GetProduct+GetSupportedCurrencies,GetAds+GetCart+GetProduct+GetSupportedCurrencies,0,16,,,,39580.0,93702.5,99730.1,,0.0,0.0222222530864626,,,,,0.0,,,,0.0,True,False,,False
re2ob_emailservice_mem_3,mem,emailservice,frontend::GetAds+GetCart+GetProduct+GetSupportedCurrencies+ListRecommendations,frontend::GetAds+GetCart+GetProduct+GetSupportedCurrencies+ListRecommendations,GetAds+GetCart+GetProduct+GetSupportedCurrencies+ListRecommendations,0,96,,,,42735.0,128012.0,349874.69999999984,,0.0,0.1333335185187757,,,,,0.0,,,,0.0,True,False,,False
re2ob_emailservice_mem_3,mem,emailservice,frontend::GetAds+GetCart+GetProduct+ListRecommendations,frontend::GetAds+GetCart+GetProduct+ListRecommendations,GetAds+GetCart+GetProduct+ListRecommendations,0,24,,,,39306.5,131458.99999999997,159427.15,,0.0,0.0333333796296939,,,,,0.0,,,,0.0,True,False,,False
re2ob_emailservice_mem_3,mem,emailservice,frontend::GetAds+GetProduct,frontend::GetAds+GetProduct,GetAds+GetProduct,0,2,,,,44025.5,46316.45,46520.09,,0.0,0.0027777816358078,,,,,0.0,,,,0.0,True,False,,False
re2ob_emailservice_mem_3,mem,emailservice,frontend::GetAds+GetProduct+GetSupportedCurrencies,frontend::GetAds+GetProduct+GetSupportedCurrencies,GetAds+GetProduct+GetSupportedCurrencies,0,4,,,,39861.0,54748.34999999999,56758.47,,0.0,0.0055555632716156,,,,,0.0,,,,0.0,True,False,,False
re2ob_emailservice_mem_3,mem,emailservice,frontend::GetAds+GetProduct+GetSupportedCurrencies+ListRecommendations,frontend::GetAds+GetProduct+GetSupportedCurrencies+ListRecommendations,GetAds+GetProduct+GetSupportedCurrencies+ListRecommendations,0,23,,,,49063.0,105574.19999999998,121053.32000000002,,0.0,0.03194448881179,,,,,0.0,,,,0.0,True,False,,False
re2ob_emailservice_mem_3,mem,emailservice,frontend::GetAds+GetProduct+ListRecommendations,frontend::GetAds+GetProduct+ListRecommendations,GetAds+GetProduct+ListRecommendations,0,3,,,,65650.0,131780.19999999998,137658.44,,0.0,0.0041666724537117,,,,,0.0,,,,0.0,True,False,,False
re2ob_emailservice_mem_3,mem,emailservice,frontend::GetCart+GetProduct+GetQuote+GetSupportedCurrencies,frontend::GetCart+GetProduct+GetQuote+GetSupportedCurrencies,GetCart+GetProduct+GetQuote+GetSupportedCurrencies,0,1,,,,200148.0,200148.0,200148.0,,0.0,0.0013888908179039,,,,,0.0,,,,0.0,True,False,,False
re2ob_emailservice_mem_3,mem,emailservice,frontend::GetCart+GetProduct+GetQuote+GetSupportedCurrencies+ListRecommendations,frontend::GetCart+GetProduct+GetQuote+GetSupportedCurrencies+ListRecommendations,GetCart+GetProduct+GetQuote+GetSupportedCurrencies+ListRecommendations,0,10,,,,41544.0,77031.19999999997,87724.64,,0.0,0.0138889081790391,,,,,0.0,,,,0.0,True,False,,False
re2ob_emailservice_mem_3,mem,emailservice,frontend::GetCart+GetProduct+GetQuote+ListRecommendations,frontend::GetCart+GetProduct+GetQuote+ListRecommendations,GetCart+GetProduct+GetQuote+ListRecommendations,0,3,,,,69125.0,98043.8,100614.36,,0.0,0.0041666724537117,,,,,0.0,,,,0.0,True,False,,False
re2ob_emailservice_mem_3,mem,emailservice,frontend::GetCart+GetProduct+GetSupportedCurrencies,frontend::GetCart+GetProduct+GetSupportedCurrencies,GetCart+GetProduct+GetSupportedCurrencies,0,5,,,,38552.0,44134.0,44534.8,,0.0,0.0069444540895195,,,,,0.0,,,,0.0,True,False,,False
re2ob_emailservice_mem_3,mem,emailservice,frontend::GetCart+GetProduct+GetSupportedCurrencies+ListRecommendations,frontend::GetCart+GetProduct+GetSupportedCurrencies+ListRecommendations,GetCart+GetProduct+GetSupportedCurrencies+ListRecommendations,0,17,,,,45705.0,89638.0,95036.4,,0.0,0.0236111439043665,,,,,0.0,,,,0.0,True,False,,False
re2ob_emailservice_mem_3,mem,emailservice,frontend::GetCart+GetProduct+ListRecommendations,frontend::GetCart+GetProduct+ListRecommendations,GetCart+GetProduct+ListRecommendations,0,3,,,,37979.0,44417.6,44989.92,,0.0,0.0041666724537117,,,,,0.0,,,,0.0,True,False,,False
re2ob_emailservice_mem_3,mem,emailservice,frontend::GetProduct,frontend::GetProduct,GetProduct,0,49,,,,8132.0,16317.799999999945,44085.11999999985,,0.0,0.0680556500772917,,,,,0.0,,,,0.0,True,False,,False
re2ob_emailservice_mem_3,mem,emailservice,frontend::GetProduct+GetQuote+GetSupportedCurrencies+ListRecommendations,frontend::GetProduct+GetQuote+GetSupportedCurrencies+ListRecommendations,GetProduct+GetQuote+GetSupportedCurrencies+ListRecommendations,0,3,,,,35840.0,55319.6,57051.12,,0.0,0.0041666724537117,,,,,0.0,,,,0.0,True,False,,False
re2ob_emailservice_mem_3,mem,emailservice,frontend::GetProduct+GetSupportedCurrencies,frontend::GetProduct+GetSupportedCurrencies,GetProduct+GetSupportedCurrencies,0,6,,,,188704.5,877524.25,988616.85,,0.0,0.0083333449074234,,,,,0.0,,,,0.0,True,False,,False
re2ob_emailservice_mem_3,mem,emailservice,frontend::GetProduct+GetSupportedCurrencies+ListRecommendations,frontend::GetProduct+GetSupportedCurrencies+ListRecommendations,GetProduct+GetSupportedCurrencies+ListRecommendations,0,16,,,,218959.0,1910590.0,3290882.8,,0.0,0.0222222530864626,,,,,0.0,,,,0.0,True,False,,False
re2ob_emailservice_mem_3,mem,emailservice,frontend::GetProduct+GetSupportedCurrencies+ListRecommendations+PlaceOrder,Place Order,GetProduct+GetSupportedCurrencies+ListRecommendations+PlaceOrder,338,257,127018.0,223342.2999999996,371398.9299999998,367014.0,1741406.4,1966239.76,7.797029044654788,0.4695011758365247,0.3569449402013058,0.0118343195266272,0.490272373540856,0.4784380540142288,0.0,0.0,0.0,4.459528486873242e-44,0.6683167177031291,0.6683167177031291,False,False,3.121669940811269e-43,True
re2ob_emailservice_mem_3,mem,emailservice,frontend::GetProduct+GetSupportedCurrencies+PlaceOrder,frontend::GetProduct+GetSupportedCurrencies+PlaceOrder,GetProduct+GetSupportedCurrencies+PlaceOrder,0,12,,,,223572.5,814638.7499999997,1054735.7500000002,,0.0,0.0166666898148469,,,,,0.0,,,,0.0,True,False,,False
re2ob_emailservice_mem_3,mem,emailservice,frontend::GetProduct+ListRecommendations,frontend::GetProduct+ListRecommendations,GetProduct+ListRecommendations,0,4,,,,160540.5,451669.2,475579.44,,0.0,0.0055555632716156,,,,,0.0,,,,0.0,True,False,,False
re2ob_emailservice_mem_3,mem,emailservice,frontend::GetProduct+ListRecommendations+PlaceOrder,frontend::GetProduct+ListRecommendations+PlaceOrder,GetProduct+ListRecommendations+PlaceOrder,0,7,,,,599214.0,1518395.7,1533311.94,,0.0,0.0097222357253273,,,,,0.0,,,,0.0,True,False,,False
re2ob_emailservice_mem_3,mem,emailservice,frontend::GetProduct+PlaceOrder,frontend::GetProduct+PlaceOrder,GetProduct+PlaceOrder,0,1,,,,195027.0,195027.0,195027.0,,0.0,0.0013888908179039,,,,,0.0,,,,0.0,True,False,,False
re2ob_emailservice_mem_3,mem,emailservice,frontend::empty,frontend::empty,,751,782,318.0,913.5,1760.0,310.0,964.8499999999984,2242.5699999999524,1.0562123700054715,1.043181606666361,1.0861126196008606,0.0106524633821571,0.0153452685421994,0.0046928051600423,0.0,0.0,0.0,1.0,-0.0138843008980353,0.0,False,False,1.0,False
re2ob_emailservice_mem_3,mem,emailservice,direct::hipstershop.CurrencyService/Convert,hipstershop.CurrencyService/Convert (direct),Convert,1138,1061,4613.0,68681.79999999999,77972.4,4644.0,69007.0,78708.0,1.0047348788179695,1.5807465624318493,1.4736131577960525,0.0105448154657293,0.0131950989632422,0.0026502834975128,0.0,0.0,0.0,0.3167507377721854,0.0347634373514391,0.0347634373514391,False,False,1.0,False
re2ob_emailservice_socket_1,socket,emailservice,frontend::AddItem+GetProduct,Add To Cart,AddItem+GetProduct,1010,1029,8091.0,12757.45,36121.01999999993,7944.0,13640.999999999982,40601.80000000005,1.0692575710663168,1.40278167439354,1.4291666666666667,0.0108910891089108,0.0136054421768707,0.0027143530679598,0.0,0.0,0.0,0.0048166481989635,-0.0776241472543756,0.0,False,False,0.033716537392745,False
re2ob_emailservice_socket_1,socket,emailservice,frontend::Convert+GetAds+GetCart+GetProduct+GetSupportedCurrencies+ListRecommendations,Product Detail View,Convert+GetAds+GetCart+GetProduct+GetSupportedCurrencies+ListRecommendations,4421,4353,42077.0,111982.0,184499.20000000016,41585.0,111820.79999999996,216511.6399999977,0.9985604829347572,6.140294834152317,6.045833333333333,0.0101786926034833,0.0119457845164254,0.001767091912942,0.0,0.0,0.0,0.031226411589518,-0.0298081858024372,0.0,False,False,0.187358469537108,False
re2ob_emailservice_socket_1,socket,emailservice,frontend::Convert+GetAds+GetCart+GetSupportedCurrencies+ListProducts,Home Page View,Convert+GetAds+GetCart+GetSupportedCurrencies+ListProducts,1021,1037,124751.0,276021.0,436120.4,124647.0,277571.6,361565.20000000007,1.0056176885092076,1.4180594946097071,1.4402777777777778,0.0107737512242899,0.0048216007714561,-0.0059521504528337,0.0,0.0,0.0,1.0,-0.0111307669131459,0.0,False,False,1.0,False
re2ob_emailservice_socket_1,socket,emailservice,frontend::Convert+GetCart+GetProduct+GetQuote+GetSupportedCurrencies+ListRecommendations,Cart View,Convert+GetCart+GetProduct+GetQuote+GetSupportedCurrencies+ListRecommendations,1980,2076,71255.5,196903.85,287918.69000000024,72123.5,214345.5,318843.75,1.0885795275206658,2.750007638910108,2.8833333333333333,0.0101010101010101,0.0149325626204238,0.0048315525194137,0.0,0.0,0.0,1.0,0.0073821062260368,0.0073821062260368,False,False,1.0,False
re2ob_emailservice_socket_1,socket,emailservice,frontend::GetProduct+GetSupportedCurrencies+ListRecommendations+PlaceOrder,Place Order,GetProduct+GetSupportedCurrencies+ListRecommendations+PlaceOrder,329,339,142644.0,271024.19999999995,355026.95999999734,146907.0,294916.8,449326.7600000004,1.088156703349738,0.4569457137380937,0.4708333333333333,0.0121580547112462,0.0176991150442477,0.0055410603330015,0.0,0.0,0.0,0.0481149734759795,0.1008957150926648,0.1008957150926648,False,False,0.2405748673798977,False
re2ob_emailservice_socket_1,socket,emailservice,frontend::empty,frontend::empty,,822,840,324.0,856.7499999999997,1543.7099999999946,330.0,871.1499999999999,1902.2400000000025,1.0168077035307852,1.141669837971772,1.1666666666666667,0.010948905109489,0.013095238095238,0.002146332985749,0.0,0.0,0.0,0.9334547449167778,0.0206233344919475,0.0206233344919475,False,False,1.0,False
re2ob_emailservice_socket_1,socket,emailservice,direct::hipstershop.CurrencyService/Convert,hipstershop.CurrencyService/Convert (direct),Convert,1159,1157,5153.0,71482.29999999997,79045.12000000008,5258.0,70797.8,79121.56000000001,0.990424202914568,1.60972669368526,1.6069444444444445,0.0103537532355478,0.0112359550561797,0.0008822018206318,0.0,0.0,0.0,0.1333400527980473,0.0440124000438491,0.0440124000438491,False,False,0.5333602111921892,False
re2ob_emailservice_socket_2,socket,emailservice,frontend::AddItem+GetProduct,Add To Cart,AddItem+GetProduct,1006,1077,8039.5,12725.0,44945.15000000014,8071.0,13377.999999999998,32749.28000000001,1.0513163064833004,1.397224162811337,1.4958416435646864,0.0109343936381709,0.0018570102135561,-0.0090773834246148,0.0,0.0,0.0,1.0,0.0160688607445391,0.0160688607445391,False,False,1.0,False
re2ob_emailservice_socket_2,socket,emailservice,frontend::Convert+GetAds+GetCart+GetProduct+GetSupportedCurrencies+ListRecommendations,Product Detail View,Convert+GetAds+GetCart+GetProduct+GetSupportedCurrencies+ListRecommendations,4340,4434,41572.0,110126.30000000005,277307.7199999981,41532.0,110859.34999999992,180976.00000000015,1.006656448096412,6.027786149702986,6.158367546486369,0.0101382488479262,0.0038340099233198,-0.0063042389246064,0.0,0.0,0.0,1.0,-0.0073065482686155,0.0,False,False,1.0,False
re2ob_emailservice_socket_2,socket,emailservice,frontend::Convert+GetAds+GetCart+GetSupportedCurrencies+ListProducts,Home Page View,Convert+GetAds+GetCart+GetSupportedCurrencies+ListProducts,1019,1029,126118.0,263093.2999999999,423441.43999999977,126323.0,292329.4,401291.00000000006,1.1111244566091196,1.415279743444088,1.429174606525592,0.0107948969578017,0.0068027210884353,-0.0039921758693663,0.0,0.0,0.0,0.2575667624814984,0.0387668315608873,0.0387668315608873,False,False,1.0,False
re2ob_emailservice_socket_2,socket,emailservice,frontend::Convert+GetCart+GetProduct+GetQuote+GetSupportedCurrencies+ListRecommendations,Cart View,Convert+GetCart+GetProduct+GetQuote+GetSupportedCurrencies+ListRecommendations,1997,2059,70437.0,218390.79999999987,299490.0,72198.0,201298.2,287252.88,0.9217338825628192,2.773614963354116,2.8597381096561647,0.0100150225338007,0.0082564351627003,-0.0017585873711003,0.0,0.0,0.0,1.0,0.0104549733779883,0.0104549733779883,False,False,1.0,False
re2ob_emailservice_socket_2,socket,emailservice,frontend::GetProduct+GetSupportedCurrencies+ListRecommendations+PlaceOrder,Place Order,GetProduct+GetSupportedCurrencies+ListRecommendations+PlaceOrder,343,366,131349.0,263578.4,358709.1799999992,156061.0,287970.25,391182.1500000001,1.09254115663499,0.4763895505410424,0.5083361574230968,0.0116618075801749,0.0163934426229508,0.0047316350427758,0.0,0.0,0.0,9.36734698996069e-08,0.2372030779524925,0.2372030779524925,False,False,6.557142892972482e-07,True
re2ob_emailservice_socket_2,socket,emailservice,frontend::empty,frontend::empty,,823,849,318.0,947.9999999999998,2035.039999999994,333.0,966.1999999999998,1789.1999999999994,1.0191983122362869,1.143057143134921,1.1791732176289869,0.0109356014580801,0.0047114252061248,-0.0062241762519553,0.0,0.0,0.0,0.9653719555575292,0.0198332109679459,0.0198332109679459,False,False,1.0,False
re2ob_emailservice_socket_2,socket,emailservice,direct::hipstershop.CurrencyService/Convert,hipstershop.CurrencyService/Convert (direct),Convert,1166,1268,4979.0,70657.25,78060.94999999998,5237.0,71777.95,78689.30999999997,1.0158610758273212,1.6194466936759633,1.761120895116084,0.0102915951972555,0.0134069400630914,0.0031153448658359,0.0,0.0,0.0,0.0386220592600621,0.0548154601187158,0.0548154601187158,False,False,0.2317323555603727,False
re2ob_emailservice_socket_3,socket,emailservice,frontend::AddItem+GetProduct,Add To Cart,AddItem+GetProduct,1014,1001,8021.5,14637.099999999997,46358.95,7967.0,14009.0,43098.0,0.9570884943055664,1.4083392014133391,1.3902797087218175,0.0108481262327416,0.0099900099900099,-0.0008581162427316,0.0,0.0,0.0,0.2708429906811914,-0.0384181893057632,0.0,False,False,1.0,False
re2ob_emailservice_socket_3,socket,emailservice,frontend::Convert+GetAds+GetCart+GetProduct+GetSupportedCurrencies+ListRecommendations,Product Detail View,Convert+GetAds+GetCart+GetProduct+GetSupportedCurrencies+ListRecommendations,4398,4406,41465.5,110593.3,226853.1899999979,40552.5,108966.25,186654.2499999997,0.9852879876086528,6.108358784828271,6.119452943684644,0.0100045475216007,0.0079437131184748,-0.0020608344031259,0.0,0.0,0.0,2.0443969482657435e-07,-0.065507224118915,0.0,False,False,1.4310778637860203e-06,False
re2ob_emailservice_socket_3,socket,emailservice,frontend::Convert+GetAds+GetCart+GetSupportedCurrencies+ListProducts,Home Page View,Convert+GetAds+GetCart+GetSupportedCurrencies+ListProducts,985,1016,123818.0,278362.4,448999.5999999999,121891.5,256608.5,342706.1000000001,0.9218504366969104,1.368061255810788,1.4111130709903763,0.0101522842639593,0.0019685039370078,-0.0081837803269515,0.0,0.0,0.0,0.8606229952273146,-0.0203665214437027,0.0,False,False,1.0,False
re2ob_emailservice_socket_3,socket,emailservice,frontend::Convert+GetCart+GetProduct+GetQuote+GetSupportedCurrencies+ListRecommendations,Cart View,Convert+GetCart+GetProduct+GetQuote+GetSupportedCurrencies+ListRecommendations,2014,1988,69137.0,204627.69999999992,346276.0799999987,70971.5,210275.5999999999,267695.0699999999,1.0276008575574078,2.7972338773633783,2.7611149459929805,0.0104270109235352,0.0045271629778672,-0.005899847945668,0.0,0.0,0.0,1.0,0.0062117990964656,0.0062117990964656,False,False,1.0,False
re2ob_emailservice_socket_3,socket,emailservice,frontend::Convert+GetCart+GetProduct+GetSupportedCurrencies+ListRecommendations,frontend::Convert+GetCart+GetProduct+GetSupportedCurrencies+ListRecommendations,Convert+GetCart+GetProduct+GetSupportedCurrencies+ListRecommendations,0,1,,,,41464.0,41464.0,41464.0,,0.0,0.0013888908179039,,,,,0.0,,,,0.0,True,False,,False
re2ob_emailservice_socket_3,socket,emailservice,frontend::GetProduct+GetSupportedCurrencies+ListRecommendations+PlaceOrder,Place Order,GetProduct+GetSupportedCurrencies+ListRecommendations+PlaceOrder,341,331,136956.0,270896.0,740615.6000000023,144564.0,286951.5,368107.1999999994,1.0592681324198217,0.4736130844989632,0.4597228607261954,0.0117302052785923,0.0,-0.0117302052785923,0.0,0.0,0.0,0.0546714238103664,0.0983866537906106,0.0983866537906106,False,False,0.3280285428621984,False
re2ob_emailservice_socket_3,socket,emailservice,frontend::empty,frontend::empty,,817,809,326.0,877.9999999999997,1371.7200000000005,330.0,895.3999999999996,1848.6,1.0198177676537583,1.1347269502511816,1.1236126716842665,0.011015911872705,0.0185414091470951,0.0075254972743901,0.0,0.0,0.0,1.0,0.0068280195414802,0.0068280195414802,False,False,1.0,False
re2ob_emailservice_socket_3,socket,emailservice,direct::hipstershop.CurrencyService/Convert,hipstershop.CurrencyService/Convert (direct),Convert,1164,1127,5095.5,69347.29999999999,76462.05999999984,5081.0,70890.30000000002,77404.98,1.0222503255353854,1.6166734028058451,1.5652799517777107,0.0103092783505154,0.0141969831410825,0.003887704790567,0.0,0.0,0.0,1.0,0.0009056065276851,0.0009056065276851,False,False,1.0,False
re2ob_productcatalogservice_cpu_1,cpu,productcatalogservice,frontend::AddItem+GetProduct,Add To Cart,AddItem+GetProduct,989,987,7114.0,10794.799999999996,489369.2000000005,8010.0,94745.4,696867.9199999998,8.776948160225295,1.3736111111111111,1.3708333333333331,0.0101112234580384,0.0172239108409321,0.0071126873828936,0.0,0.0,0.0,1.5636221657146782e-54,0.4052141950513397,0.4052141950513397,False,False,9.381732994288068e-54,True
re2ob_productcatalogservice_cpu_1,cpu,productcatalogservice,frontend::Convert+GetAds+GetCart+GetProduct+GetSupportedCurrencies+ListRecommendations,Product Detail View,Convert+GetAds+GetCart+GetProduct+GetSupportedCurrencies+ListRecommendations,4202,4139,164877.5,331359.24999999994,790675.0199999996,221958.0,456573.1,900924.8399999996,1.3778794465523447,5.836111111111111,5.748611111111111,0.010233222275107,0.0171539019086735,0.0069206796335665,0.0,0.0,0.0,1.635614116875836e-225,0.40564255749083,0.40564255749083,False,False,1.1449298818130853e-224,True
re2ob_productcatalogservice_cpu_1,cpu,productcatalogservice,frontend::Convert+GetAds+GetCart+GetSupportedCurrencies+ListProducts,Home Page View,Convert+GetAds+GetCart+GetSupportedCurrencies+ListProducts,1008,947,585127.0,1179022.0,1527994.5999999996,557852.0,1228087.8999999987,1486346.3199999998,1.0416157628950085,1.4,1.3152777777777778,0.0109126984126984,0.0095036958817317,-0.0014090025309666,0.0,0.0,0.0,0.0262029794864158,-0.0648413536481118,0.0,False,False,0.1048119179456635,False
re2ob_productcatalogservice_cpu_1,cpu,productcatalogservice,frontend::Convert+GetCart+GetProduct+GetQuote+GetSupportedCurrencies+ListRecommendations,Cart View,Convert+GetCart+GetProduct+GetQuote+GetSupportedCurrencies+ListRecommendations,1948,1947,276759.5,865335.1499999999,1263548.68,312551.0,743136.1999999997,1086851.8599999975,0.8587842525523202,2.705555555555556,2.7041666666666666,0.0102669404517453,0.0046224961479198,-0.0056444443038255,0.0,0.0,0.0,0.5845610626538167,-0.0194876759802107,0.0,False,False,1.0,False
re2ob_productcatalogservice_cpu_1,cpu,productcatalogservice,frontend::Convert+GetCart+GetProduct+GetSupportedCurrencies,frontend::Convert+GetCart+GetProduct+GetSupportedCurrencies,Convert+GetCart+GetProduct+GetSupportedCurrencies,0,1,,,,253757.0,253757.0,253757.0,,0.0,0.0013888888888888,,,,,0.0,,,,0.0,True,False,,False
re2ob_productcatalogservice_cpu_1,cpu,productcatalogservice,frontend::Convert+GetCart+GetProduct+GetSupportedCurrencies+ListRecommendations,frontend::Convert+GetCart+GetProduct+GetSupportedCurrencies+ListRecommendations,Convert+GetCart+GetProduct+GetSupportedCurrencies+ListRecommendations,0,1,,,,296182.0,296182.0,296182.0,,0.0,0.0013888888888888,,,,,0.0,,,,0.0,True,False,,False
re2ob_productcatalogservice_cpu_1,cpu,productcatalogservice,frontend::Convert+GetCart+GetSupportedCurrencies+ListProducts,frontend::Convert+GetCart+GetSupportedCurrencies+ListProducts,Convert+GetCart+GetSupportedCurrencies+ListProducts,0,2,,,,719460.0,766880.1,771095.22,,0.0,0.0027777777777777,,,,,0.0,,,,0.0,True,False,,False
re2ob_productcatalogservice_cpu_1,cpu,productcatalogservice,frontend::GetProduct+GetSupportedCurrencies+ListRecommendations+PlaceOrder,Place Order,GetProduct+GetSupportedCurrencies+ListRecommendations+PlaceOrder,310,330,392227.0,896813.0,1228400.1600000006,392490.5,897141.8,1432423.249999996,1.0003666316166246,0.4305555555555556,0.4583333333333333,0.0129032258064516,0.0181818181818181,0.0052785923753665,0.0,0.0,0.0,0.8732277819742325,-0.0355620723362658,0.0,False,False,1.0,False
re2ob_productcatalogservice_cpu_1,cpu,productcatalogservice,frontend::PlaceOrder,frontend::PlaceOrder,PlaceOrder,0,1,,,,696222.0,696222.0,696222.0,,0.0,0.0013888888888888,,,,,0.0,,,,0.0,True,False,,False
re2ob_productcatalogservice_cpu_1,cpu,productcatalogservice,frontend::empty,frontend::empty,,804,783,317.5,803.0999999999995,1245.950000000001,320.0,785.4999999999999,1221.0599999999968,0.9780849209313914,1.1166666666666667,1.0875,0.0111940298507462,0.0102171136653895,-0.0009769161853567,0.0,0.0,0.0,1.0,0.0088303692266635,0.0088303692266635,False,False,1.0,False
re2ob_productcatalogservice_cpu_1,cpu,productcatalogservice,direct::hipstershop.CurrencyService/Convert,hipstershop.CurrencyService/Convert (direct),Convert,1209,1128,89580.0,101413.59999999998,196760.04,53573.0,99308.1,191962.44,0.979238484779162,1.6791666666666667,1.5666666666666669,0.010752688172043,0.0070921985815602,-0.0036604895904827,0.0,0.0,0.0,3.0662115592484264e-18,-0.210061653438455,0.0,False,False,1.5331057796242133e-17,False
re2ob_productcatalogservice_cpu_2,cpu,productcatalogservice,frontend::AddItem+GetProduct,Add To Cart,AddItem+GetProduct,1012,941,7825.5,13517.649999999983,33083.13,73877.0,94887.0,102288.4,7.019489334314775,1.4055555555555554,1.3069462596475827,0.0108695652173913,0.5111583421891605,0.5002887769717691,0.0,0.0,0.0,3.104387968221323e-125,0.6232752139049786,0.6232752139049786,False,False,1.5521939841106615e-124,True
re2ob_productcatalogservice_cpu_2,cpu,productcatalogservice,frontend::Convert+GetAds+GetCart+GetProduct+GetSupportedCurrencies+ListRecommendations,Product Detail View,Convert+GetAds+GetCart+GetProduct+GetSupportedCurrencies+ListRecommendations,4434,4160,39835.5,106329.49999999993,200538.19000000015,198192.0,308955.84999999986,592781.1099999977,2.905645658072314,6.158333333333333,5.777785802480281,0.010148849797023,0.4822115384615384,0.4720626886645154,0.0,0.0,0.0,0.0,0.94103756809271,0.94103756809271,False,False,0.0,True
re2ob_productcatalogservice_cpu_2,cpu,productcatalogservice,frontend::Convert+GetAds+GetCart+GetSupportedCurrencies+ListProducts,Home Page View,Convert+GetAds+GetCart+GetSupportedCurrencies+ListProducts,1017,1019,119978.0,261470.8,406966.1600000005,161669.0,288228.4999999999,777494.8199999958,1.1023353276924226,1.4125,1.415279743444088,0.0108161258603736,0.0215897939156035,0.0107736680552298,0.0,0.0,0.0,1.007843646831893e-45,0.3645475397149345,0.3645475397149345,False,False,3.023530940495679e-45,True
re2ob_productcatalogservice_cpu_2,cpu,productcatalogservice,frontend::Convert+GetCart+GetProduct+GetQuote+GetSupportedCurrencies+ListRecommendations,Cart View,Convert+GetCart+GetProduct+GetQuote+GetSupportedCurrencies+ListRecommendations,1986,1970,69030.5,184444.0,269890.85000000003,220474.5,422707.5,583927.2999999989,2.291793172995597,2.7583333333333333,2.73611491127071,0.0100704934541792,0.4076142131979695,0.3975437197437902,0.0,0.0,0.0,0.0,0.8301276447825132,0.8301276447825132,False,False,0.0,True
re2ob_productcatalogservice_cpu_2,cpu,productcatalogservice,frontend::Convert+GetCart+GetSupportedCurrencies+ListProducts,frontend::Convert+GetCart+GetSupportedCurrencies+ListProducts,Convert+GetCart+GetSupportedCurrencies+ListProducts,0,1,,,,206101.0,206101.0,206101.0,,0.0,0.0013888908179039,,,,,0.0,,,,0.0,True,False,,False
re2ob_productcatalogservice_cpu_2,cpu,productcatalogservice,frontend::GetCart+GetProduct+GetSupportedCurrencies+ListRecommendations,frontend::GetCart+GetProduct+GetSupportedCurrencies+ListRecommendations,GetCart+GetProduct+GetSupportedCurrencies+ListRecommendations,0,2,,,,414232.5,451632.45,454956.89,,0.0,0.0027777816358078,,,,,0.0,,,,0.0,True,False,,False
re2ob_productcatalogservice_cpu_2,cpu,productcatalogservice,frontend::GetProduct+GetSupportedCurrencies+ListRecommendations+PlaceOrder,Place Order,GetProduct+GetSupportedCurrencies+ListRecommendations+PlaceOrder,288,320,137654.0,283720.44999999995,789766.8499999994,293912.5,501058.1,1015302.52,1.7660274400382494,0.4,0.4444450617292524,0.0104166666666666,0.021875,0.0114583333333333,0.0,0.0,0.0,1.3852287598206482e-65,0.8046440972222222,0.8046440972222222,False,False,5.540915039282593e-65,True
re2ob_productcatalogservice_cpu_2,cpu,productcatalogservice,frontend::empty,frontend::empty,,844,823,325.0,718.4499999999985,1282.3099999999947,332.0,828.0,1897.9999999999927,1.152481035562672,1.1722222222222225,1.143057143134921,0.0106635071090047,0.0206561360874848,0.00999262897848,0.0,0.0,0.0,0.253157478914072,0.0432241308817009,0.0432241308817009,False,False,0.253157478914072,False
re2ob_productcatalogservice_cpu_2,cpu,productcatalogservice,direct::hipstershop.CurrencyService/Convert,hipstershop.CurrencyService/Convert (direct),Convert,1073,1103,4849.0,71072.59999999999,78651.44,5870.0,12216.699999999995,75991.66,0.1718904331627096,1.4902777777777778,1.5319465721480168,0.0102516309412861,0.0081595648232094,-0.0020920661180766,0.0,0.0,0.0,5.843217254809582e-08,0.1373311286088352,0.1373311286088352,False,False,1.1686434509619164e-07,False
re2ob_productcatalogservice_cpu_3,cpu,productcatalogservice,frontend::AddItem+GetProduct,Add To Cart,AddItem+GetProduct,1030,992,7766.0,10622.85,25932.220000000103,73223.5,93558.25,98187.57,8.807264528822301,1.4305555555555556,1.3777777777777778,0.0106796116504854,0.5252016129032258,0.5145220012527403,0.0,0.0,0.0,1.571647119272361e-139,0.6467007907923583,0.6467007907923583,False,False,7.858235596361805e-139,True
re2ob_productcatalogservice_cpu_3,cpu,productcatalogservice,frontend::Convert+GetAds+GetCart+GetProduct+GetSupportedCurrencies+ListRecommendations,Product Detail View,Convert+GetAds+GetCart+GetProduct+GetSupportedCurrencies+ListRecommendations,4429,4262,39929.0,106310.59999999996,169681.48000000112,202717.5,329377.44999999984,787477.6500000012,3.0982559594245536,6.151388888888889,5.919444444444444,0.010160307067058,0.6534490849366494,0.6432887778695914,0.0,0.0,0.0,0.0,0.9428354922374492,0.9428354922374492,False,False,0.0,True
re2ob_productcatalogservice_cpu_3,cpu,productcatalogservice,frontend::Convert+GetAds+GetCart+GetSupportedCurrencies+ListProducts,Home Page View,Convert+GetAds+GetCart+GetSupportedCurrencies+ListProducts,989,984,116902.0,241426.19999999995,377333.44000000006,153500.5,313598.0499999995,840137.2099999984,1.2989395931344634,1.3736111111111111,1.3666666666666667,0.0101112234580384,0.0386178861788617,0.0285066627208233,0.0,0.0,0.0,1.928117865833799e-46,0.3733189063437652,0.3733189063437652,False,False,5.784353597501397e-46,True
re2ob_productcatalogservice_cpu_3,cpu,productcatalogservice,frontend::Convert+GetCart+GetProduct+GetQuote+GetSupportedCurrencies+ListRecommendations,Cart View,Convert+GetCart+GetProduct+GetQuote+GetSupportedCurrencies+ListRecommendations,2038,1986,66634.0,179925.19999999998,259953.27,224063.5,439208.25,603318.4500000005,2.4410602294731367,2.830555555555556,2.7583333333333333,0.0103042198233562,0.4471299093655589,0.4368256895422027,0.0,0.0,0.0,0.0,0.8556564252021264,0.8556564252021264,False,False,0.0,True
re2ob_productcatalogservice_cpu_3,cpu,productcatalogservice,frontend::Convert+GetCart+GetProduct+GetSupportedCurrencies+ListRecommendations,frontend::Convert+GetCart+GetProduct+GetSupportedCurrencies+ListRecommendations,Convert+GetCart+GetProduct+GetSupportedCurrencies+ListRecommendations,0,1,,,,191907.0,191907.0,191907.0,,0.0,0.0013888888888888,,,,,0.0,,,,0.0,True,False,,False
re2ob_productcatalogservice_cpu_3,cpu,productcatalogservice,frontend::GetProduct+GetSupportedCurrencies,frontend::GetProduct+GetSupportedCurrencies,GetProduct+GetSupportedCurrencies,0,2,,,,145785.0,164677.8,166357.16,,0.0,0.0027777777777777,,,,,0.0,,,,0.0,True,False,,False
re2ob_productcatalogservice_cpu_3,cpu,productcatalogservice,frontend::GetProduct+GetSupportedCurrencies+ListRecommendations+PlaceOrder,Place Order,GetProduct+GetSupportedCurrencies+ListRecommendations+PlaceOrder,354,334,129873.0,263706.44999999995,337662.47999999754,292115.5,498385.8,863338.9000000063,1.8899264693753228,0.4916666666666666,0.4638888888888889,0.0112994350282485,0.2694610778443114,0.2581616428160628,0.0,0.0,0.0,8.828159930799405e-87,0.8717818600087959,0.8717818600087959,False,False,3.531263972319762e-86,True
re2ob_productcatalogservice_cpu_3,cpu,productcatalogservice,frontend::empty,frontend::empty,,796,814,320.0,907.0,1639.1499999999935,336.0,798.3999999999996,1478.59,0.8802646085997791,1.1055555555555556,1.1305555555555555,0.0100502512562814,0.0061425061425061,-0.0039077451137752,0.0,0.0,0.0,0.2071733420987099,0.0468605311570136,0.0468605311570136,False,False,0.2071733420987099,False
re2ob_productcatalogservice_cpu_3,cpu,productcatalogservice,direct::hipstershop.CurrencyService/Convert,hipstershop.CurrencyService/Convert (direct),Convert,1173,1146,4783.0,70681.4,76336.76,5630.5,12228.75,71917.89999999997,0.1730122776289094,1.6291666666666669,1.5916666666666666,0.0102301790281329,0.0052356020942408,-0.0049945769338921,0.0,0.0,0.0,2.0542605549708493e-09,0.1464331995792474,0.1464331995792474,False,False,4.1085211099416995e-09,False
re2ob_productcatalogservice_delay_1,delay,productcatalogservice,frontend::AddItem+GetProduct,Add To Cart,AddItem+GetProduct,1055,741,8053.0,10477.2,18688.36,208662.0,210432.0,213471.8,20.084755469018443,1.4652777777777777,1.0291666666666666,0.0104265402843601,1.0,0.9895734597156398,0.0,0.0,0.0,3.9468272650097323e-280,0.990523885360503,0.990523885360503,False,False,1.973413632504866e-279,True
re2ob_productcatalogservice_delay_1,delay,productcatalogservice,frontend::Convert+GetAds+GetCart+GetProduct+GetSupportedCurrencies+ListRecommendations,Product Detail View,Convert+GetAds+GetCart+GetProduct+GetSupportedCurrencies+ListRecommendations,4356,3416,43990.0,117805.5,289250.0999999993,1444988.0,1505573.25,1526345.65,12.780160943249678,6.05,4.7444444444444445,0.0101010101010101,0.9988290398126464,0.9887280297116364,0.0,0.0,0.0,0.0,0.9991383792147576,0.9991383792147576,False,False,0.0,True
re2ob_productcatalogservice_delay_1,delay,productcatalogservice,frontend::Convert+GetAds+GetCart+GetSupportedCurrencies+ListProducts,Home Page View,Convert+GetAds+GetCart+GetSupportedCurrencies+ListProducts,1048,816,153754.0,319489.15,708489.7999999995,321522.0,450087.5,570341.4000000005,1.4087724105810793,1.4555555555555555,1.1333333333333333,0.0104961832061068,0.0036764705882352,-0.0068197126178715,0.0,0.0,0.0,1.5747749649681642e-230,0.8746094334680437,0.8746094334680437,False,False,6.299099859872657e-230,True
re2ob_productcatalogservice_delay_1,delay,productcatalogservice,frontend::Convert+GetCart+GetProduct+GetQuote+GetSupportedCurrencies+ListRecommendations,Cart View,Convert+GetCart+GetProduct+GetQuote+GetSupportedCurrencies+ListRecommendations,2088,1555,94353.0,254607.3,370587.1100000002,1655849.0,2131667.3,2188596.96,8.37237306235917,2.9,2.1597222222222223,0.0100574712643678,0.9993569131832798,0.989299441918912,0.0,0.0,0.0,0.0,0.99916287836789,0.99916287836789,False,False,0.0,True
re2ob_productcatalogservice_delay_1,delay,productcatalogservice,frontend::Convert+GetCart+GetProduct+GetSupportedCurrencies+ListRecommendations,frontend::Convert+GetCart+GetProduct+GetSupportedCurrencies+ListRecommendations,Convert+GetCart+GetProduct+GetSupportedCurrencies+ListRecommendations,0,4,,,,1446482.0,1461663.75,1463777.55,,0.0,0.0055555555555555,,,,,0.0,,,,0.0,True,False,,False
re2ob_productcatalogservice_delay_1,delay,productcatalogservice,frontend::Convert+GetCart+GetSupportedCurrencies+ListProducts,frontend::Convert+GetCart+GetSupportedCurrencies+ListProducts,Convert+GetCart+GetSupportedCurrencies+ListProducts,0,1,,,,306687.0,306687.0,306687.0,,0.0,0.0013888888888888,,,,,0.0,,,,0.0,True,False,,False
re2ob_productcatalogservice_delay_1,delay,productcatalogservice,frontend::GetCart+GetSupportedCurrencies+ListRecommendations,frontend::GetCart+GetSupportedCurrencies+ListRecommendations,GetCart+GetSupportedCurrencies+ListRecommendations,0,1,,,,1267383.0,1267383.0,1267383.0,,0.0,0.0013888888888888,,,,,0.0,,,,0.0,True,False,,False
re2ob_productcatalogservice_delay_1,delay,productcatalogservice,frontend::GetProduct,frontend::GetProduct,GetProduct,0,1,,,,1356760.0,1356760.0,1356760.0,,0.0,0.0013888888888888,,,,,0.0,,,,0.0,True,False,,False
re2ob_productcatalogservice_delay_1,delay,productcatalogservice,frontend::GetProduct+GetSupportedCurrencies+ListRecommendations+PlaceOrder,Place Order,GetProduct+GetSupportedCurrencies+ListRecommendations+PlaceOrder,352,237,170654.5,291861.6,391393.3000000001,1727364.0,2398431.1999999997,2696498.599999999,8.217700444320183,0.4888888888888889,0.3291666666666666,0.0113636363636363,1.0,0.9886363636363636,0.0,0.0,0.0,2.325802673181584e-93,0.9968114691215956,0.9968114691215956,False,False,6.977408019544752e-93,True
re2ob_productcatalogservice_delay_1,delay,productcatalogservice,frontend::GetProduct+ListRecommendations+PlaceOrder,frontend::GetProduct+ListRecommendations+PlaceOrder,GetProduct+ListRecommendations+PlaceOrder,0,1,,,,1674358.0,1674358.0,1674358.0,,0.0,0.0013888888888888,,,,,0.0,,,,0.0,True,False,,False
re2ob_productcatalogservice_delay_1,delay,productcatalogservice,frontend::empty,frontend::empty,,849,683,299.0,740.5999999999999,1082.9599999999996,310.0,769.9,1074.139999999999,1.039562516878207,1.1791666666666667,0.9486111111111112,0.0106007067137809,0.0102489019033674,-0.0003518048104134,0.0,0.0,0.0,1.0,0.0176092103878993,0.0176092103878993,False,False,1.0,False
re2ob_productcatalogservice_delay_1,delay,productcatalogservice,direct::hipstershop.CurrencyService/Convert,hipstershop.CurrencyService/Convert (direct),Convert,1244,843,4864.5,78956.9,86370.51,4676.0,54585.49999999995,75701.16,0.6913328664119279,1.727777777777778,1.1708333333333334,0.0104501607717041,0.0035587188612099,-0.0068914419104942,0.0,0.0,0.0,0.1594820361474045,-0.0451409946867145,0.0,False,False,0.318964072294809,False
re2ob_productcatalogservice_delay_2,delay,productcatalogservice,frontend::AddItem+GetProduct,Add To Cart,AddItem+GetProduct,1009,828,8055.0,13607.799999999988,54474.35999999971,208483.0,210832.8,214201.82,15.49352577198373,1.401390835265049,1.1500031944533178,0.0109018830525272,0.998792270531401,0.9878903874788736,0.0,0.0,0.0,3.858541656229184e-292,0.9897229284267676,0.9897229284267676,False,False,1.929270828114592e-291,True
re2ob_productcatalogservice_delay_2,delay,productcatalogservice,frontend::Convert+GetAds+GetCart+GetProduct+GetSupportedCurrencies+ListRecommendations,Product Detail View,Convert+GetAds+GetCart+GetProduct+GetSupportedCurrencies+ListRecommendations,4373,3489,39525.0,104296.39999999997,401382.4799999884,1443556.0,1479989.4,1512410.76,14.1902251659693,6.073619546693815,4.845846794018872,0.0100617425108621,0.998853539696188,0.988791797185326,0.0,0.0,0.0,0.0,0.9986132627996768,0.9986132627996768,False,False,0.0,True
re2ob_productcatalogservice_delay_2,delay,productcatalogservice,frontend::Convert+GetAds+GetCart+GetSupportedCurrencies+ListProducts,Home Page View,Convert+GetAds+GetCart+GetSupportedCurrencies+ListProducts,979,706,104243.0,205481.5999999998,492415.0000000004,273262.5,359039.5,427639.0500000003,1.74730730148101,1.3597241107279314,0.9805582793285536,0.010214504596527,0.0042492917847025,-0.0059652128118245,0.0,0.0,0.0,5.167914859367307e-243,0.9498968421844572,0.9498968421844572,False,False,2.067165943746922e-242,True
re2ob_productcatalogservice_delay_2,delay,productcatalogservice,frontend::Convert+GetCart+GetProduct+GetQuote+GetSupportedCurrencies+ListRecommendations,Cart View,Convert+GetCart+GetProduct+GetQuote+GetSupportedCurrencies+ListRecommendations,2061,1598,63945.0,167528.0,252588.40000000008,1650013.5,2085859.35,2130896.09,12.450810312306002,2.862503975699966,2.2194506095850266,0.0101892285298398,1.0,0.9898107714701602,0.0,0.0,0.0,0.0,1.0,1.0,False,False,0.0,True
re2ob_productcatalogservice_delay_2,delay,productcatalogservice,frontend::Convert+GetCart+GetProduct+GetSupportedCurrencies,frontend::Convert+GetCart+GetProduct+GetSupportedCurrencies,Convert+GetCart+GetProduct+GetSupportedCurrencies,0,1,,,,1722241.0,1722241.0,1722241.0,,0.0,0.0013888927469242,,,,,0.0,,,,0.0,True,False,,False
re2ob_productcatalogservice_delay_2,delay,productcatalogservice,frontend::Convert+GetCart+GetProduct+GetSupportedCurrencies+ListRecommendations,frontend::Convert+GetCart+GetProduct+GetSupportedCurrencies+ListRecommendations,Convert+GetCart+GetProduct+GetSupportedCurrencies+ListRecommendations,0,8,,,,1447280.5,1599347.5,1610550.3,,0.0,0.0111111419753943,,,,,0.0,,,,0.0,True,False,,False
re2ob_productcatalogservice_delay_2,delay,productcatalogservice,frontend::GetCart+GetProduct+GetSupportedCurrencies+ListRecommendations,frontend::GetCart+GetProduct+GetSupportedCurrencies+ListRecommendations,GetCart+GetProduct+GetSupportedCurrencies+ListRecommendations,0,2,,,,1350698.5,1435303.45,1442823.89,,0.0,0.0027777854938485,,,,,0.0,,,,0.0,True,False,,False
re2ob_productcatalogservice_delay_2,delay,productcatalogservice,frontend::GetCart+GetSupportedCurrencies+ListRecommendations,frontend::GetCart+GetSupportedCurrencies+ListRecommendations,GetCart+GetSupportedCurrencies+ListRecommendations,0,1,,,,1718525.0,1718525.0,1718525.0,,0.0,0.0013888927469242,,,,,0.0,,,,0.0,True,False,,False
re2ob_productcatalogservice_delay_2,delay,productcatalogservice,frontend::GetProduct,frontend::GetProduct,GetProduct,0,1,,,,1663866.0,1663866.0,1663866.0,,0.0,0.0013888927469242,,,,,0.0,,,,0.0,True,False,,False
re2ob_productcatalogservice_delay_2,delay,productcatalogservice,frontend::GetProduct+GetSupportedCurrencies+ListRecommendations+PlaceOrder,Place Order,GetProduct+GetSupportedCurrencies+ListRecommendations+PlaceOrder,344,291,122775.0,266053.39999999973,358031.98999999964,1676851.0,2370377.0,2746833.4,8.909403149893977,0.4777784413589463,0.4041677893549704,0.0116279069767441,1.0,0.9883720930232558,0.0,0.0,0.0,1.2676747823154e-103,0.9962439063374092,0.9962439063374092,False,False,3.8030243469462e-103,True
re2ob_productcatalogservice_delay_2,delay,productcatalogservice,frontend::PlaceOrder,frontend::PlaceOrder,PlaceOrder,0,1,,,,2079181.0,2079181.0,2079181.0,,0.0,0.0013888927469242,,,,,0.0,,,,0.0,True,False,,False
re2ob_productcatalogservice_delay_2,delay,productcatalogservice,frontend::empty,frontend::empty,,816,631,300.0,855.5,1425.8000000000002,327.0,825.0,1339.7000000000064,0.9643483343074224,1.1333349074095935,0.8763913233092313,0.0110294117647058,0.0063391442155309,-0.0046902675491749,0.0,0.0,0.0,0.1186907657479796,0.0577339889997203,0.0577339889997203,False,False,0.1587801883415282,False
re2ob_productcatalogservice_delay_2,delay,productcatalogservice,direct::hipstershop.CurrencyService/Convert,hipstershop.CurrencyService/Convert (direct),Convert,1177,961,4386.0,67747.0,74572.88,4372.0,15325.0,60305.79999999993,0.2262092786396445,1.6347244926729063,1.3347259297942493,0.0101954120645709,0.0010405827263267,-0.0091548293382442,0.0,0.0,0.0,0.0793900941707641,-0.0516436698178847,0.0,False,False,0.1587801883415282,False
re2ob_productcatalogservice_delay_3,delay,productcatalogservice,frontend::AddItem+GetProduct,Add To Cart,AddItem+GetProduct,1037,782,8014.0,12275.399999999983,33389.1600000002,208527.0,210824.8,215218.07,17.17457679586818,1.4402777777777778,1.086120162112462,0.0106075216972034,0.9974424552429668,0.9868349335457632,0.0,0.0,0.0,2.790164352749558e-288,0.9929747673670112,0.9929747673670112,False,False,1.395082176374779e-287,True
re2ob_productcatalogservice_delay_3,delay,productcatalogservice,frontend::Convert+GetAds+GetCart+GetProduct+GetSupportedCurrencies+ListRecommendations,Product Detail View,Convert+GetAds+GetCart+GetProduct+GetSupportedCurrencies+ListRecommendations,4460,3406,40102.5,104367.75,276679.8999999998,1444080.5,1483679.75,1518442.65,14.215883258956907,6.194444444444445,4.730594977180365,0.0100896860986547,0.9979448032883148,0.98785511718966,0.0,0.0,0.0,0.0,0.9978838451795696,0.9978838451795696,False,False,0.0,True
re2ob_productcatalogservice_delay_3,delay,productcatalogservice,frontend::Convert+GetAds+GetCart+GetSupportedCurrencies+ListProducts,Home Page View,Convert+GetAds+GetCart+GetSupportedCurrencies+ListProducts,1000,762,108659.0,204489.59999999995,307455.2799999998,275680.0,361441.9499999999,415967.1,1.767532187455988,1.3888888888888888,1.0583421528512738,0.01,0.2664041994750656,0.2564041994750656,0.0,0.0,0.0,1.1788535717787355e-263,0.9638792650918636,0.9638792650918636,False,False,4.715414287114942e-263,True
re2ob_productcatalogservice_delay_3,delay,productcatalogservice,frontend::Convert+GetCart+GetProduct+GetQuote+GetSupportedCurrencies+ListRecommendations,Cart View,Convert+GetCart+GetProduct+GetQuote+GetSupportedCurrencies+ListRecommendations,2057,1581,66748.0,169643.79999999996,263811.0400000002,1653326.0,2095727.0,2153636.4,12.353690497383344,2.8569444444444443,2.195851632096934,0.0102090422946037,0.9974699557242253,0.9872609134296212,0.0,0.0,0.0,0.0,0.9970133300862176,0.9970133300862176,False,False,0.0,True
re2ob_productcatalogservice_delay_3,delay,productcatalogservice,frontend::Convert+GetCart+GetProduct+GetSupportedCurrencies+ListRecommendations,frontend::Convert+GetCart+GetProduct+GetSupportedCurrencies+ListRecommendations,Convert+GetCart+GetProduct+GetSupportedCurrencies+ListRecommendations,0,5,,,,1442844.0,1445257.6,1445422.72,,0.0,0.006944502315297,,,,,0.0,,,,0.0,True,False,,False
re2ob_productcatalogservice_delay_3,delay,productcatalogservice,frontend::Convert+GetCart+GetSupportedCurrencies+ListProducts,frontend::Convert+GetCart+GetSupportedCurrencies+ListProducts,Convert+GetCart+GetSupportedCurrencies+ListProducts,0,1,,,,282588.0,282588.0,282588.0,,0.0,0.0013889004630594,,,,,0.0,,,,0.0,True,False,,False
re2ob_productcatalogservice_delay_3,delay,productcatalogservice,frontend::GetCart+GetProduct+GetSupportedCurrencies+ListRecommendations,frontend::GetCart+GetProduct+GetSupportedCurrencies+ListRecommendations,GetCart+GetProduct+GetSupportedCurrencies+ListRecommendations,0,2,,,,1557622.0,1843862.5,1869306.1,,0.0,0.0027778009261188,,,,,0.0,,,,0.0,True,False,,False
re2ob_productcatalogservice_delay_3,delay,productcatalogservice,frontend::GetProduct,frontend::GetProduct,GetProduct,0,1,,,,1216529.0,1216529.0,1216529.0,,0.0,0.0013889004630594,,,,,0.0,,,,0.0,True,False,,False
re2ob_productcatalogservice_delay_3,delay,productcatalogservice,frontend::GetProduct+GetSupportedCurrencies+ListRecommendations+PlaceOrder,Place Order,GetProduct+GetSupportedCurrencies+ListRecommendations+PlaceOrder,345,258,126168.0,242088.4,283481.88,1678948.0,2329329.3999999994,2716321.01,9.621813354130142,0.4791666666666667,0.3583363194693289,0.0115942028985507,1.0,0.9884057971014492,0.0,0.0,0.0,7.586179976232481e-98,1.0,1.0,False,False,2.2758539928697438e-97,True
re2ob_productcatalogservice_delay_3,delay,productcatalogservice,frontend::GetSupportedCurrencies+ListProducts,frontend::GetSupportedCurrencies+ListProducts,GetSupportedCurrencies+ListProducts,0,1,,,,250482.0,250482.0,250482.0,,0.0,0.0013889004630594,,,,,0.0,,,,0.0,True,False,,False
re2ob_productcatalogservice_delay_3,delay,productcatalogservice,frontend::ListRecommendations+PlaceOrder,frontend::ListRecommendations+PlaceOrder,ListRecommendations+PlaceOrder,0,1,,,,1548779.0,1548779.0,1548779.0,,0.0,0.0013889004630594,,,,,0.0,,,,0.0,True,False,,False
re2ob_productcatalogservice_delay_3,delay,productcatalogservice,frontend::PlaceOrder,frontend::PlaceOrder,PlaceOrder,0,1,,,,1959972.0,1959972.0,1959972.0,,0.0,0.0013889004630594,,,,,0.0,,,,0.0,True,False,,False
re2ob_productcatalogservice_delay_3,delay,productcatalogservice,frontend::empty,frontend::empty,,804,674,318.5,777.3999999999996,1123.91,313.0,841.5000000000002,1258.2099999999996,1.082454334962697,1.1166666666666667,0.9361189121020452,0.0111940298507462,0.0192878338278931,0.0080938039771469,0.0,0.0,0.0,1.0,0.0175624104994316,0.0175624104994316,False,False,1.0,False
re2ob_productcatalogservice_delay_3,delay,productcatalogservice,direct::hipstershop.CurrencyService/Convert,hipstershop.CurrencyService/Convert (direct),Convert,1222,870,4248.0,66947.8,77039.03999999996,4446.0,14282.04999999993,56447.51999999983,0.2133311326137666,1.6972222222222222,1.2083434028616904,0.0106382978723404,0.0,-0.0106382978723404,0.0,0.0,0.0,0.1782980412640569,0.043547416144628,0.043547416144628,False,False,0.3565960825281138,False
re2ob_productcatalogservice_disk_1,disk,productcatalogservice,frontend::AddItem+GetProduct,Add To Cart,AddItem+GetProduct,950,946,7732.5,11875.999999999996,31372.459999999905,88760.0,100776.0,630081.4999999977,8.485685415964975,1.3194444444444444,1.3139454615407051,0.0105263157894736,0.6405919661733616,0.6300656503838878,0.0,0.0,0.0,2.1214114120898243e-146,0.6841782574830311,0.6841782574830311,False,False,1.2728468472538946e-145,True
re2ob_productcatalogservice_disk_1,disk,productcatalogservice,frontend::Convert+GetAds+GetCart+GetProduct+GetSupportedCurrencies+ListRecommendations,Product Detail View,Convert+GetAds+GetCart+GetProduct+GetSupportedCurrencies+ListRecommendations,4194,4093,165546.0,398548.75,751306.9399999995,320909.0,602928.5999999992,974634.2399999998,1.5128101643776306,5.825,5.6849669916343615,0.0100143061516452,0.0254092352797459,0.0153949291281007,0.0,0.0,0.0,0.0,0.670256195341943,0.670256195341943,False,False,0.0,True
re2ob_productcatalogservice_disk_1,disk,productcatalogservice,frontend::Convert+GetAds+GetCart+GetSupportedCurrencies+ListProducts,Home Page View,Convert+GetAds+GetCart+GetSupportedCurrencies+ListProducts,930,956,575339.5,1170524.2,1585352.8700000006,562749.0,1140802.25,1639389.400000002,0.9746080004155404,1.2916666666666667,1.3278349484491692,0.010752688172043,0.0115062761506276,0.0007535879785846,0.0,0.0,0.0,1.0,-0.0037229495658432,0.0,False,False,1.0,False
re2ob_productcatalogservice_disk_1,disk,productcatalogservice,frontend::Convert+GetCart+GetProduct+GetQuote+GetSupportedCurrencies+ListRecommendations,Cart View,Convert+GetCart+GetProduct+GetQuote+GetSupportedCurrencies+ListRecommendations,1909,1867,269941.0,748931.3999999997,1058574.76,447730.0,940501.2999999996,1222008.84,1.2557909843278037,2.651388888888889,2.59316720581025,0.0104766893661602,0.029459025174076,0.0189823358079157,0.0,0.0,0.0,4.043307685511713e-111,0.4215613297371035,0.4215613297371035,False,False,2.021653842755857e-110,True
re2ob_productcatalogservice_disk_1,disk,productcatalogservice,frontend::Convert+GetCart+GetSupportedCurrencies+ListProducts,frontend::Convert+GetCart+GetSupportedCurrencies+ListProducts,Convert+GetCart+GetSupportedCurrencies+ListProducts,0,2,,,,754225.5,795605.25,799283.45,,0.0,0.0027778973816928,,,,,0.0,,,,0.0,True,False,,False
re2ob_productcatalogservice_disk_1,disk,productcatalogservice,frontend::GetProduct+GetSupportedCurrencies,frontend::GetProduct+GetSupportedCurrencies,GetProduct+GetSupportedCurrencies,0,5,,,,619771.0,631099.0,631106.2,,0.0,0.006944743454232,,,,,0.0,,,,0.0,True,False,,False
re2ob_productcatalogservice_disk_1,disk,productcatalogservice,frontend::GetProduct+GetSupportedCurrencies+ListRecommendations+PlaceOrder,Place Order,GetProduct+GetSupportedCurrencies+ListRecommendations+PlaceOrder,314,319,314270.5,893841.3999999999,1392280.85,592605.0,1101255.7999999996,1463813.519999999,1.2320483253516783,0.4361111111111111,0.4430746323800052,0.0127388535031847,0.012539184952978,-0.0001996685502066,0.0,0.0,0.0,7.25629597605574e-33,0.5511251322804145,0.5511251322804145,False,False,2.902518390422296e-32,True
re2ob_productcatalogservice_disk_1,disk,productcatalogservice,frontend::PlaceOrder,frontend::PlaceOrder,PlaceOrder,0,1,,,,800310.0,800310.0,800310.0,,0.0,0.0013889486908464,,,,,0.0,,,,0.0,True,False,,False
re2ob_productcatalogservice_disk_1,disk,productcatalogservice,frontend::empty,frontend::empty,,771,788,311.0,724.5,1637.699999999996,315.0,771.4999999999998,1127.7099999999996,1.0648723257418906,1.0708333333333333,1.094491568386972,0.0103761348897535,0.0050761421319796,-0.0052999927577738,0.0,0.0,0.0,1.0,0.0087927209043565,0.0087927209043565,False,False,1.0,False
re2ob_productcatalogservice_disk_1,disk,productcatalogservice,direct::hipstershop.CurrencyService/Convert,hipstershop.CurrencyService/Convert (direct),Convert,1089,1096,88762.0,181228.0,307721.7999999913,87783.0,184526.5,289468.3,1.0182008298938356,1.5125,1.5222877651676667,0.0101010101010101,0.0063868613138686,-0.0037141487871414,0.0,0.0,0.0,0.5953960654307033,-0.0257317702573176,0.0,False,False,1.0,False
re2ob_productcatalogservice_disk_2,disk,productcatalogservice,frontend::AddItem+GetProduct,Add To Cart,AddItem+GetProduct,1018,983,7810.0,11850.9,35738.54000000004,85366.0,98267.0,718581.9399999996,8.291944071758264,1.413888888888889,1.3652777777777778,0.0108055009823182,0.6703967446592065,0.6595912436768883,0.0,0.0,0.0,5.1638909698988334e-185,0.74972369175792,0.74972369175792,False,False,2.581945484949417e-184,True
re2ob_productcatalogservice_disk_2,disk,productcatalogservice,frontend::Convert+GetAds+GetCart+GetProduct+GetSupportedCurrencies+ListRecommendations,Product Detail View,Convert+GetAds+GetCart+GetProduct+GetSupportedCurrencies+ListRecommendations,4401,4174,40733.0,108770.0,186975.0,266475.0,476472.04999999993,1015213.4599999982,4.3805465661487535,6.1125,5.797222222222223,0.0099977277891388,0.7664111164350743,0.7564133886459354,0.0,0.0,0.0,0.0,0.9493327462820174,0.9493327462820174,False,False,0.0,True
re2ob_productcatalogservice_disk_2,disk,productcatalogservice,frontend::Convert+GetAds+GetCart+GetSupportedCurrencies+ListProducts,Home Page View,Convert+GetAds+GetCart+GetSupportedCurrencies+ListProducts,1090,919,120880.5,254918.84999999992,396054.19999999815,170484.0,327130.8999999992,935197.2799999968,1.2832746577979592,1.5138888888888888,1.2763888888888888,0.010091743119266,0.0348204570184983,0.0247287138992323,0.0,0.0,0.0,1.8937005825855187e-54,0.4030178394944645,0.4030178394944645,False,False,5.681101747756556e-54,True
re2ob_productcatalogservice_disk_2,disk,productcatalogservice,frontend::Convert+GetCart+GetProduct+GetQuote+GetSupportedCurrencies+ListRecommendations,Cart View,Convert+GetCart+GetProduct+GetQuote+GetSupportedCurrencies+ListRecommendations,2081,1944,74957.0,209737.0,275746.8,314085.0,697989.4999999999,911676.7499999997,3.327927356641889,2.890277777777778,2.7,0.0100913022585295,0.6440329218106996,0.6339416195521701,0.0,0.0,0.0,0.0,0.8822120280887433,0.8822120280887433,False,False,0.0,True
re2ob_productcatalogservice_disk_2,disk,productcatalogservice,frontend::Convert+GetCart+GetProduct+GetSupportedCurrencies+ListRecommendations,frontend::Convert+GetCart+GetProduct+GetSupportedCurrencies+ListRecommendations,Convert+GetCart+GetProduct+GetSupportedCurrencies+ListRecommendations,0,1,,,,289436.0,289436.0,289436.0,,0.0,0.0013888888888888,,,,,0.0,,,,0.0,True,False,,False
re2ob_productcatalogservice_disk_2,disk,productcatalogservice,frontend::GetCart+GetProduct+GetSupportedCurrencies+ListRecommendations,frontend::GetCart+GetProduct+GetSupportedCurrencies+ListRecommendations,GetCart+GetProduct+GetSupportedCurrencies+ListRecommendations,0,1,,,,283481.0,283481.0,283481.0,,0.0,0.0013888888888888,,,,,0.0,,,,0.0,True,False,,False
re2ob_productcatalogservice_disk_2,disk,productcatalogservice,frontend::GetProduct+GetSupportedCurrencies,frontend::GetProduct+GetSupportedCurrencies,GetProduct+GetSupportedCurrencies,0,1,,,,295079.0,295079.0,295079.0,,0.0,0.0013888888888888,,,,,0.0,,,,0.0,True,False,,False
re2ob_productcatalogservice_disk_2,disk,productcatalogservice,frontend::GetProduct+GetSupportedCurrencies+ListRecommendations+PlaceOrder,Place Order,GetProduct+GetSupportedCurrencies+ListRecommendations+PlaceOrder,321,327,129904.0,276873.0,294981.4,376648.0,699759.5,1312337.8000000028,2.5273663376349447,0.4458333333333333,0.4541666666666666,0.0124610591900311,0.6850152905198776,0.6725542313298465,0.0,0.0,0.0,1.9807104495986435e-84,0.8855068735888423,0.8855068735888423,False,False,7.922841798394573e-84,True
re2ob_productcatalogservice_disk_2,disk,productcatalogservice,frontend::empty,frontend::empty,,900,753,312.0,787.0,1421.0299999999972,332.0,795.1999999999999,1392.0400000000018,1.0104193138500634,1.25,1.0458333333333334,0.01,0.0106241699867197,0.0006241699867197,0.0,0.0,0.0,0.0498360405883803,0.0639678323742067,0.0639678323742067,False,False,0.0498360405883803,False
re2ob_productcatalogservice_disk_2,disk,productcatalogservice,direct::hipstershop.CurrencyService/Convert,hipstershop.CurrencyService/Convert (direct),Convert,1144,1097,4596.0,70721.59999999998,78042.4,6303.0,13994.00000000001,74434.31999999998,0.1978744824777722,1.5888888888888888,1.523611111111111,0.0104895104895104,0.0063810391978122,-0.0041084712916982,0.0,0.0,0.0,1.5070461192949752e-33,0.2959509724550746,0.2959509724550746,False,False,3.0140922385899504e-33,True
re2ob_productcatalogservice_disk_3,disk,productcatalogservice,frontend::AddItem+GetProduct,Add To Cart,AddItem+GetProduct,1033,994,8879.0,16992.6,42554.0,86936.0,98578.0,102289.11,5.80123112413639,1.4347222222222222,1.3805900703073133,0.0106485963213939,0.7062374245472837,0.6955888282258896,0.0,0.0,0.0,1.0185168191756849e-210,0.7954591050660205,0.7954591050660205,False,False,5.092584095878424e-210,True
re2ob_productcatalogservice_disk_3,disk,productcatalogservice,frontend::Convert+GetAds+GetCart+GetProduct+GetSupportedCurrencies+ListRecommendations,Product Detail View,Convert+GetAds+GetCart+GetProduct+GetSupportedCurrencies+ListRecommendations,4384,4267,43406.0,118874.64999999998,249599.80000000008,272469.0,477538.2999999999,686689.9600000043,4.017158410140429,6.088888888888889,5.926537052315197,0.0100364963503649,0.5746426060464026,0.5646061096960376,0.0,0.0,0.0,0.0,0.9310171294213444,0.9310171294213444,False,False,0.0,True
re2ob_productcatalogservice_disk_3,disk,productcatalogservice,frontend::Convert+GetAds+GetCart+GetSupportedCurrencies+ListProducts,Home Page View,Convert+GetAds+GetCart+GetSupportedCurrencies+ListProducts,996,940,125766.5,291186.25,455630.9999999991,172055.5,303290.24999999994,624941.1200000005,1.041567896835788,1.3833333333333333,1.3055881952604371,0.0100401606425702,0.0138297872340425,0.0037896265914722,0.0,0.0,0.0,3.73236883549874e-46,0.3758235067931299,0.3758235067931299,False,False,1.1197106506496221e-45,True
re2ob_productcatalogservice_disk_3,disk,productcatalogservice,frontend::Convert+GetCart+GetProduct+GetQuote+GetSupportedCurrencies+ListRecommendations,Cart View,Convert+GetCart+GetProduct+GetQuote+GetSupportedCurrencies+ListRecommendations,2025,1945,72029.0,205248.8,293847.36,311312.0,669411.3999999997,888295.7999999998,3.26146316080776,2.8125,2.7014564252995217,0.0103703703703703,0.5784061696658098,0.5680357992954395,0.0,0.0,0.0,0.0,0.878650290393221,0.878650290393221,False,False,0.0,True
re2ob_productcatalogservice_disk_3,disk,productcatalogservice,frontend::Convert+GetCart+GetProduct+GetSupportedCurrencies+ListRecommendations,frontend::Convert+GetCart+GetProduct+GetSupportedCurrencies+ListRecommendations,Convert+GetCart+GetProduct+GetSupportedCurrencies+ListRecommendations,0,1,,,,240649.0,240649.0,240649.0,,0.0,0.0013889236119791,,,,,0.0,,,,0.0,True,False,,False
re2ob_productcatalogservice_disk_3,disk,productcatalogservice,frontend::GetProduct,frontend::GetProduct,GetProduct,0,2,,,,260166.0,267939.3,268630.26,,0.0,0.0027778472239583,,,,,0.0,,,,0.0,True,False,,False
re2ob_productcatalogservice_disk_3,disk,productcatalogservice,frontend::GetProduct+GetSupportedCurrencies+ListRecommendations+PlaceOrder,Place Order,GetProduct+GetSupportedCurrencies+ListRecommendations+PlaceOrder,338,359,135282.5,271521.7499999999,651806.0199999996,375042.0,695199.2,1195427.9800000002,2.560381258591624,0.4694444444444444,0.4986235767005286,0.0118343195266272,0.064066852367688,0.0522325328410608,0.0,0.0,0.0,5.020232984821829e-87,0.8673995813485851,0.8673995813485851,False,False,2.008093193928732e-86,True
re2ob_productcatalogservice_disk_3,disk,productcatalogservice,frontend::empty,frontend::empty,,798,754,333.5,1054.6999999999996,2409.2099999999946,341.0,845.7500000000001,1588.8100000000006,0.8018867924528306,1.1083333333333334,1.047248403432308,0.0100250626566416,0.006631299734748,-0.0033937629218935,0.0,0.0,0.0,1.0,-0.0025361813020615,0.0,False,False,1.0,False
re2ob_productcatalogservice_disk_3,disk,productcatalogservice,direct::hipstershop.CurrencyService/Convert,hipstershop.CurrencyService/Convert (direct),Convert,1109,1196,4678.0,69619.0,79724.40000000002,5999.0,14650.25,65021.19999999997,0.2104346514600899,1.540277777777778,1.6611526399271093,0.0108205590622182,0.0008361204013377,-0.0099844386608804,0.0,0.0,0.0,7.408859774229058e-10,0.1508447153270142,0.1508447153270142,False,False,1.4817719548458115e-09,True
re2ob_productcatalogservice_loss_1,loss,productcatalogservice,frontend::AddItem+GetProduct,Add To Cart,AddItem+GetProduct,922,373,7174.5,10435.149999999983,18044.359999999917,199934.0,1602356.5999999957,6973014.039999776,153.55376779442537,1.2805573341074084,0.5183737794590568,0.0108459869848156,0.739946380697051,0.7291003937122353,0.0,0.0,0.0,1.2595565107605905e-143,0.905363674957692,0.905363674957692,False,False,6.297782553802952e-143,True
re2ob_productcatalogservice_loss_1,loss,productcatalogservice,frontend::Convert+GetAds+GetCart+GetProduct+GetSupportedCurrencies+ListRecommendations,Product Detail View,Convert+GetAds+GetCart+GetProduct+GetSupportedCurrencies+ListRecommendations,4227,1515,158916.0,329196.9,709109.9199999997,5959483.0,26100820.7,35524594.699999966,79.28635020560644,5.870841487279844,2.105459184666142,0.0101726993139342,0.9696369636963696,0.9594642643824354,0.0,0.0,0.0,0.0,0.9908921197300709,0.9908921197300709,False,False,0.0,True
re2ob_productcatalogservice_loss_1,loss,productcatalogservice,frontend::Convert+GetAds+GetCart+GetSupportedCurrencies+ListProducts,Home Page View,Convert+GetAds+GetCart+GetSupportedCurrencies+ListProducts,999,359,593461.0,1187110.5999999994,1582929.2799999996,1556805.0,13634037.699999996,25251369.860000063,11.485061038120628,1.3875019270860098,0.4989173909538911,0.01001001001001,0.4930362116991643,0.4830262016891543,0.0,0.0,0.0,2.296872271242897e-75,0.6542001611639494,0.6542001611639494,False,False,9.18748908497159e-75,True
re2ob_productcatalogservice_loss_1,loss,productcatalogservice,frontend::Convert+GetCart+GetProduct+GetQuote+GetSupportedCurrencies+ListRecommendations,Cart View,Convert+GetCart+GetProduct+GetQuote+GetSupportedCurrencies+ListRecommendations,1856,739,265388.5,665143.0,967695.0000000003,4563492.0,23817783.6,33741158.54000001,35.808515762775826,2.577781358029664,1.0270193646655308,0.0102370689655172,0.9431664411366713,0.932929372171154,0.0,0.0,0.0,0.0,0.9904431664411366,0.9904431664411366,False,False,0.0,True
re2ob_productcatalogservice_loss_1,loss,productcatalogservice,frontend::Convert+GetCart+GetQuote+GetSupportedCurrencies+ListRecommendations,frontend::Convert+GetCart+GetQuote+GetSupportedCurrencies+ListRecommendations,Convert+GetCart+GetQuote+GetSupportedCurrencies+ListRecommendations,0,12,,,,3119700.0,14405950.499999996,17331998.900000002,,0.0,0.0166769044329991,,,,,0.1666666666666666,,,,0.0,True,False,,False
re2ob_productcatalogservice_loss_1,loss,productcatalogservice,frontend::GetProduct,frontend::GetProduct,GetProduct,0,9,,,,1672.0,2181.8,2291.56,,0.0,0.0125076783247493,,,,,0.0,,,,0.0,True,False,,False
re2ob_productcatalogservice_loss_1,loss,productcatalogservice,frontend::GetProduct+GetSupportedCurrencies+ListRecommendations+PlaceOrder,Place Order,GetProduct+GetSupportedCurrencies+ListRecommendations+PlaceOrder,306,108,337358.5,891334.25,1105925.5499999998,4921276.5,19012225.55,30576024.26,21.330074043491543,0.4250005902785976,0.1500921398969923,0.0130718954248366,0.9166666666666666,0.90359477124183,0.0,0.0,0.0,7.744548729873879e-52,0.9830549503752116,0.9830549503752116,False,False,2.323364618962164e-51,True
re2ob_productcatalogservice_loss_1,loss,productcatalogservice,frontend::GetSupportedCurrencies+ListProducts,frontend::GetSupportedCurrencies+ListProducts,GetSupportedCurrencies+ListProducts,0,1,,,,23440.0,23440.0,23440.0,,0.0,0.0013897420360832,,,,,0.0,,,,0.0,True,False,,False
re2ob_productcatalogservice_loss_1,loss,productcatalogservice,frontend::GetSupportedCurrencies+ListRecommendations+PlaceOrder,frontend::GetSupportedCurrencies+ListRecommendations+PlaceOrder,GetSupportedCurrencies+ListRecommendations+PlaceOrder,0,11,,,,677756.0,6658841.0,10982822.600000003,,0.0,0.0152871623969158,,,,,0.1818181818181818,,,,0.0,True,False,,False
re2ob_productcatalogservice_loss_1,loss,productcatalogservice,frontend::PlaceOrder,frontend::PlaceOrder,PlaceOrder,0,1,,,,10821.0,10821.0,10821.0,,0.0,0.0013897420360832,,,,,0.0,,,,0.0,True,False,,False
re2ob_productcatalogservice_loss_1,loss,productcatalogservice,frontend::empty,frontend::empty,,812,384,306.5,735.4499999999999,1189.199999999999,363.0,789.0999999999998,1245.200000000004,1.0729485349105987,1.127779344137978,0.5336609418559727,0.0110837438423645,0.0130208333333333,0.0019370894909688,0.0,0.0,0.0,4.686805390186866e-06,0.168892395320197,0.168892395320197,False,False,4.686805390186866e-06,True
re2ob_productcatalogservice_loss_1,loss,productcatalogservice,direct::hipstershop.CurrencyService/Convert,hipstershop.CurrencyService/Convert (direct),Convert,1065,441,88978.0,101607.8,320189.71999998926,46722.0,136124.0,197695.60000000027,1.339700298599123,1.479168721067668,0.6128762379127186,0.0103286384976525,0.0090702947845804,-0.001258343713072,0.0,0.0,0.0,6.4846667592276755e-16,-0.2669966891294859,0.0,False,False,1.296933351845535e-15,False
re2ob_productcatalogservice_loss_2,loss,productcatalogservice,frontend::AddItem+GetProduct,Add To Cart,AddItem+GetProduct,1033,306,7954.0,12943.399999999996,44003.79999999981,219440.0,976716.75,3353687.3999999925,75.4606015420987,1.434726207572799,0.4252238331010351,0.0106485963213939,0.7254901960784313,0.7148415997570373,0.0,0.0,0.0,2.757800157444477e-127,0.9032768318685978,0.9032768318685978,False,False,1.3789000787222383e-126,True
re2ob_productcatalogservice_loss_2,loss,productcatalogservice,frontend::Convert+GetAds+GetCart+GetProduct+GetSupportedCurrencies+ListRecommendations,Product Detail View,Convert+GetAds+GetCart+GetProduct+GetSupportedCurrencies+ListRecommendations,4469,1381,39261.0,104942.99999999984,341317.1999999988,5353067.0,33103554.0,110725861.60000002,315.44318344244067,6.206961686004683,1.9190657304331031,0.0100693667487133,0.9630702389572772,0.953000872208564,0.0,0.0253439536567704,0.0253439536567704,0.0,0.9702616253022472,0.9956055789590176,False,False,0.0,True
re2ob_productcatalogservice_loss_2,loss,productcatalogservice,frontend::Convert+GetAds+GetCart+GetSupportedCurrencies+ListProducts,Home Page View,Convert+GetAds+GetCart+GetSupportedCurrencies+ListProducts,985,339,102744.0,205656.0,372924.9199999997,997465.0,24449284.1,101461529.8,118.88437050219784,1.3680593557204324,0.4710813052982056,0.0101522842639593,0.7138643067846607,0.7037120225207013,0.0,0.0,0.0,1.2765884622914882e-120,0.8504110327478549,0.8504110327478549,False,False,5.1063538491659535e-120,True
re2ob_productcatalogservice_loss_2,loss,productcatalogservice,frontend::Convert+GetCart+GetProduct+GetQuote+GetSupportedCurrencies+ListRecommendations,Cart View,Convert+GetCart+GetProduct+GetQuote+GetSupportedCurrencies+ListRecommendations,1998,610,66764.0,177752.0499999999,264023.0799999999,4137433.5,28152856.65,112126486.11999986,158.38273960834778,2.775007708354745,0.8476684254628478,0.01001001001001,0.9590163934426228,0.9490063834326128,0.0,0.0295081967213114,0.0295081967213114,1.0552216256810535e-271,0.94128882981342,0.9707970265347312,False,False,6.331329754086322e-271,True
re2ob_productcatalogservice_loss_2,loss,productcatalogservice,frontend::Convert+GetCart+GetProduct+GetSupportedCurrencies+ListRecommendations,frontend::Convert+GetCart+GetProduct+GetSupportedCurrencies+ListRecommendations,Convert+GetCart+GetProduct+GetSupportedCurrencies+ListRecommendations,0,1,,,,26977693.0,26977693.0,26977693.0,,0.0,0.0013896203696112,,,,,0.0,,,,0.0,True,False,,False
re2ob_productcatalogservice_loss_2,loss,productcatalogservice,frontend::Convert+GetCart+GetQuote+GetSupportedCurrencies+ListRecommendations,frontend::Convert+GetCart+GetQuote+GetSupportedCurrencies+ListRecommendations,Convert+GetCart+GetQuote+GetSupportedCurrencies+ListRecommendations,0,23,,,,326618.0,23534100.399999995,24930116.84,,0.0,0.0319612685010581,,,,,0.3043478260869565,,,,0.0,True,False,,False
re2ob_productcatalogservice_loss_2,loss,productcatalogservice,frontend::GetCart+GetProduct+GetSupportedCurrencies+ListRecommendations,frontend::GetCart+GetProduct+GetSupportedCurrencies+ListRecommendations,GetCart+GetProduct+GetSupportedCurrencies+ListRecommendations,0,13,,,,27268799.0,27482312.6,27577524.92,,0.0,0.0180650648049459,,,,,0.0,,,,0.0,True,False,,False
re2ob_productcatalogservice_loss_2,loss,productcatalogservice,frontend::GetProduct,frontend::GetProduct,GetProduct,0,118,,,,1675.5,25857368.8,26375164.16,,0.0,0.1639752036141246,,,,,0.0,,,,0.0,True,False,,False
re2ob_productcatalogservice_loss_2,loss,productcatalogservice,frontend::GetProduct+GetSupportedCurrencies+ListRecommendations+PlaceOrder,Place Order,GetProduct+GetSupportedCurrencies+ListRecommendations+PlaceOrder,324,77,126181.5,219055.9999999999,305888.03999999963,3497351.0,25291096.40000001,40564263.44,115.45493572419846,0.4500012500034722,0.1070007684600644,0.0123456790123456,0.987012987012987,0.9746673080006414,0.0,0.0,0.0,2.9978010844766924e-40,0.9771524771524772,0.9771524771524772,False,False,8.993403253430078e-40,True
re2ob_productcatalogservice_loss_2,loss,productcatalogservice,frontend::GetSupportedCurrencies+ListProducts,frontend::GetSupportedCurrencies+ListProducts,GetSupportedCurrencies+ListProducts,0,17,,,,9429.0,26941817.4,27075469.88,,0.0,0.0236235462833908,,,,,0.0,,,,0.0,True,False,,False
re2ob_productcatalogservice_loss_2,loss,productcatalogservice,frontend::GetSupportedCurrencies+ListRecommendations+PlaceOrder,frontend::GetSupportedCurrencies+ListRecommendations+PlaceOrder,GetSupportedCurrencies+ListRecommendations+PlaceOrder,0,15,,,,535621.0,11232644.19999997,27053889.639999986,,0.0,0.0208443055441683,,,,,0.0666666666666666,,,,0.0,True,False,,False
re2ob_productcatalogservice_loss_2,loss,productcatalogservice,frontend::PlaceOrder,frontend::PlaceOrder,PlaceOrder,0,16,,,,10776.0,157063.75,157355.95,,0.0,0.0222339259137796,,,,,0.0,,,,0.0,True,False,,False
re2ob_productcatalogservice_loss_2,loss,productcatalogservice,frontend::empty,frontend::empty,,782,374,299.0,770.9499999999999,1091.499999999997,349.5,841.3499999999999,1089.54,1.0913159089435112,1.0861141280948,0.5197180182345985,0.0102301790281329,0.0080213903743315,-0.0022087886538014,0.0,0.0,0.0,5.823635177687757e-07,0.1862562741906805,0.1862562741906805,False,False,5.823635177687757e-07,True
re2ob_productcatalogservice_loss_2,loss,productcatalogservice,direct::hipstershop.CurrencyService/Convert,hipstershop.CurrencyService/Convert (direct),Convert,1122,339,4260.5,66950.85000000002,74740.48999999999,5411.0,77685.1,89366.92000000001,1.1603303020051274,1.5583376620490612,0.4710813052982056,0.0106951871657754,0.0707964601769911,0.0601012730112157,0.0,0.0,0.0,2.3634211444174057e-11,0.2427765420998111,0.2427765420998111,False,False,4.7268422888348114e-11,True
re2ob_productcatalogservice_loss_3,loss,productcatalogservice,frontend::AddItem+GetProduct,Add To Cart,AddItem+GetProduct,1048,655,8679.5,13692.6,47161.47,29023.0,919505.6999999952,1533712.66,67.15347706060173,1.4555575771633016,0.910060967137768,0.0104961832061068,0.4488549618320611,0.4383587786259542,0.0,0.0,0.0,9.714332788771097e-204,0.8767641745819008,0.8767641745819008,False,False,4.8571663943855476e-203,True
re2ob_productcatalogservice_loss_3,loss,productcatalogservice,frontend::Convert+GetAds+GetCart+GetProduct+GetSupportedCurrencies+ListRecommendations,Product Detail View,Convert+GetAds+GetCart+GetProduct+GetSupportedCurrencies+ListRecommendations,4340,2732,47946.5,128955.50000000004,350315.3099999951,1526540.5,14501889.199999994,22660432.480000004,112.45653888356829,6.027786149702986,3.7958573469013466,0.0101382488479262,0.91800878477306,0.9078705359251338,0.0,0.0,0.0,0.0,0.9860893422215624,0.9860893422215624,False,False,0.0,True
re2ob_productcatalogservice_loss_3,loss,productcatalogservice,frontend::Convert+GetAds+GetCart+GetSupportedCurrencies+ListProducts,Home Page View,Convert+GetAds+GetCart+GetSupportedCurrencies+ListProducts,1067,628,158943.0,331335.3,498752.5799999996,457651.0,7266408.5,14547276.510000013,21.93068019012765,1.481946502703476,0.8725470036068982,0.0103092783505154,0.4681528662420382,0.4578435878915227,0.0,0.0,0.0,1.7357544262712943e-124,0.6901381335848471,0.6901381335848471,False,False,6.943017705085177e-124,True
re2ob_productcatalogservice_loss_3,loss,productcatalogservice,frontend::Convert+GetCart+GetProduct+GetQuote+GetSupportedCurrencies+ListRecommendations,Cart View,Convert+GetCart+GetProduct+GetQuote+GetSupportedCurrencies+ListRecommendations,2066,1276,90428.0,245745.0,351181.55,1176745.5,8201593.0,17697993.0,33.374404362245414,2.8694484297894856,1.772882128347774,0.010164569215876,0.890282131661442,0.8801175624455659,0.0,0.0015673981191222,0.0015673981191222,0.0,0.9551451777851284,0.9567125759042504,False,False,0.0,True
re2ob_productcatalogservice_loss_3,loss,productcatalogservice,frontend::Convert+GetCart+GetProduct+GetSupportedCurrencies+ListRecommendations,frontend::Convert+GetCart+GetProduct+GetSupportedCurrencies+ListRecommendations,Convert+GetCart+GetProduct+GetSupportedCurrencies+ListRecommendations,0,9,,,,2197279.0,2618165.0,2619694.6,,0.0,0.0125046545102899,,,,,0.0,,,,0.0,True,False,,False
re2ob_productcatalogservice_loss_3,loss,productcatalogservice,frontend::Convert+GetCart+GetQuote+GetSupportedCurrencies+ListRecommendations,frontend::Convert+GetCart+GetQuote+GetSupportedCurrencies+ListRecommendations,Convert+GetCart+GetQuote+GetSupportedCurrencies+ListRecommendations,0,9,,,,11224866.0,17290264.4,17639350.48,,0.0,0.0125046545102899,,,,,0.3333333333333333,,,,0.0,True,False,,False
re2ob_productcatalogservice_loss_3,loss,productcatalogservice,frontend::GetCart+GetSupportedCurrencies+ListRecommendations,frontend::GetCart+GetSupportedCurrencies+ListRecommendations,GetCart+GetSupportedCurrencies+ListRecommendations,0,1,,,,1305655.0,1305655.0,1305655.0,,0.0,0.0013894060566988,,,,,0.0,,,,0.0,True,False,,False
re2ob_productcatalogservice_loss_3,loss,productcatalogservice,frontend::GetProduct,frontend::GetProduct,GetProduct,0,43,,,,1649.0,5560.599999999999,761027.0399999978,,0.0,0.0597444604380519,,,,,0.0,,,,0.0,True,False,,False
re2ob_productcatalogservice_loss_3,loss,productcatalogservice,frontend::GetProduct+GetSupportedCurrencies+ListRecommendations+PlaceOrder,Place Order,GetProduct+GetSupportedCurrencies+ListRecommendations+PlaceOrder,339,216,148838.0,296059.6,385862.62,1171044.0,6475490.5,8463091.599999994,21.87225308687845,0.4708339872694267,0.3001117082469586,0.0117994100294985,0.9027777777777778,0.8909783677482792,0.0,0.0,0.0,3.362444465119845e-82,0.9680159510542992,0.9680159510542992,False,False,1.0087333395359535e-81,True
re2ob_productcatalogservice_loss_3,loss,productcatalogservice,frontend::GetSupportedCurrencies+ListProducts,frontend::GetSupportedCurrencies+ListProducts,GetSupportedCurrencies+ListProducts,0,13,,,,7328.0,1324345.1999999988,1717224.2399999993,,0.0,0.0180622787370854,,,,,0.0,,,,0.0,True,False,,False
re2ob_productcatalogservice_loss_3,loss,productcatalogservice,frontend::GetSupportedCurrencies+ListRecommendations+PlaceOrder,frontend::GetSupportedCurrencies+ListRecommendations+PlaceOrder,GetSupportedCurrencies+ListRecommendations+PlaceOrder,0,4,,,,270389.5,330233.65,338034.73,,0.0,0.0055576242267955,,,,,0.0,,,,0.0,True,False,,False
re2ob_productcatalogservice_loss_3,loss,productcatalogservice,frontend::PlaceOrder,frontend::PlaceOrder,PlaceOrder,0,4,,,,12804.0,69779.24999999997,77486.24999999999,,0.0,0.0055576242267955,,,,,0.0,,,,0.0,True,False,,False
re2ob_productcatalogservice_loss_3,loss,productcatalogservice,frontend::empty,frontend::empty,,867,571,347.0,1190.999999999999,2293.4000000000005,353.0,1136.0,2573.0999999999967,0.9538203190596144,1.2041683391226932,0.7933508583750618,0.0103806228373702,0.0175131348511383,0.0071325120137681,0.0,0.0,0.0,1.0,0.0208662840844588,0.0208662840844588,False,False,1.0,False
re2ob_productcatalogservice_loss_3,loss,productcatalogservice,direct::hipstershop.CurrencyService/Convert,hipstershop.CurrencyService/Convert (direct),Convert,1192,752,5298.0,73811.3,80178.47999999998,6147.0,74557.54999999997,86252.98000000001,1.01011024057292,1.6555578549414651,1.0448333546375597,0.0100671140939597,0.0239361702127659,0.0138690561188062,0.0,0.0,0.0,0.0023767958318657,0.0871813865486219,0.0871813865486219,False,False,0.0047535916637314,False
re2ob_productcatalogservice_mem_1,mem,productcatalogservice,frontend::AddItem+GetProduct,Add To Cart,AddItem+GetProduct,953,626,8889.0,14639.2,506143.04000000085,98173.0,2204073.25,2387811.0,150.55967880758513,1.3241094912112752,0.8694903342120834,0.0104931794333683,0.1837060702875399,0.1732128908541716,0.0,0.0,0.0,8.785502813835334e-233,0.9685556624615724,0.9685556624615724,False,False,4.392751406917667e-232,True
re2ob_productcatalogservice_mem_1,mem,productcatalogservice,frontend::Convert+GetAds+GetCart+GetProduct+GetSupportedCurrencies+ListRecommendations,Product Detail View,Convert+GetAds+GetCart+GetProduct+GetSupportedCurrencies+ListRecommendations,4157,2665,175958.0,427899.9999999998,683000.679999994,3236924.0,5013846.8,6179620.160000009,11.717333021734056,5.775785052429455,3.701584250279876,0.0101034399807553,0.9669793621013132,0.956875922120558,0.0,0.0,0.0,0.0,0.9945546312849188,0.9945546312849188,False,False,0.0,True
re2ob_productcatalogservice_mem_1,mem,productcatalogservice,frontend::Convert+GetAds+GetCart+GetSupportedCurrencies+ListProducts,Home Page View,Convert+GetAds+GetCart+GetSupportedCurrencies+ListProducts,984,588,656994.5,1253128.7499999995,1586225.7399999995,1879718.5,3167578.099999999,3756415.61,2.52773555789858,1.3671812585014638,0.8167097707934585,0.0101626016260162,0.6156462585034014,0.6054836568773851,0.0,0.0,0.0,2.69398370248362e-175,0.8504853160776507,0.8504853160776507,False,False,1.077593480993448e-174,True
re2ob_productcatalogservice_mem_1,mem,productcatalogservice,frontend::Convert+GetCart+GetProduct+GetQuote+GetSupportedCurrencies+ListRecommendations,Cart View,Convert+GetCart+GetProduct+GetQuote+GetSupportedCurrencies+ListRecommendations,1924,1198,301900.0,770206.7499999998,1061823.53,3126441.0,6072591.1,7806401.389999999,7.8843649448670785,2.673228395687821,1.6639767098819105,0.0103950103950103,0.9090150250417364,0.8986200146467258,0.0,0.0,0.0,0.0,0.9775101607321974,0.9775101607321974,False,False,0.0,True
re2ob_productcatalogservice_mem_1,mem,productcatalogservice,frontend::Convert+GetCart+GetProduct+GetSupportedCurrencies+ListRecommendations,frontend::Convert+GetCart+GetProduct+GetSupportedCurrencies+ListRecommendations,Convert+GetCart+GetProduct+GetSupportedCurrencies+ListRecommendations,0,9,,,,3749965.0,4785420.2,4798451.24,,0.0,0.0125006597570427,,,,,0.0,,,,0.0,True,False,,False
re2ob_productcatalogservice_mem_1,mem,productcatalogservice,frontend::Convert+GetCart+GetQuote+GetSupportedCurrencies+ListRecommendations,frontend::Convert+GetCart+GetQuote+GetSupportedCurrencies+ListRecommendations,Convert+GetCart+GetQuote+GetSupportedCurrencies+ListRecommendations,0,1,,,,78227.0,78227.0,78227.0,,0.0,0.0013889621952269,,,,,0.0,,,,0.0,True,False,,False
re2ob_productcatalogservice_mem_1,mem,productcatalogservice,frontend::GetCart+GetProduct+GetSupportedCurrencies+ListRecommendations,frontend::GetCart+GetProduct+GetSupportedCurrencies+ListRecommendations,GetCart+GetProduct+GetSupportedCurrencies+ListRecommendations,0,1,,,,5319705.0,5319705.0,5319705.0,,0.0,0.0013889621952269,,,,,0.0,,,,0.0,True,False,,False
re2ob_productcatalogservice_mem_1,mem,productcatalogservice,frontend::GetCart+GetSupportedCurrencies+ListRecommendations,frontend::GetCart+GetSupportedCurrencies+ListRecommendations,GetCart+GetSupportedCurrencies+ListRecommendations,0,2,,,,3969207.0,4196202.3,4216379.66,,0.0,0.0027779243904539,,,,,0.0,,,,0.0,True,False,,False
re2ob_productcatalogservice_mem_1,mem,productcatalogservice,frontend::GetProduct,frontend::GetProduct,GetProduct,0,5,,,,3792397.0,4515313.8,4639161.96,,0.0,0.0069448109761348,,,,,0.0,,,,0.0,True,False,,False
re2ob_productcatalogservice_mem_1,mem,productcatalogservice,frontend::GetProduct+GetSupportedCurrencies+ListRecommendations+PlaceOrder,Place Order,GetProduct+GetSupportedCurrencies+ListRecommendations+PlaceOrder,318,202,392543.0,890126.95,1500581.13,3093307.5,5893235.299999999,7698866.280000001,6.620668321524249,0.4418329676864486,0.280570363435848,0.0125786163522012,0.9752475247524752,0.962668908400274,0.0,0.0,0.0,5.7664188945675e-81,0.9927766361541814,0.9927766361541814,False,False,1.7299256683702504e-80,True
re2ob_productcatalogservice_mem_1,mem,productcatalogservice,frontend::GetProduct+ListRecommendations+PlaceOrder,frontend::GetProduct+ListRecommendations+PlaceOrder,GetProduct+ListRecommendations+PlaceOrder,0,1,,,,5496829.0,5496829.0,5496829.0,,0.0,0.0013889621952269,,,,,0.0,,,,0.0,True,False,,False
re2ob_productcatalogservice_mem_1,mem,productcatalogservice,frontend::GetSupportedCurrencies+ListProducts,frontend::GetSupportedCurrencies+ListProducts,GetSupportedCurrencies+ListProducts,0,1,,,,2538241.0,2538241.0,2538241.0,,0.0,0.0013889621952269,,,,,0.0,,,,0.0,True,False,,False
re2ob_productcatalogservice_mem_1,mem,productcatalogservice,frontend::GetSupportedCurrencies+ListRecommendations+PlaceOrder,frontend::GetSupportedCurrencies+ListRecommendations+PlaceOrder,GetSupportedCurrencies+ListRecommendations+PlaceOrder,0,2,,,,2482520.5,2754906.85,2779118.97,,0.0,0.0027779243904539,,,,,0.0,,,,0.0,True,False,,False
re2ob_productcatalogservice_mem_1,mem,productcatalogservice,frontend::ListRecommendations+PlaceOrder,frontend::ListRecommendations+PlaceOrder,ListRecommendations+PlaceOrder,0,2,,,,4692792.0,4693240.2,4693280.04,,0.0,0.0027779243904539,,,,,0.0,,,,0.0,True,False,,False
re2ob_productcatalogservice_mem_1,mem,productcatalogservice,frontend::empty,frontend::empty,,802,531,368.0,951.7999999999996,1807.2000000000016,372.0,945.5,1305.5000000000002,0.9933809623870564,1.1143083021526157,0.7375389256655213,0.0112219451371571,0.0037664783427495,-0.0074554667944075,0.0,0.0,0.0,1.0,0.016761298260939,0.016761298260939,False,False,1.0,False
re2ob_productcatalogservice_mem_1,mem,productcatalogservice,direct::hipstershop.CurrencyService/Convert,hipstershop.CurrencyService/Convert (direct),Convert,1094,729,90515.0,186901.5,281713.3899999998,91230.0,289116.0,502498.0000000003,1.5468896718324894,1.520016561789229,1.0125534403204617,0.0100548446069469,0.0781893004115226,0.0681344558045756,0.0,0.0,0.0,0.0051337038266888,0.0832574737375333,0.0832574737375333,False,False,0.0102674076533777,False
re2ob_productcatalogservice_mem_2,mem,productcatalogservice,frontend::AddItem,frontend::AddItem,AddItem,0,1,,,,95277.0,95277.0,95277.0,,0.0,0.0013893539365259,,,,,0.0,,,,0.0,True,False,,False
re2ob_productcatalogservice_mem_2,mem,productcatalogservice,frontend::AddItem+GetProduct,Add To Cart,AddItem+GetProduct,874,753,7893.5,12756.099999999997,39301.02999999999,81092.0,719885.1999999997,2089808.72,56.43458423812921,1.2138888888888888,1.04618351420406,0.0102974828375286,0.798140770252324,0.7878432874147954,0.0,0.0,0.0,7.746727035792316e-227,0.92393355639228,0.92393355639228,False,False,3.8733635178961584e-226,True
re2ob_productcatalogservice_mem_2,mem,productcatalogservice,frontend::Convert,frontend::Convert,Convert,0,2,,,,2749656.5,2750531.75,2750609.55,,0.0,0.0027787078730519,,,,,0.0,,,,0.0,True,False,,False
re2ob_productcatalogservice_mem_2,mem,productcatalogservice,frontend::Convert+GetAds+GetCart+GetProduct+GetSupportedCurrencies+ListRecommendations,Product Detail View,Convert+GetAds+GetCart+GetProduct+GetSupportedCurrencies+ListRecommendations,3641,3137,39837.0,107055.0,290190.59999999905,1350244.0,2563674.0,4253871.399999999,23.94726075381813,5.0569444444444445,4.358403298881987,0.0101620433946717,0.9187121453618108,0.9085501019671388,0.0,0.0,0.0,0.0,0.9891857836629672,0.9891857836629672,False,False,0.0,True
re2ob_productcatalogservice_mem_2,mem,productcatalogservice,frontend::Convert+GetAds+GetCart+GetSupportedCurrencies+ListProducts,Home Page View,Convert+GetAds+GetCart+GetSupportedCurrencies+ListProducts,855,708,115950.0,246384.79999999996,510348.7600000009,1051828.5,2348097.4,2765540.539999999,9.530203973621752,1.1875,0.983662587060391,0.0105263157894736,0.711864406779661,0.7013380909901873,0.0,0.0,0.0,4.297353649357582e-222,0.934240261671127,0.934240261671127,False,False,1.718941459743033e-221,True
re2ob_productcatalogservice_mem_2,mem,productcatalogservice,frontend::Convert+GetAds+GetCart+ListProducts,frontend::Convert+GetAds+GetCart+ListProducts,Convert+GetAds+GetCart+ListProducts,0,5,,,,1594602.0,2563828.8,2605069.76,,0.0,0.0069467696826298,,,,,0.0,,,,0.0,True,False,,False
re2ob_productcatalogservice_mem_2,mem,productcatalogservice,frontend::Convert+GetCart+GetProduct+GetQuote+GetSupportedCurrencies+ListRecommendations,Cart View,Convert+GetCart+GetProduct+GetQuote+GetSupportedCurrencies+ListRecommendations,1699,1437,68143.0,180867.19999999987,266094.1,1525917.0,2805601.2,3012009.76,15.51194025229562,2.359722222222222,1.996501606787828,0.0100058858151854,0.929714683368128,0.9197087975529428,0.0,0.0,0.0,0.0,0.9846264309555376,0.9846264309555376,False,False,0.0,True
re2ob_productcatalogservice_mem_2,mem,productcatalogservice,frontend::Convert+GetCart+GetProduct+GetSupportedCurrencies+ListRecommendations,frontend::Convert+GetCart+GetProduct+GetSupportedCurrencies+ListRecommendations,Convert+GetCart+GetProduct+GetSupportedCurrencies+ListRecommendations,0,2,,,,2090731.0,2184983.5,2193361.5,,0.0,0.0027787078730519,,,,,0.0,,,,0.0,True,False,,False
re2ob_productcatalogservice_mem_2,mem,productcatalogservice,frontend::Convert+GetProduct,frontend::Convert+GetProduct,Convert+GetProduct,0,6,,,,2477603.5,3234255.0,3324915.0,,0.0,0.0083361236191558,,,,,0.0,,,,0.0,True,False,,False
re2ob_productcatalogservice_mem_2,mem,productcatalogservice,frontend::Convert+GetProduct+GetQuote,frontend::Convert+GetProduct+GetQuote,Convert+GetProduct+GetQuote,0,4,,,,2804265.0,2945086.35,2963490.87,,0.0,0.0055574157461039,,,,,0.0,,,,0.0,True,False,,False
re2ob_productcatalogservice_mem_2,mem,productcatalogservice,frontend::Convert+GetProduct+GetQuote+GetSupportedCurrencies,frontend::Convert+GetProduct+GetQuote+GetSupportedCurrencies,Convert+GetProduct+GetQuote+GetSupportedCurrencies,0,1,,,,486676.0,486676.0,486676.0,,0.0,0.0013893539365259,,,,,0.0,,,,0.0,True,False,,False
re2ob_productcatalogservice_mem_2,mem,productcatalogservice,frontend::Convert+GetProduct+GetQuote+ListRecommendations,frontend::Convert+GetProduct+GetQuote+ListRecommendations,Convert+GetProduct+GetQuote+ListRecommendations,0,1,,,,2181478.0,2181478.0,2181478.0,,0.0,0.0013893539365259,,,,,0.0,,,,0.0,True,False,,False
re2ob_productcatalogservice_mem_2,mem,productcatalogservice,frontend::Convert+GetQuote,frontend::Convert+GetQuote,Convert+GetQuote,0,1,,,,469463.0,469463.0,469463.0,,0.0,0.0013893539365259,,,,,0.0,,,,0.0,True,False,,False
re2ob_productcatalogservice_mem_2,mem,productcatalogservice,frontend::GetAds,frontend::GetAds,GetAds,0,1,,,,585639.0,585639.0,585639.0,,0.0,0.0013893539365259,,,,,0.0,,,,0.0,True,False,,False
re2ob_productcatalogservice_mem_2,mem,productcatalogservice,frontend::GetAds+GetCart+GetProduct+GetSupportedCurrencies,frontend::GetAds+GetCart+GetProduct+GetSupportedCurrencies,GetAds+GetCart+GetProduct+GetSupportedCurrencies,0,1,,,,463613.0,463613.0,463613.0,,0.0,0.0013893539365259,,,,,0.0,,,,0.0,True,False,,False
re2ob_productcatalogservice_mem_2,mem,productcatalogservice,frontend::GetAds+GetProduct,frontend::GetAds+GetProduct,GetAds+GetProduct,0,13,,,,1386013.0,2425614.4,2453915.68,,0.0,0.0180616011748376,,,,,0.0,,,,0.0,True,False,,False
re2ob_productcatalogservice_mem_2,mem,productcatalogservice,frontend::GetAds+GetProduct+GetSupportedCurrencies,frontend::GetAds+GetProduct+GetSupportedCurrencies,GetAds+GetProduct+GetSupportedCurrencies,0,1,,,,457476.0,457476.0,457476.0,,0.0,0.0013893539365259,,,,,0.0,,,,0.0,True,False,,False
re2ob_productcatalogservice_mem_2,mem,productcatalogservice,frontend::GetAds+GetProduct+ListRecommendations,frontend::GetAds+GetProduct+ListRecommendations,GetAds+GetProduct+ListRecommendations,0,1,,,,2202044.0,2202044.0,2202044.0,,0.0,0.0013893539365259,,,,,0.0,,,,0.0,True,False,,False
re2ob_productcatalogservice_mem_2,mem,productcatalogservice,frontend::GetProduct,frontend::GetProduct,GetProduct,0,7,,,,1729507.0,2137207.6,2169921.52,,0.0,0.0097254775556818,,,,,0.0,,,,0.0,True,False,,False
re2ob_productcatalogservice_mem_2,mem,productcatalogservice,frontend::GetProduct+GetSupportedCurrencies,frontend::GetProduct+GetSupportedCurrencies,GetProduct+GetSupportedCurrencies,0,1,,,,2483003.0,2483003.0,2483003.0,,0.0,0.0013893539365259,,,,,0.0,,,,0.0,True,False,,False
re2ob_productcatalogservice_mem_2,mem,productcatalogservice,frontend::GetProduct+GetSupportedCurrencies+ListRecommendations+PlaceOrder,Place Order,GetProduct+GetSupportedCurrencies+ListRecommendations+PlaceOrder,298,233,131445.5,252911.9999999996,376157.4999999998,614524.0,2836001.3999999994,3868468.200000007,11.21339200986906,0.4138888888888888,0.3237194672105524,0.0100671140939597,0.8154506437768241,0.8053835296828643,0.0,0.0,0.0,4.722681597719837e-77,0.9408359017196186,0.9408359017196186,False,False,1.4168044793159512e-76,True
re2ob_productcatalogservice_mem_2,mem,productcatalogservice,frontend::GetSupportedCurrencies+ListProducts,frontend::GetSupportedCurrencies+ListProducts,GetSupportedCurrencies+ListProducts,0,1,,,,1708348.0,1708348.0,1708348.0,,0.0,0.0013893539365259,,,,,0.0,,,,0.0,True,False,,False
re2ob_productcatalogservice_mem_2,mem,productcatalogservice,frontend::empty,frontend::empty,,690,610,330.0,861.9499999999996,1550.1100000000029,362.0,877.1999999999998,2837.299999999996,1.017692441556935,0.9583333333333334,0.8475059012808454,0.0101449275362318,0.0163934426229508,0.0062485150867189,0.0,0.0,0.0,0.0016203573313604,0.1075100974103111,0.1075100974103111,False,False,0.0016203573313604,False
re2ob_productcatalogservice_mem_2,mem,productcatalogservice,direct::hipstershop.CurrencyService/Convert,hipstershop.CurrencyService/Convert (direct),Convert,1053,828,4688.0,69500.6,77338.04,7520.5,81790.49999999999,145446.12000000002,1.1768315669217242,1.4625,1.150385059443508,0.0104463437796771,0.0628019323671497,0.0523555885874726,0.0,0.0,0.0,2.119256634626941e-36,0.3394362094040033,0.3394362094040033,False,False,4.238513269253881e-36,True
re2ob_productcatalogservice_mem_3,mem,productcatalogservice,frontend::AddItem+GetProduct,Add To Cart,AddItem+GetProduct,1006,333,7906.5,11659.75,34634.20000000003,80698.0,140971.79999999827,2064364.4400000009,12.090465061429128,1.397228044005739,0.4625032118278599,0.0109343936381709,0.8138138138138138,0.8028794201756428,0.0,0.0,0.0,3.026113683361295e-141,0.9249070143702351,0.9249070143702351,False,False,1.5130568416806476e-140,True
re2ob_productcatalogservice_mem_3,mem,productcatalogservice,frontend::Convert+GetAds,frontend::Convert+GetAds,Convert+GetAds,0,2,,,,1473594.5,1490304.35,1491789.67,,0.0,0.0027777970680351,,,,,0.0,,,,0.0,True,False,,False
re2ob_productcatalogservice_mem_3,mem,productcatalogservice,frontend::Convert+GetAds+GetCart+GetProduct+GetSupportedCurrencies+ListRecommendations,Product Detail View,Convert+GetAds+GetCart+GetProduct+GetSupportedCurrencies+ListRecommendations,4388,1393,40259.5,107616.75,192813.69,1381448.0,2462229.9999999986,2856830.079999998,22.879616788278767,6.09446983806877,1.9347356578865127,0.0100273473108477,0.9755922469490308,0.9655648996381831,0.0,0.0,0.0,0.0,0.9928284474855068,0.9928284474855068,False,False,0.0,True
re2ob_productcatalogservice_mem_3,mem,productcatalogservice,frontend::Convert+GetAds+GetCart+GetSupportedCurrencies+ListProducts,Home Page View,Convert+GetAds+GetCart+GetSupportedCurrencies+ListProducts,1020,318,117503.0,258385.39999999997,474172.9299999992,747267.0,2258370.35,2552841.9899999974,8.740317177363737,1.4166725694690396,0.4416697338175959,0.0107843137254901,0.660377358490566,0.6495930447650758,0.0,0.0,0.0,2.8000625823373166e-131,0.9054260697989888,0.9054260697989888,False,False,1.1200250329349269e-130,True
re2ob_productcatalogservice_mem_3,mem,productcatalogservice,frontend::Convert+GetAds+GetCart+ListProducts,frontend::Convert+GetAds+GetCart+ListProducts,Convert+GetAds+GetCart+ListProducts,0,2,,,,1257412.5,1647432.45,1682100.89,,0.0,0.0027777970680351,,,,,0.0,,,,0.0,True,False,,False
re2ob_productcatalogservice_mem_3,mem,productcatalogservice,frontend::Convert+GetCart+GetProduct+GetQuote+GetSupportedCurrencies+ListRecommendations,Cart View,Convert+GetCart+GetProduct+GetQuote+GetSupportedCurrencies+ListRecommendations,2068,718,66750.5,207401.2,286979.8099999996,1338539.5,2700101.5,2897942.8800000004,13.01873615003192,2.87223418986468,0.9972291474246348,0.0101547388781431,0.9011142061281338,0.8909594672499906,0.0,0.0,0.0,0.0,0.9713609155024434,0.9713609155024434,False,False,0.0,True
re2ob_productcatalogservice_mem_3,mem,productcatalogservice,frontend::Convert+GetCart+GetProduct+GetSupportedCurrencies,frontend::Convert+GetCart+GetProduct+GetSupportedCurrencies,Convert+GetCart+GetProduct+GetSupportedCurrencies,0,1,,,,263313.0,263313.0,263313.0,,0.0,0.0013888985340175,,,,,0.0,,,,0.0,True,False,,False
re2ob_productcatalogservice_mem_3,mem,productcatalogservice,frontend::Convert+GetCart+GetProduct+GetSupportedCurrencies+ListRecommendations,frontend::Convert+GetCart+GetProduct+GetSupportedCurrencies+ListRecommendations,Convert+GetCart+GetProduct+GetSupportedCurrencies+ListRecommendations,0,29,,,,1196562.0,2482997.6,2611029.76,,0.0,0.0402780574865103,,,,,0.0,,,,0.0,True,False,,False
re2ob_productcatalogservice_mem_3,mem,productcatalogservice,frontend::Convert+GetProduct+GetQuote,frontend::Convert+GetProduct+GetQuote,Convert+GetProduct+GetQuote,0,9,,,,2031406.0,2867654.4,2927626.88,,0.0,0.0125000868061583,,,,,0.0,,,,0.0,True,False,,False
re2ob_productcatalogservice_mem_3,mem,productcatalogservice,frontend::Convert+GetProduct+GetQuote+ListRecommendations,frontend::Convert+GetProduct+GetQuote+ListRecommendations,Convert+GetProduct+GetQuote+ListRecommendations,0,3,,,,1608912.0,2153874.6,2202315.72,,0.0,0.0041666956020527,,,,,0.0,,,,0.0,True,False,,False
re2ob_productcatalogservice_mem_3,mem,productcatalogservice,frontend::GetAds+GetProduct,frontend::GetAds+GetProduct,GetAds+GetProduct,0,11,,,,3811441.0,4492975.0,4532888.6,,0.0,0.0152778838741935,,,,,0.0,,,,0.0,True,False,,False
re2ob_productcatalogservice_mem_3,mem,productcatalogservice,frontend::GetAds+GetProduct+ListRecommendations,frontend::GetAds+GetProduct+ListRecommendations,GetAds+GetProduct+ListRecommendations,0,9,,,,1969852.0,2280821.4,2348869.08,,0.0,0.0125000868061583,,,,,0.0,,,,0.0,True,False,,False
re2ob_productcatalogservice_mem_3,mem,productcatalogservice,frontend::GetProduct+GetSupportedCurrencies+ListRecommendations+PlaceOrder,Place Order,GetProduct+GetSupportedCurrencies+ListRecommendations+PlaceOrder,335,104,130238.0,276930.9,296343.96,596044.5,2800602.7,3098848.9,10.113001835475924,0.465279716443263,0.1444454475378301,0.0119402985074626,0.8269230769230769,0.8149827784156142,0.0,0.0,0.0,7.958335353686909e-50,0.965958668197474,0.965958668197474,False,False,2.3875006061060728e-49,True
re2ob_productcatalogservice_mem_3,mem,productcatalogservice,frontend::ListRecommendations+PlaceOrder,frontend::ListRecommendations+PlaceOrder,ListRecommendations+PlaceOrder,0,1,,,,572127.0,572127.0,572127.0,,0.0,0.0013888985340175,,,,,0.0,,,,0.0,True,False,,False
re2ob_productcatalogservice_mem_3,mem,productcatalogservice,frontend::PlaceOrder,frontend::PlaceOrder,PlaceOrder,0,1,,,,376611.0,376611.0,376611.0,,0.0,0.0013888985340175,,,,,0.0,,,,0.0,True,False,,False
re2ob_productcatalogservice_mem_3,mem,productcatalogservice,frontend::empty,frontend::empty,,822,295,320.5,816.5499999999994,1369.529999999996,374.0,213826.1,1557156.9400000004,261.86528687771744,1.1416714236309318,0.4097250675351912,0.010948905109489,0.0813559322033898,0.0704070270939007,0.0,0.0,0.0,1.3434639171933726e-05,0.1765103715617137,0.1765103715617137,False,False,1.3434639171933726e-05,True
re2ob_productcatalogservice_mem_3,mem,productcatalogservice,direct::hipstershop.CurrencyService/Convert,hipstershop.CurrencyService/Convert (direct),Convert,1150,393,4704.0,72018.54999999999,77391.70999999999,7834.0,81501.99999999997,148280.31999999983,1.1316806572751046,1.5972288773425445,0.5458371238689158,0.0104347826086956,0.0687022900763358,0.0582675074676402,0.0,0.0,0.0,7.225326736539313e-28,0.3713751521185973,0.3713751521185973,False,False,1.4450653473078626e-27,True
re2ob_productcatalogservice_socket_1,socket,productcatalogservice,frontend::AddItem+GetProduct,Add To Cart,AddItem+GetProduct,1002,882,8223.0,10543.399999999996,15757.340000000004,94906.0,194363.4,627051.9199999977,18.43460363829505,1.391908317416218,1.22502041700695,0.0109780439121756,0.984126984126984,0.9731489402148084,0.0,0.0,0.0,6.136731402324147e-297,0.982538324711122,0.982538324711122,False,False,3.0683657011620734e-296,True
re2ob_productcatalogservice_socket_1,socket,productcatalogservice,frontend::Convert+GetAds+GetCart+GetProduct+GetSupportedCurrencies+ListRecommendations,Product Detail View,Convert+GetAds+GetCart+GetProduct+GetSupportedCurrencies+ListRecommendations,4337,3912,44676.0,123084.6,307448.48000000074,626442.0,843586.45,1210368.5699999996,6.85371240593868,6.024657058517104,5.433423890398173,0.010145261701637,0.9872188139059304,0.9770735522042934,0.0,0.0,0.0,0.0,0.9886106871344822,0.9886106871344822,False,False,0.0,True
re2ob_productcatalogservice_socket_1,socket,productcatalogservice,frontend::Convert+GetAds+GetCart+GetSupportedCurrencies+ListProducts,Home Page View,Convert+GetAds+GetCart+GetSupportedCurrencies+ListProducts,1034,868,155339.0,346171.34999999945,548139.8899999988,200890.5,399600.04999999993,920939.1900000002,1.1543417732287795,1.43636047924987,1.2055756484830302,0.0106382978723404,0.0311059907834101,0.0204676929110697,0.0,0.0,0.0,3.8391124602679375e-46,0.3804105126171015,0.3804105126171015,False,False,1.1517337380803813e-45,True
re2ob_productcatalogservice_socket_1,socket,productcatalogservice,frontend::Convert+GetCart+GetProduct+GetQuote+GetSupportedCurrencies+ListRecommendations,Cart View,Convert+GetCart+GetProduct+GetQuote+GetSupportedCurrencies+ListRecommendations,2051,1814,95385.0,260868.0,380255.0,696993.0,1023219.75,1306372.22,3.922365909195455,2.8491057475256123,2.5194864358850424,0.0102389078498293,0.960308710033076,0.9500698021832468,0.0,0.0,0.0,0.0,0.988969803634659,0.988969803634659,False,False,0.0,True
re2ob_productcatalogservice_socket_1,socket,productcatalogservice,frontend::Convert+GetCart+GetProduct+GetSupportedCurrencies+ListRecommendations,frontend::Convert+GetCart+GetProduct+GetSupportedCurrencies+ListRecommendations,Convert+GetCart+GetProduct+GetSupportedCurrencies+ListRecommendations,0,3,,,,543798.0,552769.2,553566.64,,0.0,0.0041667361122685,,,,,0.0,,,,0.0,True,False,,False
re2ob_productcatalogservice_socket_1,socket,productcatalogservice,frontend::GetCart+GetProduct+GetSupportedCurrencies+ListRecommendations,frontend::GetCart+GetProduct+GetSupportedCurrencies+ListRecommendations,GetCart+GetProduct+GetSupportedCurrencies+ListRecommendations,0,2,,,,847842.5,890790.95,894608.59,,0.0,0.0027778240748456,,,,,0.0,,,,0.0,True,False,,False
re2ob_productcatalogservice_socket_1,socket,productcatalogservice,frontend::GetProduct+GetSupportedCurrencies+ListRecommendations+PlaceOrder,Place Order,GetProduct+GetSupportedCurrencies+ListRecommendations+PlaceOrder,337,312,178509.0,295461.8,485006.0,791829.0,1289052.1,1492872.94,4.362838444766802,0.4681368293106442,0.4333405556759279,0.0118694362017804,0.967948717948718,0.9560792817469376,0.0,0.0,0.0,2.443401884007218e-103,0.9813398767404702,0.9813398767404702,False,False,9.773607536028873e-103,True
re2ob_productcatalogservice_socket_1,socket,productcatalogservice,frontend::empty,frontend::empty,,841,733,307.0,805.0,1234.2000000000005,317.0,780.7999999999998,1167.1199999999983,0.9699378881987576,1.168258378190658,1.018072523430946,0.0107015457788347,0.0095497953615279,-0.0011517504173067,0.0,0.0,0.0,0.7770227676833315,0.0251665577099957,0.0251665577099957,False,False,0.7770227676833315,False
re2ob_productcatalogservice_socket_1,socket,productcatalogservice,direct::hipstershop.CurrencyService/Convert,hipstershop.CurrencyService/Convert (direct),Convert,1181,1063,5081.0,79173.0,84678.8,6606.0,12741.499999999998,69034.25999999972,0.1609323885668093,1.6405625976732072,1.476413495780485,0.0101608806096528,0.0065851364063969,-0.0035757442032558,0.0,0.0,0.0,6.9044599186200165e-06,0.1133325314659914,0.1133325314659914,False,False,1.3808919837240031e-05,False
re2ob_productcatalogservice_socket_2,socket,productcatalogservice,frontend::AddItem+GetProduct,Add To Cart,AddItem+GetProduct,1003,972,8194.0,13714.299999999996,29149.820000000003,8426.5,95318.45,99414.97,6.950296405941245,1.3930555555555555,1.3506715839264525,0.0109670987038883,0.1584362139917695,0.1474691152878812,0.0,0.0,0.0,4.998408497569399e-09,0.1549559141505525,0.1549559141505525,False,False,2.4992042487846998e-08,True
re2ob_productcatalogservice_socket_2,socket,productcatalogservice,frontend::Convert+GetAds+GetCart+GetProduct+GetSupportedCurrencies+ListRecommendations,Product Detail View,Convert+GetAds+GetCart+GetProduct+GetSupportedCurrencies+ListRecommendations,4304,4309,41416.0,106727.6,184959.2400000006,51915.0,379297.5999999999,562089.8000000003,3.553884843283273,5.977777777777778,5.9876994394435,0.0102230483271375,0.2218612207008586,0.2116381723737211,0.0,0.0,0.0,2.3087823465038603e-105,0.2716499722634651,0.2716499722634651,False,False,1.6161476425527022e-104,True
re2ob_productcatalogservice_socket_2,socket,productcatalogservice,frontend::Convert+GetAds+GetCart+GetSupportedCurrencies+ListProducts,Home Page View,Convert+GetAds+GetCart+GetSupportedCurrencies+ListProducts,1055,1002,107080.0,231268.4999999999,446449.5000000011,116257.5,223327.99999999997,361667.8100000002,0.9656654494667456,1.4652777777777777,1.3923589784920836,0.0104265402843601,0.0099800399201596,-0.0004465003642005,0.0,0.0,0.0,0.0001747966847158,0.0999404035530833,0.0999404035530833,False,False,0.0005243900541474,False
re2ob_productcatalogservice_socket_2,socket,productcatalogservice,frontend::Convert+GetCart+GetProduct+GetQuote+GetSupportedCurrencies+ListRecommendations,Cart View,Convert+GetCart+GetProduct+GetQuote+GetSupportedCurrencies+ListRecommendations,2036,1985,63492.0,174477.25,253897.0000000001,93484.0,470446.99999999977,696171.8400000001,2.6963228730393203,2.827777777777778,2.7583159404259336,0.0103143418467583,0.1647355163727959,0.1544211745260376,0.0,0.0,0.0,8.195599830008449e-51,0.2739054698054664,0.2739054698054664,False,False,4.9173598980050695e-50,True
re2ob_productcatalogservice_socket_2,socket,productcatalogservice,frontend::GetProduct+GetSupportedCurrencies+ListRecommendations+PlaceOrder,Place Order,GetProduct+GetSupportedCurrencies+ListRecommendations+PlaceOrder,341,324,128206.0,242146.0,341829.80000000045,143003.5,495126.54999999993,698492.6499999998,2.0447438735308445,0.4736111111111111,0.4502238613088174,0.0117302052785923,0.1419753086419753,0.1302451033633829,0.0,0.0,0.0,4.240169698860225e-06,0.2125556641685673,0.2125556641685673,False,False,1.69606787954409e-05,True
re2ob_productcatalogservice_socket_2,socket,productcatalogservice,frontend::empty,frontend::empty,,842,806,313.0,894.8999999999999,1830.100000000006,313.5,830.25,1369.150000000008,0.9277572913174658,1.1694444444444445,1.120001333996626,0.010688836104513,0.0086848635235732,-0.0020039725809398,0.0,0.0,0.0,1.0,-0.0017475819713196,0.0,False,False,1.0,False
re2ob_productcatalogservice_socket_2,socket,productcatalogservice,direct::hipstershop.CurrencyService/Convert,hipstershop.CurrencyService/Convert (direct),Convert,1146,1080,4482.0,68725.75,78905.0,4612.0,64999.7,74839.29000000002,0.9457837855534498,1.5916666666666666,1.5007462043627249,0.0104712041884816,0.0046296296296296,-0.005841574558852,0.0,0.0,0.0,0.917251804901567,0.0181508952233211,0.0181508952233211,False,False,1.0,False
re2ob_productcatalogservice_socket_3,socket,productcatalogservice,frontend::AddItem+GetProduct,Add To Cart,AddItem+GetProduct,982,1028,8073.0,14254.699999999975,49213.45999999985,8066.0,92847.7,100360.84,6.51347976456889,1.3638907831816434,1.4277797608052234,0.010183299389002,0.117704280155642,0.1075209807666399,0.0,0.0,0.0,0.6020884956103552,0.0266509228367421,0.0266509228367421,False,False,1.0,False
re2ob_productcatalogservice_socket_3,socket,productcatalogservice,frontend::Convert+GetAds+GetCart+GetProduct+GetSupportedCurrencies+ListRecommendations,Product Detail View,Convert+GetAds+GetCart+GetProduct+GetSupportedCurrencies+ListRecommendations,4372,4286,39542.0,104411.55,287801.4399999998,41633.5,341930.25,570399.4499999961,3.274831663738351,6.072230655875911,5.952786045536175,0.0100640439158279,0.0744283714419038,0.0643643275260758,0.0,0.0,0.0,2.65999953821704e-28,0.1376973541806576,0.1376973541806576,False,False,1.861999676751928e-27,False
re2ob_productcatalogservice_socket_3,socket,productcatalogservice,frontend::Convert+GetAds+GetCart+GetSupportedCurrencies+ListProducts,Home Page View,Convert+GetAds+GetCart+GetSupportedCurrencies+ListProducts,1021,1018,105563.0,224418.0,467313.5999999999,110144.5,215989.4,612938.8100000004,0.9624424065805772,1.418057525079896,1.4138908526261842,0.0107737512242899,0.0137524557956778,0.0029787045713878,0.0,0.0,0.0,0.0099577803609687,0.0718343085961026,0.0718343085961026,False,False,0.0398311214438748,False
re2ob_productcatalogservice_socket_3,socket,productcatalogservice,frontend::Convert+GetCart+GetProduct+GetQuote+GetSupportedCurrencies+ListRecommendations,Cart View,Convert+GetCart+GetProduct+GetQuote+GetSupportedCurrencies+ListRecommendations,2043,2053,63059.0,182115.8,285765.33999999985,78697.0,385017.7999999991,597263.68,2.1141372687048525,2.837503940977696,2.851392849156735,0.0102790014684287,0.0857282026302971,0.0754492011618683,0.0,0.0,0.0,1.3593778983523355e-20,0.1692004752187443,0.1692004752187443,False,False,8.156267390114015e-20,True
re2ob_productcatalogservice_socket_3,socket,productcatalogservice,frontend::Convert+GetCart+GetProduct+GetSupportedCurrencies,frontend::Convert+GetCart+GetProduct+GetSupportedCurrencies,Convert+GetCart+GetProduct+GetSupportedCurrencies,0,1,,,,43398.0,43398.0,43398.0,,0.0,0.0013888908179039,,,,,0.0,,,,0.0,True,False,,False
re2ob_productcatalogservice_socket_3,socket,productcatalogservice,frontend::GetProduct+GetSupportedCurrencies+ListRecommendations+PlaceOrder,Place Order,GetProduct+GetSupportedCurrencies+ListRecommendations+PlaceOrder,333,348,119171.0,235967.0,599829.0000000012,130772.0,495185.9999999999,719301.7299999984,2.0985392025156058,0.4625006423620033,0.483334004630562,0.012012012012012,0.0258620689655172,0.0138500569535052,0.0,0.0,0.0,0.0008555147329271,0.1560180870525698,0.1560180870525698,False,False,0.0042775736646357,True
re2ob_productcatalogservice_socket_3,socket,productcatalogservice,frontend::empty,frontend::empty,,828,816,314.5,943.3999999999996,1507.0,322.5,882.25,1422.0000000000005,0.9351812592749632,1.1500015972244406,1.1333349074095935,0.0096618357487922,0.0073529411764705,-0.0023088945723216,0.0,0.0,0.0,1.0,-0.0118005233494363,0.0,False,False,1.0,False
re2ob_productcatalogservice_socket_3,socket,productcatalogservice,direct::hipstershop.CurrencyService/Convert,hipstershop.CurrencyService/Convert (direct),Convert,1148,1181,4310.0,66491.15,75822.32999999999,4387.0,64662.0,75393.00000000001,0.9724903239002484,1.594446658953693,1.640280055944522,0.0104529616724738,0.0093141405588484,-0.0011388211136254,0.0,0.0,0.0,1.0,0.0086281926082838,0.0086281926082838,False,False,1.0,False
re2ob_recommendationservice_cpu_1,cpu,recommendationservice,frontend::AddItem+GetProduct,Add To Cart,AddItem+GetProduct,990,984,6653.5,9625.25,554733.2100000001,6405.0,9540.099999999997,688590.839999999,0.9911534765330764,1.375,1.3666666666666667,0.0101010101010101,0.0121951219512195,0.0020941118502094,0.0,0.0,0.0,2.6108468993753928e-12,-0.1844101584955243,0.0,False,False,1.3054234496876965e-11,False
re2ob_recommendationservice_cpu_1,cpu,recommendationservice,frontend::Convert+GetAds+GetCart+GetProduct+GetSupportedCurrencies+ListRecommendations,Product Detail View,Convert+GetAds+GetCart+GetProduct+GetSupportedCurrencies+ListRecommendations,4208,4169,162696.5,380385.4999999998,770152.3300000011,219684.0,425210.8,809394.4799999996,1.1178417684165147,5.844444444444444,5.790277777777778,0.0102186311787072,0.0143919405133125,0.0041733093346053,0.0,0.0,0.0,2.350841008031089e-161,0.3418381143821818,0.3418381143821818,False,False,1.6455887056217622e-160,True
re2ob_recommendationservice_cpu_1,cpu,recommendationservice,frontend::Convert+GetAds+GetCart+GetSupportedCurrencies+ListProducts,Home Page View,Convert+GetAds+GetCart+GetSupportedCurrencies+ListProducts,981,956,615551.0,1289693.0,1677530.4000000013,565454.5,1154734.25,1659917.8000000066,0.8953559102825246,1.3625,1.3277777777777775,0.0101936799184505,0.0104602510460251,0.0002665711275745,0.0,0.0,0.0,0.0003984811611648,-0.0976332749009422,0.0,False,False,0.0011954434834944,False
re2ob_recommendationservice_cpu_1,cpu,recommendationservice,frontend::Convert+GetCart+GetProduct+GetQuote+GetSupportedCurrencies+ListRecommendations,Cart View,Convert+GetCart+GetProduct+GetQuote+GetSupportedCurrencies+ListRecommendations,1924,1946,273497.5,769203.8999999997,1161104.98,365710.0,781564.0,1086421.75,1.0160686912793868,2.672222222222222,2.702777777777778,0.0103950103950103,0.0087358684480986,-0.0016591419469117,0.0,0.0,0.0,1.8146490652438916e-19,0.1689258631704675,0.1689258631704675,False,False,1.0887894391463348e-18,True
re2ob_recommendationservice_cpu_1,cpu,recommendationservice,frontend::Convert+GetCart+GetProduct+GetSupportedCurrencies,frontend::Convert+GetCart+GetProduct+GetSupportedCurrencies,Convert+GetCart+GetProduct+GetSupportedCurrencies,0,2,,,,276659.5,290344.45,291560.89,,0.0,0.0027777777777777,,,,,0.0,,,,0.0,True,False,,False
re2ob_recommendationservice_cpu_1,cpu,recommendationservice,frontend::Convert+GetCart+GetSupportedCurrencies+ListProducts,frontend::Convert+GetCart+GetSupportedCurrencies+ListProducts,Convert+GetCart+GetSupportedCurrencies+ListProducts,0,1,,,,791666.0,791666.0,791666.0,,0.0,0.0013888888888888,,,,,0.0,,,,0.0,True,False,,False
re2ob_recommendationservice_cpu_1,cpu,recommendationservice,frontend::GetProduct+GetSupportedCurrencies+ListRecommendations+PlaceOrder,Place Order,GetProduct+GetSupportedCurrencies+ListRecommendations+PlaceOrder,316,340,389718.0,896978.75,1370313.4000000046,401533.5,795379.95,1354303.690000001,0.8867322107686497,0.4388888888888889,0.4722222222222222,0.0126582278481012,0.0117647058823529,-0.0008935219657483,0.0,0.0,0.0,4.130408336077767e-06,0.2143242740134028,0.2143242740134028,False,False,1.6521633344311068e-05,True
re2ob_recommendationservice_cpu_1,cpu,recommendationservice,frontend::GetSupportedCurrencies,frontend::GetSupportedCurrencies,GetSupportedCurrencies,0,1,,,,276344.0,276344.0,276344.0,,0.0,0.0013888888888888,,,,,0.0,,,,0.0,True,False,,False
re2ob_recommendationservice_cpu_1,cpu,recommendationservice,frontend::empty,frontend::empty,,815,791,298.0,707.5999999999995,1321.3800000000006,300.0,738.5,1095.0000000000025,1.0436687394007922,1.1319444444444444,1.0986111111111112,0.011042944785276,0.0075853350189633,-0.0034576097663127,0.0,0.0,0.0,1.0,-0.0131727331249563,0.0,False,False,1.0,False
re2ob_recommendationservice_cpu_1,cpu,recommendationservice,direct::hipstershop.CurrencyService/Convert,hipstershop.CurrencyService/Convert (direct),Convert,1113,1148,89873.0,181217.59999999983,199740.9199999999,88618.0,101240.24999999996,194702.76,0.5586667630517126,1.5458333333333334,1.5944444444444446,0.0107816711590296,0.0043554006968641,-0.0064262704621655,0.0,0.0,0.0,0.010965678716024,-0.0674652741906702,0.0,False,False,0.0219313574320481,False
re2ob_recommendationservice_cpu_2,cpu,recommendationservice,frontend::AddItem+GetProduct,Add To Cart,AddItem+GetProduct,1010,992,8271.5,12962.149999999994,32661.92999999996,8603.5,12976.55,77074.50000000032,1.0011109268138392,1.4028576627280165,1.377812223083355,0.0108910891089108,0.0120967741935483,0.0012056850846374,0.0,0.0,0.0,1.894622376155666e-11,0.1759082561481955,0.1759082561481955,False,False,9.47311188077833e-11,True
re2ob_recommendationservice_cpu_2,cpu,recommendationservice,frontend::Convert+GetAds+GetCart+GetProduct+GetSupportedCurrencies+ListRecommendations,Product Detail View,Convert+GetAds+GetCart+GetProduct+GetSupportedCurrencies+ListRecommendations,4379,4292,41680.0,106042.69999999995,186147.4400000001,87495.5,165249.1499999999,604030.470000001,1.558326504323258,6.082290797114836,5.961260142614677,0.0100479561543731,0.0389095992544268,0.0288616431000537,0.0,0.0,0.0,0.0,0.6412777283429534,0.6412777283429534,False,False,0.0,True
re2ob_recommendationservice_cpu_2,cpu,recommendationservice,frontend::Convert+GetAds+GetCart+GetSupportedCurrencies+ListProducts,Home Page View,Convert+GetAds+GetCart+GetSupportedCurrencies+ListProducts,1010,1027,113883.0,227404.49999999997,376806.0399999995,103713.0,243241.69999999992,448561.9600000003,1.069643300814188,1.4028576627280165,1.4264245495026264,0.0108910891089108,0.0126582278481012,0.0017671387391903,0.0,0.0,0.0,3.367928275786151e-05,-0.1101246541401949,0.0,False,False,0.0001347171310314,False
re2ob_recommendationservice_cpu_2,cpu,recommendationservice,frontend::Convert+GetCart+GetProduct+GetQuote+GetSupportedCurrencies+ListRecommendations,Cart View,Convert+GetCart+GetProduct+GetQuote+GetSupportedCurrencies+ListRecommendations,2044,2017,72073.5,202018.54999999996,284540.46,113156.0,227809.4,451018.87999999896,1.127665751486683,2.83905055704561,2.8014589253620232,0.0102739726027397,0.0267724343083787,0.016498461705639,0.0,0.0,0.0,1.478873124270767e-101,0.3883193927933503,0.3883193927933503,False,False,8.873238745624602e-101,True
re2ob_recommendationservice_cpu_2,cpu,recommendationservice,frontend::Convert+GetCart+GetProduct+GetSupportedCurrencies+ListRecommendations,frontend::Convert+GetCart+GetProduct+GetSupportedCurrencies+ListRecommendations,Convert+GetCart+GetProduct+GetSupportedCurrencies+ListRecommendations,0,1,,,,125520.0,125520.0,125520.0,,0.0,0.0013889236119791,,,,,0.0,,,,0.0,True,False,,False
re2ob_recommendationservice_cpu_2,cpu,recommendationservice,frontend::GetProduct+GetSupportedCurrencies+ListRecommendations+PlaceOrder,Place Order,GetProduct+GetSupportedCurrencies+ListRecommendations+PlaceOrder,342,317,127830.5,264357.65,296216.9499999997,149956.0,289542.8,359116.9199999999,1.095269230907447,0.475027050151467,0.4402887849974027,0.0116959064327485,0.0347003154574132,0.0230044090246647,0.0,0.0,0.0,0.0672068265461269,0.0957256442894829,0.0957256442894829,False,False,0.2016204796383809,False
re2ob_recommendationservice_cpu_2,cpu,recommendationservice,frontend::empty,frontend::empty,,818,822,313.0,885.3499999999998,1339.3900000000012,319.0,832.7499999999997,1404.0199999999986,0.9405884678375782,1.1361758100114034,1.1416952090468928,0.011002444987775,0.0133819951338199,0.0023795501460448,0.0,0.0,0.0,0.6952027372893059,0.0267907602067829,0.0267907602067829,False,False,0.7113291948171323,False
re2ob_recommendationservice_cpu_2,cpu,recommendationservice,direct::hipstershop.CurrencyService/Convert,hipstershop.CurrencyService/Convert (direct),Convert,1208,1084,4526.0,68755.29999999997,76369.13,4420.5,69123.84999999998,78246.13000000005,1.0053603140412448,1.6778733233420238,1.5055931953854402,0.0107615894039735,0.014760147601476,0.0039985581975025,0.0,0.0,0.0,0.3556645974085661,-0.0325551061802008,0.0,False,False,0.7113291948171323,False
re2ob_recommendationservice_cpu_3,cpu,recommendationservice,frontend::AddItem+GetProduct,Add To Cart,AddItem+GetProduct,1055,987,8366.0,16984.79999999995,49194.02000000003,8640.0,12276.699999999995,19195.99999999996,0.7228050963214189,1.4652859182551017,1.3708333333333331,0.0104265402843601,0.0081053698074974,-0.0023211704768627,0.0,0.0,0.0,2.059011434240825e-06,0.1249504218345602,0.1249504218345602,False,False,8.2360457369633e-06,False
re2ob_recommendationservice_cpu_3,cpu,recommendationservice,frontend::Convert+GetAds+GetCart+GetProduct+GetSupportedCurrencies+ListRecommendations,Product Detail View,Convert+GetAds+GetCart+GetProduct+GetSupportedCurrencies+ListRecommendations,4407,4384,41707.0,111529.4,449880.2199999964,88036.5,154927.49999999985,249129.02000000037,1.3891180262782716,6.120867338151879,6.088888888888889,0.0102110279101429,0.0070711678832116,-0.0031398600269312,0.0,0.0,0.0,0.0,0.6406982649534003,0.6406982649534003,False,False,0.0,True
re2ob_recommendationservice_cpu_3,cpu,recommendationservice,frontend::Convert+GetAds+GetCart+GetSupportedCurrencies+ListProducts,Home Page View,Convert+GetAds+GetCart+GetSupportedCurrencies+ListProducts,991,1024,110021.0,239900.0,406906.4000000002,104866.0,217139.4,312305.17999999947,0.9051246352646936,1.3763965355363086,1.4222222222222225,0.0100908173562058,0.0078125,-0.0022783173562058,0.0,0.0,0.0,0.0061497918836231,-0.0761758167255297,0.0,False,False,0.0184493756508695,False
re2ob_recommendationservice_cpu_3,cpu,recommendationservice,frontend::Convert+GetCart+GetProduct+GetQuote+GetSupportedCurrencies+ListRecommendations,Cart View,Convert+GetCart+GetProduct+GetQuote+GetSupportedCurrencies+ListRecommendations,2121,1958,68784.0,201059.0,299728.2000000003,113632.5,224818.1,320374.24000000005,1.1181697909568833,2.945849699164996,2.719444444444445,0.0103724658180103,0.0158324821246169,0.0054600163066065,0.0,0.0,0.0,3.818002955414659e-130,0.4397630774313386,0.4397630774313386,False,False,2.2908017732487956e-129,True
re2ob_recommendationservice_cpu_3,cpu,recommendationservice,frontend::GetCart+GetSupportedCurrencies+ListRecommendations,frontend::GetCart+GetSupportedCurrencies+ListRecommendations,GetCart+GetSupportedCurrencies+ListRecommendations,0,1,,,,102407.0,102407.0,102407.0,,0.0,0.0013888888888888,,,,,0.0,,,,0.0,True,False,,False
re2ob_recommendationservice_cpu_3,cpu,recommendationservice,frontend::GetProduct+GetSupportedCurrencies+ListRecommendations+PlaceOrder,Place Order,GetProduct+GetSupportedCurrencies+ListRecommendations+PlaceOrder,363,317,125573.0,271285.4,290289.22,145699.0,277380.19999999995,389075.0399999997,1.0224663767382984,0.5041694676081534,0.4402777777777777,0.0110192837465564,0.0347003154574132,0.0236810317108567,0.0,0.0,0.0,0.0310967572623004,0.1074640873895247,0.1074640873895247,False,False,0.0621935145246008,False
re2ob_recommendationservice_cpu_3,cpu,recommendationservice,frontend::empty,frontend::empty,,776,842,322.5,830.5,1337.5,318.0,806.9499999999999,1165.880000000001,0.9716435881998796,1.0777837654653637,1.1694444444444445,0.0103092783505154,0.007125890736342,-0.0031833876141734,0.0,0.0,0.0,1.0,-0.0001637608051522,0.0,False,False,1.0,False
re2ob_recommendationservice_cpu_3,cpu,recommendationservice,direct::hipstershop.CurrencyService/Convert,hipstershop.CurrencyService/Convert (direct),Convert,1215,1113,4572.0,69996.5,77015.4,4285.0,66423.39999999998,76026.08,0.9489531619438112,1.6875093750520838,1.5458333333333334,0.0106995884773662,0.0098831985624438,-0.0008163899149224,0.0,0.0,0.0,1.3451390916995214e-06,-0.1190612994945629,0.0,False,False,6.725695458497607e-06,False
re2ob_recommendationservice_delay_1,delay,recommendationservice,frontend::AddItem+GetProduct,Add To Cart,AddItem+GetProduct,965,922,8206.0,10868.399999999996,17575.640000000007,8181.0,10438.699999999992,74415.73999999737,0.960463361672371,1.3405254026090931,1.2805555555555554,0.0103626943005181,0.0108459869848156,0.0004832926842974,0.0,0.0,0.0,0.383704556798883,-0.0347116540973104,0.0,False,False,0.7674091135977661,False
re2ob_recommendationservice_delay_1,delay,recommendationservice,frontend::Convert+GetAds+GetCart+GetProduct+GetSupportedCurrencies+ListRecommendations,Product Detail View,Convert+GetAds+GetCart+GetProduct+GetSupportedCurrencies+ListRecommendations,4471,4106,44501.0,119262.5,288425.9000000004,441832.5,513819.0,595130.5999999979,4.30830311288125,6.210869507839643,5.7027777777777775,0.0100648624468798,0.9990258158792013,0.9889609534323212,0.0,0.0,0.0,0.0,0.98546976385023,0.98546976385023,False,False,0.0,True
re2ob_recommendationservice_delay_1,delay,recommendationservice,frontend::Convert+GetAds+GetCart+GetSupportedCurrencies+ListProducts,Home Page View,Convert+GetAds+GetCart+GetSupportedCurrencies+ListProducts,1014,954,156788.5,313441.84999999974,445969.0800000001,134309.0,278446.65,452332.2000000014,0.8883518585664301,1.4085935318607463,1.325,0.0108481262327416,0.010482180293501,-0.0003659459392405,0.0,0.0,0.0,2.115586071397365e-07,-0.1384836606171874,0.0,False,False,8.462344285589459e-07,False
re2ob_recommendationservice_delay_1,delay,recommendationservice,frontend::Convert+GetCart+GetProduct+GetQuote+GetSupportedCurrencies+ListRecommendations,Cart View,Convert+GetCart+GetProduct+GetQuote+GetSupportedCurrencies+ListRecommendations,1966,1874,94280.5,257168.0,382496.3999999995,464738.5,592222.95,710576.21,2.3028640810676286,2.731060043035728,2.602777777777778,0.0101729399796541,0.9983991462113126,0.9882262062316586,0.0,0.0,0.0,0.0,0.9890214760859912,0.9890214760859912,False,False,0.0,True
re2ob_recommendationservice_delay_1,delay,recommendationservice,frontend::Convert+GetCart+GetProduct+GetSupportedCurrencies+ListRecommendations,frontend::Convert+GetCart+GetProduct+GetSupportedCurrencies+ListRecommendations,Convert+GetCart+GetProduct+GetSupportedCurrencies+ListRecommendations,0,3,,,,437979.0,441930.9,442282.18,,0.0,0.0041666666666666,,,,,0.0,,,,0.0,True,False,,False
re2ob_recommendationservice_delay_1,delay,recommendationservice,frontend::GetCart+GetSupportedCurrencies+ListRecommendations,frontend::GetCart+GetSupportedCurrencies+ListRecommendations,GetCart+GetSupportedCurrencies+ListRecommendations,0,2,,,,601548.0,662621.1,668049.82,,0.0,0.0027777777777777,,,,,0.0,,,,0.0,True,False,,False
re2ob_recommendationservice_delay_1,delay,recommendationservice,frontend::GetProduct+GetSupportedCurrencies+ListRecommendations+PlaceOrder,Place Order,GetProduct+GetSupportedCurrencies+ListRecommendations+PlaceOrder,322,317,160735.0,296235.35,391601.75,537364.0,678174.6,738884.3999999997,2.289310171794149,0.4473048493680083,0.4402777777777777,0.0124223602484472,1.0,0.9875776397515528,0.0,0.0,0.0,7.41632646036717e-103,0.9859513686149264,0.9859513686149264,False,False,3.708163230183585e-102,True
re2ob_recommendationservice_delay_1,delay,recommendationservice,frontend::empty,frontend::empty,,840,783,308.5,844.05,1391.780000000001,303.0,762.5999999999999,1245.2799999999902,0.9035009774302468,1.1668822157426304,1.0875,0.0107142857142857,0.0102171136653895,-0.0004971720488961,0.0,0.0,0.0,1.0,-0.0079228243021346,0.0,False,False,1.0,False
re2ob_recommendationservice_delay_1,delay,recommendationservice,direct::hipstershop.CurrencyService/Convert,hipstershop.CurrencyService/Convert (direct),Convert,1130,1068,4731.0,78848.6,84920.15000000001,4634.0,76160.45,83172.16999999998,0.9659074479445418,1.569734409272824,1.4833333333333334,0.0106194690265486,0.0074906367041198,-0.0031288323224288,0.0,0.0,0.0,0.0097218217270241,-0.069403566338537,0.0,False,False,0.0291654651810724,False
re2ob_recommendationservice_delay_2,delay,recommendationservice,frontend::AddItem+GetProduct,Add To Cart,AddItem+GetProduct,1019,971,8243.0,12904.399999999974,32197.39999999989,8315.0,12007.5,24520.899999999943,0.930496574811694,1.4153111948476562,1.3486392077612728,0.0107948969578017,0.0082389289392378,-0.0025559680185638,0.0,0.0,0.0,0.8480712756909092,0.0207054633437397,0.0207054633437397,False,False,0.8630241481665202,False
re2ob_recommendationservice_delay_2,delay,recommendationservice,frontend::Convert+GetAds+GetCart+GetProduct+GetSupportedCurrencies+ListRecommendations,Product Detail View,Convert+GetAds+GetCart+GetProduct+GetSupportedCurrencies+ListRecommendations,4397,4087,41059.0,107411.2,222212.0799999992,441284.0,498640.7,535275.0399999997,4.642352938985879,6.10708863959288,5.676507149454502,0.0100068228337502,0.9997553217518964,0.989748498918146,0.0,0.0,0.0,0.0,0.9857635878367366,0.9857635878367366,False,False,0.0,True
re2ob_recommendationservice_delay_2,delay,recommendationservice,frontend::Convert+GetAds+GetCart+GetSupportedCurrencies+ListProducts,Home Page View,Convert+GetAds+GetCart+GetSupportedCurrencies+ListProducts,1028,942,107888.0,220339.3,752170.5400000005,103632.5,195927.05,279632.7100000002,0.8892061016804539,1.427811489993514,1.3083605908456426,0.0107003891050583,0.0,-0.0107003891050583,0.0,0.0,0.0,0.0252182822271125,-0.064978892496303,0.0,False,False,0.0756548466813375,False
re2ob_recommendationservice_delay_2,delay,recommendationservice,frontend::Convert+GetCart+GetProduct+GetQuote+GetSupportedCurrencies+ListRecommendations,Cart View,Convert+GetCart+GetProduct+GetQuote+GetSupportedCurrencies+ListRecommendations,2027,1913,63926.0,173096.19999999998,269601.18000000005,460283.0,555236.2,607184.0399999995,3.207674114163107,2.815344251183709,2.656999798606915,0.0103601381351751,0.9979090433873498,0.9875489052521746,0.0,0.0,0.0,0.0,0.9867301105746752,0.9867301105746752,False,False,0.0,True
re2ob_recommendationservice_delay_2,delay,recommendationservice,frontend::Convert+GetCart+GetProduct+GetSupportedCurrencies+ListRecommendations,frontend::Convert+GetCart+GetProduct+GetSupportedCurrencies+ListRecommendations,Convert+GetCart+GetProduct+GetSupportedCurrencies+ListRecommendations,0,1,,,,443894.0,443894.0,443894.0,,0.0,0.0013889178246769,,,,,0.0,,,,0.0,True,False,,False
re2ob_recommendationservice_delay_2,delay,recommendationservice,frontend::GetProduct+GetSupportedCurrencies+ListRecommendations+PlaceOrder,Place Order,GetProduct+GetSupportedCurrencies+ListRecommendations+PlaceOrder,356,311,126217.5,218016.0,279778.3,509514.0,630231.5,691733.9999999998,2.8907580177601644,0.4944561191028122,0.4319534434745168,0.0112359550561797,0.9967845659163987,0.9855486108602188,0.0,0.0,0.0,1.5268636767824625e-108,0.9939755771523536,0.9939755771523536,False,False,7.634318383912311e-108,True
re2ob_recommendationservice_delay_2,delay,recommendationservice,frontend::empty,frontend::empty,,846,739,310.5,873.0,1462.099999999998,325.0,811.2,1101.5,0.9292096219931272,1.1750277437106156,1.0264102724362314,0.0106382978723404,0.0081190798376184,-0.002519218034722,0.0,0.0,0.0,0.4315120740832601,0.0359984260885422,0.0359984260885422,False,False,0.8630241481665202,False
re2ob_recommendationservice_delay_2,delay,recommendationservice,direct::hipstershop.CurrencyService/Convert,hipstershop.CurrencyService/Convert (direct),Convert,1174,1079,4605.5,69135.29999999999,75466.95,4443.0,68030.5,75319.42,0.9840197410006178,1.6305940556929817,1.4986423328263785,0.0102214650766609,0.0092678405931417,-0.0009536244835191,0.0,0.0,0.0,0.0070073413042058,-0.0711073885372443,0.0,False,False,0.0280293652168235,False
re2ob_recommendationservice_delay_3,delay,recommendationservice,frontend::AddItem+GetProduct,Add To Cart,AddItem+GetProduct,993,1012,8533.0,13389.2,45721.160000000025,8566.5,12936.14999999999,43249.99999999991,0.9661630269172162,1.3793275882186251,1.4055594598873884,0.0100704934541792,0.0098814229249011,-0.000189070529278,0.0,0.0,0.0,1.0,-0.0132419028058066,0.0,False,False,1.0,False
re2ob_recommendationservice_delay_3,delay,recommendationservice,frontend::Convert+GetAds+GetCart+GetProduct+GetSupportedCurrencies+ListRecommendations,Product Detail View,Convert+GetAds+GetCart+GetProduct+GetSupportedCurrencies+ListRecommendations,4358,4109,43067.0,110651.9,297995.02000000066,443161.0,505465.0,594093.0000000005,4.568064353165196,6.053484017579828,5.706960297111936,0.0100963744837081,0.9982964224872232,0.988200048003515,0.0,0.0,0.0,0.0,0.9850367637902048,0.9850367637902048,False,False,0.0,True
re2ob_recommendationservice_delay_3,delay,recommendationservice,frontend::Convert+GetAds+GetCart+GetSupportedCurrencies+ListProducts,Home Page View,Convert+GetAds+GetCart+GetSupportedCurrencies+ListProducts,1012,945,117690.0,239255.9,457016.9499999999,113804.0,218991.79999999996,296518.51999999984,0.9153036560435917,1.405719556170442,1.312503645843461,0.0108695652173913,0.0031746031746031,-0.0076949620427881,0.0,0.0,0.0,0.1474532839383473,-0.046718740197001,0.0,False,False,0.5898131357533892,False
re2ob_recommendationservice_delay_3,delay,recommendationservice,frontend::Convert+GetCart+GetProduct+GetQuote+GetSupportedCurrencies+ListRecommendations,Cart View,Convert+GetCart+GetProduct+GetQuote+GetSupportedCurrencies+ListRecommendations,1996,1943,69479.0,187816.0,264676.8999999999,462996.0,573805.2999999999,668199.2799999999,3.055145993951527,2.7725456858855755,2.698618607273909,0.0100200400801603,0.9994853319608852,0.9894652918807249,0.0,0.0,0.0,0.0,0.9968114303749032,0.9968114303749032,False,False,0.0,True
re2ob_recommendationservice_delay_3,delay,recommendationservice,frontend::Convert+GetCart+GetProduct+GetSupportedCurrencies+ListRecommendations,frontend::Convert+GetCart+GetProduct+GetSupportedCurrencies+ListRecommendations,Convert+GetCart+GetProduct+GetSupportedCurrencies+ListRecommendations,0,4,,,,441338.5,446848.4,447444.08,,0.0,0.0055555709876971,,,,,0.0,,,,0.0,True,False,,False
re2ob_recommendationservice_delay_3,delay,recommendationservice,frontend::GetCart+GetSupportedCurrencies+ListRecommendations,frontend::GetCart+GetSupportedCurrencies+ListRecommendations,GetCart+GetSupportedCurrencies+ListRecommendations,0,2,,,,557107.5,561206.55,561570.91,,0.0,0.0027777854938485,,,,,0.0,,,,0.0,True,False,,False
re2ob_recommendationservice_delay_3,delay,recommendationservice,frontend::GetProduct+GetSupportedCurrencies+ListRecommendations+PlaceOrder,Place Order,GetProduct+GetSupportedCurrencies+ListRecommendations+PlaceOrder,355,343,129882.0,220460.80000000008,328960.6199999986,507993.0,622378.4,687874.0399999999,2.8230796586059737,0.4931130854155207,0.4763902121950338,0.0112676056338028,0.9970845481049564,0.9858169424711536,0.0,0.0,0.0,1.513175376321591e-113,0.9919845604237671,0.9919845604237671,False,False,7.565876881607954e-113,True
re2ob_recommendationservice_delay_3,delay,recommendationservice,frontend::empty,frontend::empty,,809,771,316.0,916.9999999999992,1586.7999999999952,328.0,880.0,1701.7999999999863,0.9596510359869148,1.1237422143694542,1.070836307878633,0.0111248454882571,0.0129701686121919,0.0018453231239348,0.0,0.0,0.0,1.0,0.0181357907714605,0.0181357907714605,False,False,1.0,False
re2ob_recommendationservice_delay_3,delay,recommendationservice,direct::hipstershop.CurrencyService/Convert,hipstershop.CurrencyService/Convert (direct),Convert,1181,1167,4629.0,68297.0,77446.80000000005,4569.0,66670.1,76203.47999999998,0.97617904153916,1.6404691658471264,1.6208378356606543,0.0101608806096528,0.0077120822622107,-0.002448798347442,0.0,0.0,0.0,0.7820430433220844,-0.0204458336689093,0.0,False,False,1.0,False
re2ob_recommendationservice_disk_1,disk,recommendationservice,frontend::AddItem+GetProduct,Add To Cart,AddItem+GetProduct,984,933,7739.5,10637.149999999998,30879.009999999736,8161.0,11319.0,41548.119999998176,1.0641008164780985,1.3666780556504636,1.2964329335651072,0.0101626016260162,0.0107181136120042,0.000555511985988,0.0,0.0,0.0,7.985963643295863e-18,0.2290321456269224,0.2290321456269224,False,False,4.791578185977518e-17,True
re2ob_recommendationservice_disk_1,disk,recommendationservice,frontend::Convert+GetAds+GetCart+GetProduct+GetSupportedCurrencies+ListRecommendations,Product Detail View,Convert+GetAds+GetCart+GetProduct+GetSupportedCurrencies+ListRecommendations,4275,4273,164650.0,422892.2,677415.0800000019,194032.0,440122.79999999976,763602.7199999947,1.04074466258777,5.937549479578997,5.937468301311578,0.0100584795321637,0.0159138778375848,0.005855398305421,0.0,0.0,0.0,2.6820058458654077e-69,0.2202538173188646,0.2202538173188646,False,False,1.877404092105786e-68,True
re2ob_recommendationservice_disk_1,disk,recommendationservice,frontend::Convert+GetAds+GetCart+GetSupportedCurrencies+ListProducts,Home Page View,Convert+GetAds+GetCart+GetSupportedCurrencies+ListProducts,955,894,590995.0,1203191.2999999986,1575687.6000000015,555145.0,1185797.5499999996,1514857.59,0.985543653781407,1.3263999422217407,1.2422412032231571,0.0104712041884816,0.0055928411633109,-0.0048783630251707,0.0,0.0,0.0,0.0029518776929928,-0.0854480714946648,0.0,False,False,0.0147593884649642,False
re2ob_recommendationservice_disk_1,disk,recommendationservice,frontend::Convert+GetCart+GetProduct+GetQuote+GetSupportedCurrencies+ListRecommendations,Cart View,Convert+GetCart+GetProduct+GetQuote+GetSupportedCurrencies+ListRecommendations,1954,1891,269101.5,763954.6499999999,1118809.2600000002,298178.0,732327.5,1031338.9999999992,0.9586007494031225,2.713911504818096,2.6276041558109515,0.0102354145342886,0.0068746694870438,-0.0033607450472447,0.0,0.0,0.0,1.0,-0.0030757664247009,0.0,False,False,1.0,False
re2ob_recommendationservice_disk_1,disk,recommendationservice,frontend::GetCart+GetProduct+GetSupportedCurrencies,frontend::GetCart+GetProduct+GetSupportedCurrencies,GetCart+GetProduct+GetSupportedCurrencies,0,5,,,,1170106.0,1239908.4,1250002.48,,0.0,0.0069476577361474,,,,,0.0,,,,0.0,True,False,,False
re2ob_recommendationservice_disk_1,disk,recommendationservice,frontend::GetCart+GetSupportedCurrencies+ListProducts,frontend::GetCart+GetSupportedCurrencies+ListProducts,GetCart+GetSupportedCurrencies+ListProducts,0,1,,,,1569570.0,1569570.0,1569570.0,,0.0,0.0013895315472294,,,,,0.0,,,,0.0,True,False,,False
re2ob_recommendationservice_disk_1,disk,recommendationservice,frontend::GetProduct+GetSupportedCurrencies+ListRecommendations+PlaceOrder,Place Order,GetProduct+GetSupportedCurrencies+ListRecommendations+PlaceOrder,320,311,389210.0,890318.2,1175101.3300000003,392540.0,843680.5,1296443.1,0.9476168183465192,0.4444481481790125,0.432144311188369,0.0125,0.0289389067524115,0.0164389067524115,0.0,0.0,0.0,0.937343770519649,0.0333500803858521,0.0333500803858521,False,False,1.0,False
re2ob_recommendationservice_disk_1,disk,recommendationservice,frontend::empty,frontend::empty,,802,749,292.0,695.9499999999999,1097.8000000000002,306.0,747.0,1154.2799999999993,1.0733529707593938,1.1138981713736502,1.0407591288748823,0.0112219451371571,0.0160213618157543,0.0047994166785972,0.0,0.0,0.0,0.2081081524301862,0.0477045037606251,0.0477045037606251,False,False,0.8324326097207448,False
re2ob_recommendationservice_disk_1,disk,recommendationservice,direct::hipstershop.CurrencyService/Convert,hipstershop.CurrencyService/Convert (direct),Convert,1106,1058,89918.5,182229.5,387432.55,88734.0,186167.75,296702.1700000003,1.0216114844193722,1.5361239121437122,1.4701243769687924,0.0108499095840868,0.0094517958412098,-0.0013981137428769,0.0,0.0,0.0,0.997742571423321,-0.0167953113623233,0.0,False,False,1.0,False
re2ob_recommendationservice_disk_2,disk,recommendationservice,frontend::AddItem+GetProduct,Add To Cart,AddItem+GetProduct,1028,975,8353.5,12211.149999999996,36714.94000000002,8767.0,13387.899999999996,62115.23999999989,1.0963668450555435,1.4280118130471384,1.3541835939615912,0.0107003891050583,0.0123076923076923,0.0016073032026339,0.0,0.0,0.0,3.5262633155244385e-14,0.1979277661378828,0.1979277661378828,False,False,1.7631316577622193e-13,True
re2ob_recommendationservice_disk_2,disk,recommendationservice,frontend::Convert+GetAds+GetCart+GetProduct+GetSupportedCurrencies+ListRecommendations,Product Detail View,Convert+GetAds+GetCart+GetProduct+GetSupportedCurrencies+ListRecommendations,4390,4342,42346.0,108386.5,185491.17999999976,101379.0,246026.55,712648.6300000002,2.269900310463018,6.0982216529931295,6.030630938442286,0.0100227790432801,0.158912943344081,0.1488901643008008,0.0,0.0,0.0,0.0,0.6659656331283463,0.6659656331283463,False,False,0.0,True
re2ob_recommendationservice_disk_2,disk,recommendationservice,frontend::Convert+GetAds+GetCart+GetSupportedCurrencies+ListProducts,Home Page View,Convert+GetAds+GetCart+GetSupportedCurrencies+ListProducts,1026,991,115637.5,241871.75,369357.5,110182.0,248410.5,399686.7000000007,1.0270339549782064,1.4252335799478248,1.3764060939650635,0.0107212475633528,0.0110998990918264,0.0003786515284736,0.0,0.0,0.0,0.0470630897675317,-0.0582513577361949,0.0,False,False,0.0941261795350634,False
re2ob_recommendationservice_disk_2,disk,recommendationservice,frontend::Convert+GetCart+GetProduct+GetQuote+GetSupportedCurrencies+ListRecommendations,Cart View,Convert+GetCart+GetProduct+GetQuote+GetSupportedCurrencies+ListRecommendations,2052,1945,69994.0,189104.29999999976,283548.93000000005,122040.0,294223.99999999994,705081.4799999999,1.5558821243091792,2.8504671598956497,2.701422656672097,0.0102339181286549,0.0544987146529563,0.0442647965243013,0.0,0.0,0.0,3.78923192801127e-163,0.497854497712433,0.497854497712433,False,False,2.273539156806762e-162,True
re2ob_recommendationservice_disk_2,disk,recommendationservice,frontend::Convert+GetCart+GetProduct+GetSupportedCurrencies,frontend::Convert+GetCart+GetProduct+GetSupportedCurrencies,Convert+GetCart+GetProduct+GetSupportedCurrencies,0,1,,,,222230.0,222230.0,222230.0,,0.0,0.001388906250217,,,,,0.0,,,,0.0,True,False,,False
re2ob_recommendationservice_disk_2,disk,recommendationservice,frontend::Convert+GetCart+GetProduct+GetSupportedCurrencies+ListRecommendations,frontend::Convert+GetCart+GetProduct+GetSupportedCurrencies+ListRecommendations,Convert+GetCart+GetProduct+GetSupportedCurrencies+ListRecommendations,0,1,,,,234483.0,234483.0,234483.0,,0.0,0.001388906250217,,,,,0.0,,,,0.0,True,False,,False
re2ob_recommendationservice_disk_2,disk,recommendationservice,frontend::GetProduct+GetSupportedCurrencies+ListRecommendations+PlaceOrder,Place Order,GetProduct+GetSupportedCurrencies+ListRecommendations+PlaceOrder,346,340,129877.0,242624.0,338473.6000000002,166171.0,302756.1500000004,453177.9200000003,1.247840897850173,0.4806343261812353,0.4722281250737856,0.0115606936416184,0.0470588235294117,0.0354981298877932,0.0,0.0,0.0,1.6316206100842292e-10,0.2866882012920775,0.2866882012920775,False,False,6.526482440336916e-10,True
re2ob_recommendationservice_disk_2,disk,recommendationservice,frontend::empty,frontend::empty,,795,806,314.0,885.2999999999995,1478.9999999999973,314.0,831.0,1378.4000000000042,0.9386648593697056,1.1043476569771158,1.1194584376749157,0.010062893081761,0.0086848635235732,-0.0013780295581878,0.0,0.0,0.0,1.0,0.0155016620628307,0.0155016620628307,False,False,1.0,False
re2ob_recommendationservice_disk_2,disk,recommendationservice,direct::hipstershop.CurrencyService/Convert,hipstershop.CurrencyService/Convert (direct),Convert,1186,1154,4676.5,69454.5,77664.9,4309.5,66068.54999999997,76651.75000000001,0.9512493790899074,1.6474922278929047,1.6027978127504372,0.0101180438448566,0.0077989601386481,-0.0023190837062084,0.0,0.0,0.0,2.4419560484806467e-09,-0.1451173570336771,0.0,False,False,7.32586814544194e-09,False
re2ob_recommendationservice_disk_3,disk,recommendationservice,frontend::AddItem+GetProduct,Add To Cart,AddItem+GetProduct,1023,1025,8617.0,16341.2,60869.91999999992,8792.0,13017.599999999997,21197.59999999998,0.7966122438988567,1.4208392534968897,1.4236486796179344,0.010752688172043,0.0058536585365853,-0.0048990296354576,0.0,0.0,0.0,0.0306217195602285,0.0618897074601245,0.0618897074601245,False,False,0.061243439120457,False
re2ob_recommendationservice_disk_3,disk,recommendationservice,frontend::Convert+GetAds+GetCart+GetProduct+GetSupportedCurrencies+ListRecommendations,Product Detail View,Convert+GetAds+GetCart+GetProduct+GetSupportedCurrencies+ListRecommendations,4487,4395,44683.0,117282.1,639361.6800000012,102095.0,247603.9,723066.540000006,2.1111823543405177,6.231970410987824,6.104327753093484,0.0100289725874749,0.0136518771331058,0.0036229045456308,0.0,0.0,0.0,0.0,0.6209201503116195,0.6209201503116195,False,False,0.0,True
re2ob_recommendationservice_disk_3,disk,recommendationservice,frontend::Convert+GetAds+GetCart+GetSupportedCurrencies+ListProducts,Home Page View,Convert+GetAds+GetCart+GetSupportedCurrencies+ListProducts,989,992,123832.0,247816.0,395474.20000000007,116658.5,244182.15,709174.6800000035,0.985336499661039,1.3736168345145885,1.3778141367619423,0.0101112234580384,0.0211693548387096,0.0110581313806712,0.0,0.0,0.0,0.0044384977963831,-0.0793873740174173,0.0,False,False,0.0133154933891494,False
re2ob_recommendationservice_disk_3,disk,recommendationservice,frontend::Convert+GetCart+GetProduct+GetQuote+GetSupportedCurrencies+ListRecommendations,Cart View,Convert+GetCart+GetProduct+GetQuote+GetSupportedCurrencies+ListRecommendations,1995,2014,77826.0,222804.5,394432.8599999992,124355.5,306991.0499999999,540780.4099999991,1.377849415070162,2.7708448785203275,2.797296039756605,0.0100250626566416,0.0208540218470705,0.0108289591904289,0.0,0.0,0.0,1.8348948641039288e-123,0.431555801121473,0.431555801121473,False,False,1.1009369184623574e-122,True
re2ob_recommendationservice_disk_3,disk,recommendationservice,frontend::GetProduct+GetSupportedCurrencies+ListRecommendations+PlaceOrder,Place Order,GetProduct+GetSupportedCurrencies+ListRecommendations+PlaceOrder,333,358,137426.0,264359.99999999994,654077.880000002,167008.5,357943.24999999994,829944.7800000003,1.353999281283099,0.4625019270913629,0.497235343710459,0.012012012012012,0.0139664804469273,0.0019544684349153,0.0,0.0,0.0,1.2262716616856446e-05,0.1989112017044978,0.1989112017044978,False,False,4.905086646742578e-05,True
re2ob_recommendationservice_disk_3,disk,recommendationservice,frontend::empty,frontend::empty,,785,821,325.0,924.8,2440.999999999998,330.0,885.0,1423.999999999999,0.9569636678200693,1.0902823206207803,1.1403078692354385,0.0101910828025477,0.002436053593179,-0.0077550292093687,0.0,0.0,0.0,1.0,0.0083306826380753,0.0083306826380753,False,False,1.0,False
re2ob_recommendationservice_disk_3,disk,recommendationservice,direct::hipstershop.CurrencyService/Convert,hipstershop.CurrencyService/Convert (direct),Convert,1159,1220,4820.0,70059.7,77409.96,4401.0,68661.04999999999,76316.81,0.9800363118882894,1.609728929426095,1.694489160130615,0.0103537532355478,0.0073770491803278,-0.00297670405522,0.0,0.0,0.0,7.502837819930645e-14,-0.1792939079760676,0.0,False,False,3.751418909965322e-13,False
re2ob_recommendationservice_loss_1,loss,recommendationservice,frontend::AddItem+GetProduct,Add To Cart,AddItem+GetProduct,894,782,6556.0,9734.75,80516.66999999988,7671.0,97716.14999999998,752282.8199999963,10.037869488173808,1.2416666666666667,1.086123179146435,0.0100671140939597,0.0741687979539642,0.0641016838600044,0.0,0.0,0.0,1.2903420238304573e-57,0.4536352037167361,0.4536352037167361,False,False,6.451710119152288e-57,True
re2ob_recommendationservice_loss_1,loss,recommendationservice,frontend::Convert+GetAds+GetCart+GetProduct+GetSupportedCurrencies+ListRecommendations,Product Detail View,Convert+GetAds+GetCart+GetProduct+GetSupportedCurrencies+ListRecommendations,4110,2777,161099.0,333446.29999999964,671463.1399999998,490734.0,9173922.199999992,16748702.199999915,27.51244263319162,5.708333333333333,3.856987299858888,0.0102189781021897,0.4465250270075621,0.4363060489053723,0.0,0.0,0.0,0.0,0.553048021329184,0.553048021329184,False,False,0.0,True
re2ob_recommendationservice_loss_1,loss,recommendationservice,frontend::Convert+GetAds+GetCart+GetSupportedCurrencies+ListProducts,Home Page View,Convert+GetAds+GetCart+GetSupportedCurrencies+ListProducts,985,622,613464.0,1269602.0,1737284.3999999987,637572.5,1990853.0999999985,3644975.9799999977,1.5680922840386189,1.3680555555555556,0.8638984877609752,0.0101522842639593,0.0739549839228295,0.0638026996588701,0.0,0.0,0.0,0.1256635203671215,0.0550279922307277,0.0550279922307277,False,False,0.1988846364920314,False
re2ob_recommendationservice_loss_1,loss,recommendationservice,frontend::Convert+GetCart+GetProduct+GetQuote+GetSupportedCurrencies+ListRecommendations,Cart View,Convert+GetCart+GetProduct+GetQuote+GetSupportedCurrencies+ListRecommendations,1961,1177,268391.0,806668.0,1169537.4000000006,774925.0,5938055.4,15716154.6,7.36121353518424,2.723611111111111,1.634740386004289,0.0101988781234064,0.3644859813084112,0.3542871031850048,0.0,0.0,0.0,1.100856149681666e-190,0.6276348004438288,0.6276348004438288,False,False,6.605136898089997e-190,True
re2ob_recommendationservice_loss_1,loss,recommendationservice,frontend::Convert+GetCart+GetProduct+GetSupportedCurrencies,frontend::Convert+GetCart+GetProduct+GetSupportedCurrencies,Convert+GetCart+GetProduct+GetSupportedCurrencies,0,1,,,,113491.0,113491.0,113491.0,,0.0,0.0013889043211591,,,,,0.0,,,,0.0,True,False,,False
re2ob_recommendationservice_loss_1,loss,recommendationservice,frontend::Convert+GetCart+GetProduct+GetSupportedCurrencies+ListRecommendations,frontend::Convert+GetCart+GetProduct+GetSupportedCurrencies+ListRecommendations,Convert+GetCart+GetProduct+GetSupportedCurrencies+ListRecommendations,0,9,,,,4375197.0,5196394.4,5238373.28,,0.0,0.0125001388904321,,,,,0.0,,,,0.0,True,False,,False
re2ob_recommendationservice_loss_1,loss,recommendationservice,frontend::Convert+GetCart+GetQuote+GetSupportedCurrencies+ListRecommendations,frontend::Convert+GetCart+GetQuote+GetSupportedCurrencies+ListRecommendations,Convert+GetCart+GetQuote+GetSupportedCurrencies+ListRecommendations,0,85,,,,156060.0,10412760.399999993,18497974.92,,0.0,0.1180568672985255,,,,,0.0,,,,0.0,True,False,,False
re2ob_recommendationservice_loss_1,loss,recommendationservice,frontend::GetCart+GetProduct+GetSupportedCurrencies,frontend::GetCart+GetProduct+GetSupportedCurrencies,GetCart+GetProduct+GetSupportedCurrencies,0,134,,,,9511.0,57678.24999999996,81897.37999999999,,0.0,0.1861131790353226,,,,,0.0,,,,0.0,True,False,,False
re2ob_recommendationservice_loss_1,loss,recommendationservice,frontend::GetCart+GetSupportedCurrencies,frontend::GetCart+GetSupportedCurrencies,GetCart+GetSupportedCurrencies,0,69,,,,6413.0,105827.1999999998,178827.0399999994,,0.0,0.0958343981599795,,,,,0.0,,,,0.0,True,False,,False
re2ob_recommendationservice_loss_1,loss,recommendationservice,frontend::GetCart+GetSupportedCurrencies+ListProducts,frontend::GetCart+GetSupportedCurrencies+ListProducts,GetCart+GetSupportedCurrencies+ListProducts,0,32,,,,10136.0,97509.3,121236.95000000004,,0.0,0.0444449382770919,,,,,0.0,,,,0.0,True,False,,False
re2ob_recommendationservice_loss_1,loss,recommendationservice,frontend::GetCart+GetSupportedCurrencies+ListRecommendations,frontend::GetCart+GetSupportedCurrencies+ListRecommendations,GetCart+GetSupportedCurrencies+ListRecommendations,0,6,,,,4405283.0,6328139.0,6752556.600000001,,0.0,0.0083334259269547,,,,,0.0,,,,0.0,True,False,,False
re2ob_recommendationservice_loss_1,loss,recommendationservice,frontend::GetProduct,frontend::GetProduct,GetProduct,0,223,,,,1409.0,1987.9,3889.8,,0.0,0.3097256636184847,,,,,0.0,,,,0.0,True,False,,False
re2ob_recommendationservice_loss_1,loss,recommendationservice,frontend::GetProduct+GetSupportedCurrencies,frontend::GetProduct+GetSupportedCurrencies,GetProduct+GetSupportedCurrencies,0,371,,,,4115.0,5305.0,7047.4000000000015,,0.0,0.515283503150035,,,,,0.0,,,,0.0,True,False,,False
re2ob_recommendationservice_loss_1,loss,recommendationservice,frontend::GetProduct+GetSupportedCurrencies+ListRecommendations+PlaceOrder,Place Order,GetProduct+GetSupportedCurrencies+ListRecommendations+PlaceOrder,302,93,390953.0,788071.6,986220.2700000008,992063.0,5445652.599999994,7193147.519999997,6.910098777826779,0.4194444444444444,0.1291681018677985,0.0132450331125827,0.5053763440860215,0.4921313109734387,0.0,0.0,0.0,2.908947255724153e-28,0.760093997009186,0.760093997009186,False,False,1.1635789022896612e-27,True
re2ob_recommendationservice_loss_1,loss,recommendationservice,frontend::GetSupportedCurrencies,frontend::GetSupportedCurrencies,GetSupportedCurrencies,0,255,,,,1359.0,2039.699999999999,2950.1200000000013,,0.0,0.3541706018955766,,,,,0.0,,,,0.0,True,False,,False
re2ob_recommendationservice_loss_1,loss,recommendationservice,frontend::GetSupportedCurrencies+ListProducts,frontend::GetSupportedCurrencies+ListProducts,GetSupportedCurrencies+ListProducts,0,57,,,,6117.0,63427.19999999952,239246.27999999968,,0.0,0.07916754630607,,,,,0.0,,,,0.0,True,False,,False
re2ob_recommendationservice_loss_1,loss,recommendationservice,frontend::GetSupportedCurrencies+ListRecommendations+PlaceOrder,frontend::GetSupportedCurrencies+ListRecommendations+PlaceOrder,GetSupportedCurrencies+ListRecommendations+PlaceOrder,0,111,,,,485487.0,2079381.5,3776703.400000001,,0.0,0.1541683796486627,,,,,0.0,,,,0.0,True,False,,False
re2ob_recommendationservice_loss_1,loss,recommendationservice,frontend::ListRecommendations+PlaceOrder,frontend::ListRecommendations+PlaceOrder,ListRecommendations+PlaceOrder,0,1,,,,5045739.0,5045739.0,5045739.0,,0.0,0.0013889043211591,,,,,0.0,,,,0.0,True,False,,False
re2ob_recommendationservice_loss_1,loss,recommendationservice,frontend::PlaceOrder,frontend::PlaceOrder,PlaceOrder,0,58,,,,9578.5,13497.999999999993,24385.959999999995,,0.0,0.0805564506272292,,,,,0.0,,,,0.0,True,False,,False
re2ob_recommendationservice_loss_1,loss,recommendationservice,frontend::empty,frontend::empty,,805,690,294.0,773.9999999999993,1415.960000000001,319.0,862.7499999999998,1251.9500000000007,1.1146640826873393,1.1180555555555556,0.9583439815997956,0.0111801242236024,0.008695652173913,-0.0024844720496894,0.0,0.0,0.0,0.0994423182460157,0.0587991718426501,0.0587991718426501,False,False,0.1988846364920314,False
re2ob_recommendationservice_loss_1,loss,recommendationservice,direct::hipstershop.CurrencyService/Convert,hipstershop.CurrencyService/Convert (direct),Convert,1052,808,89193.5,181370.65,245053.1500000008,91347.0,297630.15,591463.16,1.641005035820294,1.461111111111111,1.1222346914965722,0.0104562737642585,0.0841584158415841,0.0737021420773256,0.0,0.0,0.0,4.094359016811912e-06,0.1282858205022023,0.1282858205022023,False,False,1.2283077050435736e-05,False
re2ob_recommendationservice_loss_2,loss,recommendationservice,frontend::AddItem+GetProduct,Add To Cart,AddItem+GetProduct,979,875,8327.0,11832.899999999998,19521.96000000006,8881.0,73059.4,112173.01999999992,6.174259902475303,1.3599054317039934,1.2153334805623035,0.010214504596527,0.1257142857142857,0.1154997811177586,0.0,0.0,0.0,3.3302127169464356e-26,0.2862477746972129,0.2862477746972129,False,False,1.3320850867785742e-25,True
re2ob_recommendationservice_loss_2,loss,recommendationservice,frontend::Convert+GetAds+GetCart+GetProduct+GetSupportedCurrencies+ListRecommendations,Product Detail View,Convert+GetAds+GetCart+GetProduct+GetSupportedCurrencies+ListRecommendations,4393,3848,40841.0,106107.79999999992,327485.87999999966,260002.5,3908160.5999999978,11968883.759999989,36.83198219169562,6.102210992314242,5.344689409375707,0.0100159344411563,0.4324324324324324,0.422416497991276,0.0,0.0,0.0,0.0,0.6069746662735509,0.6069746662735509,False,False,0.0,True
re2ob_recommendationservice_loss_2,loss,recommendationservice,frontend::Convert+GetAds+GetCart+GetSupportedCurrencies+ListProducts,Home Page View,Convert+GetAds+GetCart+GetSupportedCurrencies+ListProducts,1084,908,114571.0,246846.1999999999,448923.66000000027,110146.5,235256.65,411210.5299999975,0.9530495101808336,1.5057584146753105,1.2611689146863676,0.0101476014760147,0.0088105726872246,-0.00133702878879,0.0,0.0,0.0,0.3163490281277406,-0.036664661800803,0.0,False,False,0.4037305548864428,False
re2ob_recommendationservice_loss_2,loss,recommendationservice,frontend::Convert+GetCart+GetProduct+GetQuote+GetSupportedCurrencies+ListRecommendations,Cart View,Convert+GetCart+GetProduct+GetQuote+GetSupportedCurrencies+ListRecommendations,1951,1726,66448.0,173898.5,253171.0,264423.5,3304065.75,9955519.75,18.99996693473492,2.710087331209899,2.397332099943469,0.0102511532547411,0.5220162224797219,0.5117650692249808,0.0,0.0,0.0,1.3076089337093233e-240,0.6324456721543399,0.6324456721543399,False,False,7.84565360225594e-240,True
re2ob_recommendationservice_loss_2,loss,recommendationservice,frontend::Convert+GetCart+GetQuote+GetSupportedCurrencies+ListRecommendations,frontend::Convert+GetCart+GetQuote+GetSupportedCurrencies+ListRecommendations,Convert+GetCart+GetQuote+GetSupportedCurrencies+ListRecommendations,0,51,,,,22114.0,11446810.0,15025240.0,,0.0,0.0708365800099171,,,,,0.0,,,,0.0,True,False,,False
re2ob_recommendationservice_loss_2,loss,recommendationservice,frontend::GetProduct+GetSupportedCurrencies+ListRecommendations+PlaceOrder,Place Order,GetProduct+GetSupportedCurrencies+ListRecommendations+PlaceOrder,329,243,132511.0,270272.3999999999,361865.1199999985,284466.0,1843390.0,3985547.4599999846,6.820489254544676,0.4570060133101264,0.3375154694590169,0.0121580547112462,0.3950617283950617,0.3829036736838155,0.0,0.0,0.0,1.370698095735491e-31,0.5744555768196431,0.5744555768196431,False,False,6.853490478677455e-31,True
re2ob_recommendationservice_loss_2,loss,recommendationservice,frontend::GetSupportedCurrencies+ListRecommendations+PlaceOrder,frontend::GetSupportedCurrencies+ListRecommendations+PlaceOrder,GetSupportedCurrencies+ListRecommendations+PlaceOrder,0,43,,,,116948.0,227787.3,263138.16,,0.0,0.0597249596162046,,,,,0.0,,,,0.0,True,False,,False
re2ob_recommendationservice_loss_2,loss,recommendationservice,frontend::empty,frontend::empty,,862,742,306.5,920.7499999999995,1764.9199999999996,323.5,796.0,1221.3400000000008,0.8645126255769756,1.1973835363930974,1.0306027915168334,0.0104408352668213,0.0053908355795148,-0.0050499996873065,0.0,0.0,0.0,0.1345768516288142,0.0529202444012233,0.0529202444012233,False,False,0.4037305548864428,False
re2ob_recommendationservice_loss_2,loss,recommendationservice,direct::hipstershop.CurrencyService/Convert,hipstershop.CurrencyService/Convert (direct),Convert,1138,996,4696.5,67883.74999999999,77914.29999999997,5044.5,71116.25,77134.45,1.0476181707698826,1.5807685202034163,1.383396739017205,0.0105448154657293,0.0060240963855421,-0.0045207190801871,0.0,0.0,0.0,0.1919977368933864,0.0417107798505091,0.0417107798505091,False,False,0.4037305548864428,False
re2ob_recommendationservice_loss_3,loss,recommendationservice,frontend::AddItem+GetProduct,Add To Cart,AddItem+GetProduct,1013,889,6766.0,9547.0,12800.16,7344.0,43325.79999999885,91244.32,4.538158583848209,1.4069991610784864,1.2347325116598191,0.0108588351431391,0.123734533183352,0.1128756980402128,0.0,0.0,0.0,4.8604957965318335e-30,0.303809753297126,0.303809753297126,False,False,1.9441983186127334e-29,True
re2ob_recommendationservice_loss_3,loss,recommendationservice,frontend::Convert+GetAds+GetCart+GetProduct+GetSupportedCurrencies+ListRecommendations,Product Detail View,Convert+GetAds+GetCart+GetProduct+GetSupportedCurrencies+ListRecommendations,4434,3744,35092.5,99530.69999999998,445067.2400000009,249827.0,3306985.049999999,44302283.69000007,33.2257790812282,6.158572833387965,5.200043333694447,0.010148849797023,0.3616452991452991,0.3514964493482761,0.0,0.0,0.0,0.0,0.5777164678340254,0.5777164678340254,False,False,0.0,True
re2ob_recommendationservice_loss_3,loss,recommendationservice,frontend::Convert+GetAds+GetCart+GetSupportedCurrencies+ListProducts,Home Page View,Convert+GetAds+GetCart+GetSupportedCurrencies+ListProducts,972,857,93007.0,226864.5999999996,669482.4199999997,87079.0,217463.99999999988,408397.9199999993,0.9585629490012998,1.3500525020417462,1.190287696841918,0.0102880658436214,0.0023337222870478,-0.0079543435565735,0.0,0.0,0.0,0.4140490072158622,-0.0341462946156321,0.0,False,False,0.4140490072158622,False
re2ob_recommendationservice_loss_3,loss,recommendationservice,frontend::Convert+GetCart+GetProduct+GetQuote+GetSupportedCurrencies+ListRecommendations,Cart View,Convert+GetCart+GetProduct+GetQuote+GetSupportedCurrencies+ListRecommendations,2013,1675,51194.0,165820.19999999998,275539.5599999987,252406.0,2919811.9999999995,10820438.419999994,17.60830103931849,2.7959420644136164,2.326408275624519,0.0104321907600596,0.4513432835820895,0.4409110928220299,0.0,0.0,0.0,1.604736668443512e-250,0.6459852748181596,0.6459852748181596,False,False,9.628420010661072e-250,True
re2ob_recommendationservice_loss_3,loss,recommendationservice,frontend::Convert+GetCart+GetProduct+GetSupportedCurrencies+ListRecommendations,frontend::Convert+GetCart+GetProduct+GetSupportedCurrencies+ListRecommendations,Convert+GetCart+GetProduct+GetSupportedCurrencies+ListRecommendations,0,3,,,,2749912.0,3140836.9,3175585.78,,0.0,0.0041667013891782,,,,,0.0,,,,0.0,True,False,,False
re2ob_recommendationservice_loss_3,loss,recommendationservice,frontend::Convert+GetCart+GetQuote+GetSupportedCurrencies+ListRecommendations,frontend::Convert+GetCart+GetQuote+GetSupportedCurrencies+ListRecommendations,Convert+GetCart+GetQuote+GetSupportedCurrencies+ListRecommendations,0,46,,,,21931.0,245704.0,1209600.9999999977,,0.0,0.063889421300733,,,,,0.0,,,,0.0,True,False,,False
re2ob_recommendationservice_loss_3,loss,recommendationservice,frontend::Convert+GetCart+GetSupportedCurrencies+ListProducts,frontend::Convert+GetCart+GetSupportedCurrencies+ListProducts,Convert+GetCart+GetSupportedCurrencies+ListProducts,0,1,,,,94875.0,94875.0,94875.0,,0.0,0.0013889004630594,,,,,0.0,,,,0.0,True,False,,False
re2ob_recommendationservice_loss_3,loss,recommendationservice,frontend::GetCart+GetSupportedCurrencies+ListRecommendations,frontend::GetCart+GetSupportedCurrencies+ListRecommendations,GetCart+GetSupportedCurrencies+ListRecommendations,0,1,,,,2587214.0,2587214.0,2587214.0,,0.0,0.0013889004630594,,,,,0.0,,,,0.0,True,False,,False
re2ob_recommendationservice_loss_3,loss,recommendationservice,frontend::GetProduct+GetSupportedCurrencies,frontend::GetProduct+GetSupportedCurrencies,GetProduct+GetSupportedCurrencies,0,1,,,,2209296.0,2209296.0,2209296.0,,0.0,0.0013889004630594,,,,,0.0,,,,0.0,True,False,,False
re2ob_recommendationservice_loss_3,loss,recommendationservice,frontend::GetProduct+GetSupportedCurrencies+ListRecommendations+PlaceOrder,Place Order,GetProduct+GetSupportedCurrencies+ListRecommendations+PlaceOrder,353,241,105007.0,197752.8,271177.24,293503.0,1590301.0,3018726.799999997,8.041863376902882,0.4902968448773008,0.3347250115973189,0.0113314447592068,0.5477178423236515,0.5363863975644447,0.0,0.0,0.0,8.142664369365436e-50,0.7187591832896454,0.7187591832896454,False,False,4.071332184682718e-49,True
re2ob_recommendationservice_loss_3,loss,recommendationservice,frontend::GetSupportedCurrencies+ListRecommendations+PlaceOrder,frontend::GetSupportedCurrencies+ListRecommendations+PlaceOrder,GetSupportedCurrencies+ListRecommendations+PlaceOrder,0,41,,,,150166.0,281336.0,386209.4000000002,,0.0,0.0569449189854359,,,,,0.0,,,,0.0,True,False,,False
re2ob_recommendationservice_loss_3,loss,recommendationservice,frontend::ListRecommendations+PlaceOrder,frontend::ListRecommendations+PlaceOrder,ListRecommendations+PlaceOrder,0,2,,,,2897702.0,2916935.9,2918645.58,,0.0,0.0027778009261188,,,,,0.0,,,,0.0,True,False,,False
re2ob_recommendationservice_loss_3,loss,recommendationservice,frontend::empty,frontend::empty,,771,723,286.0,849.0,1525.6999999999978,304.0,825.0,1427.9799999999975,0.9717314487632508,1.0708749784713851,1.0041750347919565,0.0103761348897535,0.0096818810511756,-0.0006942538385779,0.0,0.0,0.0,0.1782542489319797,0.0508312209718477,0.0508312209718477,False,False,0.3565084978639594,False
re2ob_recommendationservice_loss_3,loss,recommendationservice,direct::hipstershop.CurrencyService/Convert,hipstershop.CurrencyService/Convert (direct),Convert,1164,1017,4019.5,63931.24999999999,74849.34999999999,4387.0,69706.39999999998,76852.72,1.0903337569654905,1.616729539482091,1.4125117709314243,0.0103092783505154,0.0186823992133726,0.0083731208628572,0.0,0.0,0.0,4.471123585266804e-05,0.1050982101524935,0.1050982101524935,False,False,0.000134133707558,False
re2ob_recommendationservice_mem_1,mem,recommendationservice,frontend::AddItem+GetProduct,Add To Cart,AddItem+GetProduct,998,982,8565.5,14037.25,37664.4199999999,9534.0,30189.59999999968,61186.11999999992,2.150677661222795,1.3861438395073218,1.3639930828049365,0.0100200400801603,0.0427698574338085,0.0327498173536482,0.0,0.0,0.0,8.861733579375428e-29,0.2905321845319968,0.2905321845319968,False,False,4.430866789687715e-28,True
re2ob_recommendationservice_mem_1,mem,recommendationservice,frontend::Convert+GetAds+GetCart+GetProduct+GetSupportedCurrencies+ListRecommendations,Product Detail View,Convert+GetAds+GetCart+GetProduct+GetSupportedCurrencies+ListRecommendations,4367,4196,52906.0,135437.7,248808.5200000005,141844.5,1789819.0,2210984.4,13.215072317382823,6.065420989106688,5.828222989256124,0.0100755667506297,0.273117254528122,0.2630416877774923,0.0,0.0,0.0,0.0,0.7121880827761202,0.7121880827761202,False,False,0.0,True
re2ob_recommendationservice_mem_1,mem,recommendationservice,frontend::Convert+GetAds+GetCart+GetSupportedCurrencies+ListProducts,Home Page View,Convert+GetAds+GetCart+GetSupportedCurrencies+ListProducts,1027,922,195791.0,380316.7,547550.0800000001,164928.0,342583.5,509884.8999999997,0.9007847933051586,1.4264225683106408,1.2806533832445532,0.0107108081791626,0.0086767895878524,-0.0020340185913101,0.0,0.0,0.0,2.3463565494693672e-09,-0.1594001018065379,0.0,False,False,9.385426197877469e-09,False
re2ob_recommendationservice_mem_1,mem,recommendationservice,frontend::Convert+GetCart+GetProduct+GetQuote+GetSupportedCurrencies+ListRecommendations,Cart View,Convert+GetCart+GetProduct+GetQuote+GetSupportedCurrencies+ListRecommendations,2012,1970,112774.5,274191.9999999999,368161.38,183969.0,1547765.85,2131271.669999998,5.644824976658693,2.794510425940613,2.736320135565911,0.0104373757455268,0.2045685279187817,0.1941311521732548,0.0,0.0,0.0,2.295329404334649e-110,0.4090903815684572,0.4090903815684572,False,False,1.3771976426007894e-109,True
re2ob_recommendationservice_mem_1,mem,recommendationservice,frontend::GetProduct+GetSupportedCurrencies+ListRecommendations+PlaceOrder,Place Order,GetProduct+GetSupportedCurrencies+ListRecommendations+PlaceOrder,333,315,183200.0,334353.4,558086.5600000008,190313.0,399238.1000000001,2158615.4200000013,1.1940602368631517,0.4625109203967316,0.4375334226920112,0.012012012012012,0.0380952380952381,0.026083226083226,0.0,0.0,0.0,1.6530156942116238e-06,0.2238524238524237,0.2238524238524237,False,False,4.959047082634871e-06,True
re2ob_recommendationservice_mem_1,mem,recommendationservice,frontend::PlaceOrder,frontend::PlaceOrder,PlaceOrder,0,1,,,,188808.0,188808.0,188808.0,,0.0,0.001388994992673,,,,,0.0,,,,0.0,True,False,,False
re2ob_recommendationservice_mem_1,mem,recommendationservice,frontend::empty,frontend::empty,,827,739,324.0,889.7999999999997,1638.1,330.0,848.1,1510.62,0.9531355360755228,1.148638231736027,1.026467299585385,0.0108827085852478,0.0081190798376184,-0.0027636287476294,0.0,0.0,0.0,0.6343392407557698,0.0292447226799181,0.0292447226799181,False,False,0.8907440975501824,False
re2ob_recommendationservice_mem_1,mem,recommendationservice,direct::hipstershop.CurrencyService/Convert,hipstershop.CurrencyService/Convert (direct),Convert,1144,1093,5692.0,81524.75,88391.86999999998,5604.0,80722.2,84816.15999999997,0.990155750247624,1.5889264052067895,1.5181715269916451,0.0104895104895104,0.000914913083257,-0.0095745974062534,0.0,0.0,0.0,0.4453720487750912,-0.0297858591545691,0.0,False,False,0.8907440975501824,False
re2ob_recommendationservice_mem_2,mem,recommendationservice,frontend::AddItem+GetProduct,Add To Cart,AddItem+GetProduct,1014,976,8455.5,15010.69999999999,48351.74000000001,8693.5,16166.0,90853.0,1.07696509822993,1.4083333333333334,1.3556609958552333,0.0108481262327416,0.0358606557377049,0.0250125295049633,0.0,0.0,0.0,0.0002292493499157,0.099890467875966,0.099890467875966,False,False,0.0006877480497471,False
re2ob_recommendationservice_mem_2,mem,recommendationservice,frontend::Convert+GetAds+GetCart+GetProduct+GetSupportedCurrencies+ListRecommendations,Product Detail View,Convert+GetAds+GetCart+GetProduct+GetSupportedCurrencies+ListRecommendations,4324,4080,43196.0,108764.69999999995,166166.12999999902,120334.5,1919437.599999999,2227585.92,17.647615448762327,6.005555555555556,5.667107441689909,0.0101757631822386,0.3995098039215686,0.38933404073933,0.0,0.0,0.0,0.0,0.7508826703669442,0.7508826703669442,False,False,0.0,True
re2ob_recommendationservice_mem_2,mem,recommendationservice,frontend::Convert+GetAds+GetCart+GetSupportedCurrencies+ListProducts,Home Page View,Convert+GetAds+GetCart+GetSupportedCurrencies+ListProducts,1018,967,119793.0,249690.05,407262.7000000008,101644.0,217361.69999999995,398850.940000001,0.8705260782317916,1.413888888888889,1.343160023557388,0.0108055009823182,0.0103412616339193,-0.0004642393483989,0.0,0.0,0.0,1.8985296582816287e-16,-0.2155238793749733,0.0,False,False,9.492648291408146e-16,False
re2ob_recommendationservice_mem_2,mem,recommendationservice,frontend::Convert+GetCart+GetProduct+GetQuote+GetSupportedCurrencies+ListRecommendations,Cart View,Convert+GetCart+GetProduct+GetQuote+GetSupportedCurrencies+ListRecommendations,2016,1901,73292.0,201840.75,300153.2999999998,139999.0,1804966.0,2214403.0,8.942525233383249,2.8,2.6404831486893428,0.0104166666666666,0.2824829037348764,0.2720662370682097,0.0,0.0,0.0,2.680125080186688e-224,0.5906062911750707,0.5906062911750707,False,False,1.6080750481120129e-223,True
re2ob_recommendationservice_mem_2,mem,recommendationservice,frontend::Convert+GetCart+GetProduct+GetSupportedCurrencies+ListRecommendations,frontend::Convert+GetCart+GetProduct+GetSupportedCurrencies+ListRecommendations,Convert+GetCart+GetProduct+GetSupportedCurrencies+ListRecommendations,0,4,,,,2338265.0,2371876.25,2375020.85,,0.0,0.0055559876879312,,,,,0.0,,,,0.0,True,False,,False
re2ob_recommendationservice_mem_2,mem,recommendationservice,frontend::Convert+GetCart+GetSupportedCurrencies+ListProducts,frontend::Convert+GetCart+GetSupportedCurrencies+ListProducts,Convert+GetCart+GetSupportedCurrencies+ListProducts,0,2,,,,165705.5,178410.35,179539.67,,0.0,0.0027779938439656,,,,,0.0,,,,0.0,True,False,,False
re2ob_recommendationservice_mem_2,mem,recommendationservice,frontend::GetProduct+GetSupportedCurrencies+ListRecommendations+PlaceOrder,Place Order,GetProduct+GetSupportedCurrencies+ListRecommendations+PlaceOrder,333,301,130617.0,272224.0,294356.76,163681.0,457043.0,2190076.0,1.6789225049958858,0.4625,0.4180880735168291,0.012012012012012,0.1162790697674418,0.1042670577554298,0.0,0.0,0.0,2.5927121408182874e-09,0.2788502788502789,0.2788502788502789,False,False,1.0370848563273151e-08,True
re2ob_recommendationservice_mem_2,mem,recommendationservice,frontend::empty,frontend::empty,,835,801,321.0,848.0,2079.1199999999926,337.0,941.0,1503.0,1.1096698113207548,1.1597222222222223,1.1125865345082395,0.0107784431137724,0.0049937578027465,-0.0057846853110258,0.0,0.0,0.0,0.1631621196114357,0.0497462004829292,0.0497462004829292,False,False,0.3263242392228714,False
re2ob_recommendationservice_mem_2,mem,recommendationservice,direct::hipstershop.CurrencyService/Convert,hipstershop.CurrencyService/Convert (direct),Convert,1148,1088,4773.5,69918.19999999998,76948.92,4713.5,72485.7,81934.42999999985,1.0367214831045424,1.5944444444444446,1.5112286511173092,0.0104529616724738,0.0266544117647058,0.016201450092232,0.0,0.0,0.0,0.597771638051283,-0.025383019061283,0.0,False,False,0.597771638051283,False
re2ob_recommendationservice_mem_3,mem,recommendationservice,frontend::AddItem+GetProduct,Add To Cart,AddItem+GetProduct,999,941,8409.0,13767.199999999984,49512.63999999983,8880.0,15337.0,89770.20000000001,1.1140246382706736,1.3875,1.3071604890252695,0.01001001001001,0.0297555791710945,0.0197455691610845,0.0,0.0,0.0,1.2769944886866566e-14,0.2045286519250386,0.2045286519250386,False,False,5.1079779547466266e-14,True
re2ob_recommendationservice_mem_3,mem,recommendationservice,frontend::Convert+GetAds+GetCart+GetProduct+GetSupportedCurrencies+ListRecommendations,Product Detail View,Convert+GetAds+GetCart+GetProduct+GetSupportedCurrencies+ListRecommendations,4409,4105,42547.0,114811.19999999994,319787.9200000015,121327.0,1829663.2,2176620.96,15.936277993784586,6.123611111111111,5.702331357543817,0.0102063960081651,0.3476248477466504,0.3374184517384853,0.0,0.0,0.0,0.0,0.7536051963249792,0.7536051963249792,False,False,0.0,True
re2ob_recommendationservice_mem_3,mem,recommendationservice,frontend::Convert+GetAds+GetCart+GetSupportedCurrencies+ListProducts,Home Page View,Convert+GetAds+GetCart+GetSupportedCurrencies+ListProducts,989,930,113442.0,226759.59999999983,530538.48,102710.0,239611.39999999985,405556.14000000025,1.056675880536039,1.3736111111111111,1.2918801857529232,0.0101112234580384,0.0064516129032258,-0.0036596105548126,0.0,0.0,0.0,6.630852459647769e-06,-0.122667623427596,0.0,False,False,1.989255737894331e-05,False
re2ob_recommendationservice_mem_3,mem,recommendationservice,frontend::Convert+GetCart+GetProduct+GetQuote+GetSupportedCurrencies+ListRecommendations,Cart View,Convert+GetCart+GetProduct+GetQuote+GetSupportedCurrencies+ListRecommendations,2046,1902,69028.5,217896.25,355893.3,134837.5,1685950.6499999992,2148961.26,7.737400941962054,2.841666666666667,2.642103347636624,0.0102639296187683,0.2350157728706624,0.2247518432518941,0.0,0.0,0.0,3.4084506577096745e-238,0.6065177571995521,0.6065177571995521,False,False,2.045070394625805e-237,True
re2ob_recommendationservice_mem_3,mem,recommendationservice,frontend::GetProduct+GetSupportedCurrencies+ListRecommendations+PlaceOrder,Place Order,GetProduct+GetSupportedCurrencies+ListRecommendations+PlaceOrder,324,312,127510.5,240788.1499999998,288032.08,173696.5,340934.95,2192784.7199999983,1.4159124940326189,0.45,0.4334049655429161,0.0123456790123456,0.0929487179487179,0.0806030389363722,0.0,0.0,0.0,7.158051717290197e-16,0.3736249604305159,0.3736249604305159,False,False,3.579025858645098e-15,True
re2ob_recommendationservice_mem_3,mem,recommendationservice,frontend::empty,frontend::empty,,790,757,318.5,824.1999999999998,1475.430000000003,326.0,879.1999999999996,1501.479999999999,1.0667313758796406,1.0972222222222223,1.0515626888332934,0.010126582278481,0.011889035667107,0.0017624533886259,0.0,0.0,0.0,0.0705269836700476,0.0618430513519387,0.0618430513519387,False,False,0.0705269836700476,False
re2ob_recommendationservice_mem_3,mem,recommendationservice,direct::hipstershop.CurrencyService/Convert,hipstershop.CurrencyService/Convert (direct),Convert,1129,1089,4603.0,68063.79999999999,76399.56000000001,4722.0,71292.0,79698.72,1.04742902982202,1.5680555555555555,1.5127500239622935,0.0106288751107174,0.0238751147842056,0.0132462396734882,0.0,0.0,0.0,0.0073358949214461,0.0712634030131413,0.0712634030131413,False,False,0.0146717898428922,False
re2ob_recommendationservice_socket_1,socket,recommendationservice,frontend::AddItem+GetProduct,Add To Cart,AddItem+GetProduct,998,501,8055.0,10477.7,16483.78999999909,8312.0,11060.0,302963.0,1.055575173940846,1.386567522920739,0.695957059032717,0.0100200400801603,0.0339321357285429,0.0239120956483825,0.0,0.0,0.0,2.462486971911445e-07,0.1672486689946759,0.1672486689946759,False,False,9.84994788764578e-07,True
re2ob_recommendationservice_socket_1,socket,recommendationservice,frontend::Convert+GetAds,frontend::Convert+GetAds,Convert+GetAds,0,2,,,,186448.0,199863.4,201055.88,,0.0,0.0027782716927453,,,,,0.0,,,,0.0,True,False,,False
re2ob_recommendationservice_socket_1,socket,recommendationservice,frontend::Convert+GetAds+GetCart+GetProduct+GetSupportedCurrencies+ListRecommendations,Product Detail View,Convert+GetAds+GetCart+GetProduct+GetSupportedCurrencies+ListRecommendations,4367,2184,42485.0,117091.3,459592.4200000029,239041.5,842847.3499999997,2805781.3100000108,7.198206442323211,6.067274922439747,3.033872688477952,0.0100755667506297,0.1694139194139194,0.1593383526632897,0.0,0.0,0.0,0.0,0.94918484118736,0.94918484118736,False,False,0.0,True
re2ob_recommendationservice_socket_1,socket,recommendationservice,frontend::Convert+GetAds+GetCart+GetSupportedCurrencies+ListProducts,Home Page View,Convert+GetAds+GetCart+GetSupportedCurrencies+ListProducts,1048,507,152434.0,351724.4499999999,729035.9899999993,143616.0,328207.49999999994,621203.5199999999,0.933138142656844,1.456034833688311,0.7042918741109531,0.0104961832061068,0.0059171597633136,-0.0045790234427932,0.0,0.0,0.0,0.6202003501434235,-0.0317143954108134,0.0,False,False,0.6202003501434235,False
re2ob_recommendationservice_socket_1,socket,recommendationservice,frontend::Convert+GetCart+GetProduct+GetQuote+GetSupportedCurrencies+ListRecommendations,Cart View,Convert+GetCart+GetProduct+GetQuote+GetSupportedCurrencies+ListRecommendations,1941,974,89452.0,250157.0,388640.9999999994,260231.5,790551.8999999992,1565021.4099999983,3.1602229799685766,2.696721003997149,1.3530183143669987,0.0103039670273055,0.2731006160164271,0.2627966489891216,0.0,0.0,0.0,2.86097939775129e-307,0.8500344347152708,0.8500344347152708,False,False,1.7165876386507742e-306,True
re2ob_recommendationservice_socket_1,socket,recommendationservice,frontend::GetAds+GetProduct,frontend::GetAds+GetProduct,GetAds+GetProduct,0,3,,,,247552.0,255915.7,256659.14,,0.0,0.004167407539118,,,,,0.0,,,,0.0,True,False,,False
re2ob_recommendationservice_socket_1,socket,recommendationservice,frontend::GetAds+GetProduct+ListRecommendations,frontend::GetAds+GetProduct+ListRecommendations,GetAds+GetProduct+ListRecommendations,0,2,,,,256515.0,290869.8,293923.56,,0.0,0.0027782716927453,,,,,0.0,,,,0.0,True,False,,False
re2ob_recommendationservice_socket_1,socket,recommendationservice,frontend::GetProduct+GetSupportedCurrencies+ListRecommendations+PlaceOrder,Place Order,GetProduct+GetSupportedCurrencies+ListRecommendations+PlaceOrder,344,162,173256.5,289622.74999999994,1042103.9599999991,333245.0,841268.3499999993,1262004.8299999998,2.9047039640359724,0.477935098080896,0.2250400071123755,0.0116279069767441,0.037037037037037,0.0254091300602928,0.0,0.0,0.0,3.0735020439607972e-40,0.7341192937123169,0.7341192937123169,False,False,1.536751021980399e-39,True
re2ob_recommendationservice_socket_1,socket,recommendationservice,frontend::empty,frontend::empty,,828,422,317.0,753.7999999999997,1568.6900000000046,333.5,1277.1999999999998,316735.8600000007,1.694348633589812,1.150378666310994,0.5862153271692746,0.0108695652173913,0.0497630331753554,0.0388934679579641,0.0,0.0,0.0,0.0103585876274929,0.0965811525516862,0.0965811525516862,False,False,0.0310757628824787,False
re2ob_recommendationservice_socket_1,socket,recommendationservice,direct::hipstershop.CurrencyService/Convert,hipstershop.CurrencyService/Convert (direct),Convert,1180,598,4777.5,78763.25,83543.47,4496.5,78891.95,84355.87,1.0016340107854869,1.6394285341147017,0.8307032361308677,0.0101694915254237,0.0150501672240802,0.0048806756986565,0.0,0.0,0.0,0.1152161225165878,-0.0550422311660336,0.0,False,False,0.2304322450331757,False
re2ob_recommendationservice_socket_2,socket,recommendationservice,frontend::AddItem+GetProduct,Add To Cart,AddItem+GetProduct,1014,990,8326.5,13370.999999999996,33637.26000000001,8367.0,13858.649999999994,35695.84000000005,1.036470720215391,1.4086287540859264,1.3759287519075376,0.0108481262327416,0.0121212121212121,0.0012730858884705,0.0,0.0,0.0,0.581142884526133,0.0272707349630425,0.0272707349630425,False,False,1.0,False
re2ob_recommendationservice_socket_2,socket,recommendationservice,frontend::Convert+GetAds+GetCart+GetProduct+GetSupportedCurrencies+ListRecommendations,Product Detail View,Convert+GetAds+GetCart+GetProduct+GetSupportedCurrencies+ListRecommendations,4401,4365,41809.0,107944.0,168783.0,44130.0,200310.8,487567.51999999175,1.855691840213444,6.113782195988325,6.066594951592324,0.0099977277891388,0.0714776632302405,0.0614799354411017,0.0,0.0,0.0,4.646964172130549e-21,0.1170405663817424,0.1170405663817424,False,False,3.252874920491384e-20,False
re2ob_recommendationservice_socket_2,socket,recommendationservice,frontend::Convert+GetAds+GetCart+GetSupportedCurrencies+ListProducts,Home Page View,Convert+GetAds+GetCart+GetSupportedCurrencies+ListProducts,1006,1064,111918.5,249473.5,432716.9000000019,113181.0,261578.94999999995,612286.6399999965,1.048523991526154,1.3975153122390944,1.478775951545071,0.0109343936381709,0.018796992481203,0.007862598843032,0.0,0.0,0.0,0.6037298559150621,0.0262204965694554,0.0262204965694554,False,False,1.0,False
re2ob_recommendationservice_socket_2,socket,recommendationservice,frontend::Convert+GetCart+GetProduct+GetQuote+GetSupportedCurrencies+ListRecommendations,Cart View,Convert+GetCart+GetProduct+GetQuote+GetSupportedCurrencies+ListRecommendations,2010,1995,68355.0,207798.15,276172.8900000002,81483.0,242912.5,423040.1999999998,1.16898297698993,2.792252264016481,2.7727049091470075,0.0104477611940298,0.0305764411027568,0.020128679908727,0.0,0.0,0.0,1.7902429935375154e-10,0.1183171859998253,0.1183171859998253,False,False,1.0741457961225094e-09,False
re2ob_recommendationservice_socket_2,socket,recommendationservice,frontend::GetProduct+GetSupportedCurrencies+ListRecommendations+PlaceOrder,Place Order,GetProduct+GetSupportedCurrencies+ListRecommendations+PlaceOrder,333,315,128014.0,265503.6,297024.80000000005,141759.0,283219.70000000007,368806.22000000015,1.0667264022032097,0.4625970168743722,0.4377955119705801,0.012012012012012,0.0317460317460317,0.0197340197340197,0.0,0.0,0.0,0.052931228411998,0.1007960341293674,0.1007960341293674,False,False,0.2646561420599904,False
re2ob_recommendationservice_socket_2,socket,recommendationservice,frontend::empty,frontend::empty,,794,842,302.0,761.4499999999994,1179.4899999999805,305.5,803.8499999999984,1367.4400000000005,1.0556832359314454,1.103009103298053,1.1702343526324714,0.0100755667506297,0.0178147268408551,0.0077391600902253,0.0,0.0,0.0,1.0,0.0113125759107797,0.0113125759107797,False,False,1.0,False
re2ob_recommendationservice_socket_2,socket,recommendationservice,direct::hipstershop.CurrencyService/Convert,hipstershop.CurrencyService/Convert (direct),Convert,1144,1137,4560.5,68216.14999999998,75295.36999999998,4518.0,70454.80000000002,77371.36,1.032817008875465,1.5892221840969425,1.580233324160475,0.0104895104895104,0.0158311345646438,0.0053416240751333,0.0,0.0,0.0,1.0,-0.013118807314058,0.0,False,False,1.0,False
re2ob_recommendationservice_socket_3,socket,recommendationservice,frontend::AddItem+GetProduct,Add To Cart,AddItem+GetProduct,1033,1003,8337.0,12605.0,31552.27999999985,8460.0,14236.8,50691.68000000003,1.1294565648552162,1.4347222222222222,1.3931735883178993,0.0106485963213939,0.0209371884346959,0.0102885921133019,0.0,0.0,0.0,0.1568520585247205,0.0450536097419262,0.0450536097419262,False,False,0.6274082340988821,False
re2ob_recommendationservice_socket_3,socket,recommendationservice,frontend::Convert+GetAds+GetCart+GetProduct+GetSupportedCurrencies+ListRecommendations,Product Detail View,Convert+GetAds+GetCart+GetProduct+GetSupportedCurrencies+ListRecommendations,4412,4457,41824.5,106209.5,156895.9100000002,43160.0,134113.9999999998,392321.2399999925,1.2627307350095784,6.127777777777778,6.190802276303965,0.0101994560290117,0.039039712811308,0.0288402567822962,0.0,0.0,0.0,3.89591834131845e-13,0.0901543631082626,0.0901543631082626,False,False,2.727142838922915e-12,False
re2ob_recommendationservice_socket_3,socket,recommendationservice,frontend::Convert+GetAds+GetCart+GetSupportedCurrencies+ListProducts,Home Page View,Convert+GetAds+GetCart+GetSupportedCurrencies+ListProducts,975,961,113512.0,239672.19999999987,346391.8799999999,112782.0,241134.0,459195.0,1.006099163774523,1.3541666666666667,1.3348353124361925,0.0102564102564102,0.0197710718002081,0.0095146615437978,0.0,0.0,0.0,1.0,-0.0037791830091518,0.0,False,False,1.0,False
re2ob_recommendationservice_socket_3,socket,recommendationservice,frontend::Convert+GetCart+GetProduct+GetQuote+GetSupportedCurrencies+ListRecommendations,Cart View,Convert+GetCart+GetProduct+GetQuote+GetSupportedCurrencies+ListRecommendations,2017,2004,68311.0,175660.39999999994,261293.96,74095.0,209748.05,319964.2000000002,1.1940542660724902,2.801388888888889,2.783569163498574,0.0104115022310361,0.0164670658682634,0.0060555636372272,0.0,0.0,0.0,9.43844865587954e-05,0.0741071154666372,0.0741071154666372,False,False,0.0005663069193527,False
re2ob_recommendationservice_socket_3,socket,recommendationservice,frontend::GetProduct+GetSupportedCurrencies+ListRecommendations+PlaceOrder,Place Order,GetProduct+GetSupportedCurrencies+ListRecommendations+PlaceOrder,331,328,133082.0,229909.0,292691.69999999995,129453.5,255373.14999999935,315308.32000000065,1.110757517104591,0.4597222222222222,0.4555941545047566,0.0120845921450151,0.0121951219512195,0.0001105298062044,0.0,0.0,0.0,1.0,0.0058672905460173,0.0058672905460173,False,False,1.0,False
re2ob_recommendationservice_socket_3,socket,recommendationservice,frontend::empty,frontend::empty,,801,793,312.0,775.0,1300.0,320.0,858.9999999999999,1283.8800000000035,1.1083870967741931,1.1125,1.101482208909366,0.0099875156054931,0.0100882723833543,0.0001007567778612,0.0,0.0,0.0,0.4567032593384599,0.0348523991920566,0.0348523991920566,False,False,1.0,False
re2ob_recommendationservice_socket_3,socket,recommendationservice,direct::hipstershop.CurrencyService/Convert,hipstershop.CurrencyService/Convert (direct),Convert,1182,1094,4476.5,67505.9,75117.94000000002,4582.0,66430.39999999997,76272.36999999997,0.9840680592363034,1.6416666666666666,1.5195731860615969,0.0101522842639593,0.0146252285191956,0.0044729442552362,0.0,0.0,0.0,0.0052676587049638,0.0728647568493892,0.0728647568493892,False,False,0.0263382935248193,False
