case,fault_type,target_service,journey_type,journey_label,signature,n_baseline,n_fault,baseline_p50,baseline_p95,baseline_p99,fault_p50,fault_p95,fault_p99,p95_ratio,baseline_throughput,fault_throughput,baseline_degraded_rate,fault_degraded_rate,degraded_rate_delta,baseline_fail_rate,fault_fail_rate,fail_rate_delta,p_value_raw,effect_size,impairment_magnitude,insufficient_data,short_window,p_value,impaired
re2tt_ts-auth-service_cpu_1,cpu,ts-auth-service,direct::GET /api/v1/adminbasicservice/adminbasic/configs,GET /api/v1/adminbasicservice/adminbasic/configs (direct),GET /api/v1/adminbasicservice/adminbasic/configs,123,116,9530.0,11799.8,16551.9,8998.0,11495.5,13987.599999999997,0.9742114273123272,0.1708333333333333,0.1611111111111111,0.016260162601626,0.0,-0.016260162601626,0.0,0.0,0.0,7.534565987829155e-06,-0.3462994112699747,0.0,False,False,6.78110938904624e-05,False
re2tt_ts-auth-service_cpu_1,cpu,ts-auth-service,direct::GET /api/v1/adminbasicservice/adminbasic/prices,GET /api/v1/adminbasicservice/adminbasic/prices (direct),GET /api/v1/adminbasicservice/adminbasic/prices,122,116,9896.0,13194.95,18075.5,9330.5,11969.5,15875.999999999993,0.9071273479626676,0.1694444444444444,0.1611111111111111,0.0163934426229508,0.0,-0.0163934426229508,0.0,0.0,0.0,4.8017031653856014e-05,-0.3169869983041266,0.0,False,False,0.0003373220114918,False
re2tt_ts-auth-service_cpu_1,cpu,ts-auth-service,direct::GET /api/v1/admintravelservice/admintravel,GET /api/v1/admintravelservice/admintravel (direct),GET /api/v1/admintravelservice/admintravel,121,116,151641.0,170882.0,176453.4,144851.0,159017.5,163589.94999999998,0.9305690476469144,0.1680555555555555,0.1611111111111111,0.0165289256198347,0.0,-0.0165289256198347,0.0,0.0,0.0,8.929288487632971e-09,-0.4410800797948133,0.0,False,False,1.0715146185159567e-07,False
re2tt_ts-auth-service_cpu_1,cpu,ts-auth-service,direct::GET /api/v1/assuranceservice/assurances/types,GET /api/v1/assuranceservice/assurances/types (direct),GET /api/v1/assuranceservice/assurances/types,83,67,3201.0,4002.5,4255.879999999998,2862.0,3528.9,6654.480000000029,0.8816739537788882,0.1152777777777777,0.0930555555555555,0.0120481927710843,0.0149253731343283,0.002877180363244,0.0,0.0,0.0,5.230513826536249e-06,-0.4472217227117425,0.0,False,False,5.230513826536249e-05,False
re2tt_ts-auth-service_cpu_1,cpu,ts-auth-service,direct::GET /api/v1/contactservice/contacts/account/{accountId},GET /api/v1/contactservice/contacts/account/{accountId} (direct),GET /api/v1/contactservice/contacts/account/{accountId},83,67,5540.0,6909.899999999999,7326.939999999995,5508.0,6718.5,12609.44,0.9723006121651544,0.1152777777777777,0.0930555555555555,0.0120481927710843,0.0298507462686567,0.0178025534975723,0.0,0.0,0.0,0.3458918578257408,-0.1298327638913864,0.0,False,False,1.0,False
re2tt_ts-auth-service_cpu_1,cpu,ts-auth-service,direct::GET /api/v1/foodservice/foods/{date}/{startStation}/{endStation}/{tripId},GET /api/v1/foodservice/foods/{date}/{startStation}/{endStation}/{tripId} (direct),GET /api/v1/foodservice/foods/{date}/{startStation}/{endStation}/{tripId},272,267,43087.5,52057.4,57593.78000000001,41356.0,50615.7,56501.14,0.9723055703896084,0.3777777777777777,0.3708333333333333,0.0110294117647058,0.0037453183520599,-0.0072840934126459,0.0,0.0,0.0,1.2592169715744468e-11,-0.342173386208416,0.0,False,False,1.6369820630467807e-10,False
re2tt_ts-auth-service_cpu_1,cpu,ts-auth-service,direct::POST /api/v1/inside_pay_service/inside_payment,POST /api/v1/inside_pay_service/inside_payment (direct),POST /api/v1/inside_pay_service/inside_payment,87,77,42458.0,59054.2,62863.22,43676.0,52788.0,57325.92,0.8938906970207029,0.1208333333333333,0.1069444444444444,0.0114942528735632,0.0,-0.0114942528735632,0.0,0.0,0.0,0.476336141124603,-0.1070309001343484,0.0,False,False,1.0,False
re2tt_ts-auth-service_cpu_1,cpu,ts-auth-service,direct::POST /api/v1/orderOtherService/orderOther/refresh,POST /api/v1/orderOtherService/orderOther/refresh (direct),POST /api/v1/orderOtherService/orderOther/refresh,56,57,616261.5,700585.0,726316.25,623589.0,707967.4,758215.5599999997,1.0105374793922222,0.0777777777777777,0.0791666666666666,0.0178571428571428,0.0175438596491228,-0.00031328320802,0.0,0.0,0.0,0.4149813801463129,0.1378446115288221,0.1378446115288221,False,False,1.0,False
re2tt_ts-auth-service_cpu_1,cpu,ts-auth-service,direct::POST /api/v1/orderservice/order/refresh,POST /api/v1/orderservice/order/refresh (direct),POST /api/v1/orderservice/order/refresh,98,93,915812.5,1037740.95,1062917.75,927234.0,1038039.8,1097624.04,1.0002879813117136,0.1361111111111111,0.1291666666666666,0.010204081632653,0.032258064516129,0.0220539828834759,0.0,0.0,0.0,0.378179056930078,0.1101601931095017,0.1101601931095017,False,False,1.0,False
re2tt_ts-auth-service_cpu_1,cpu,ts-auth-service,direct::POST /api/v1/preserveotherservice/preserveOther,POST /api/v1/preserveotherservice/preserveOther (direct),POST /api/v1/preserveotherservice/preserveOther,35,26,546610.0,584320.7999999999,610716.6199999999,532533.0,575109.0,588365.75,0.9842350297986996,0.0486111111111111,0.0361111111111111,0.0285714285714285,0.0,-0.0285714285714285,0.0,0.0,0.0,0.3453895540861806,-0.2065934065934066,0.0,False,False,1.0,False
re2tt_ts-auth-service_cpu_1,cpu,ts-auth-service,direct::POST /api/v1/preserveservice/preserve,POST /api/v1/preserveservice/preserve (direct),POST /api/v1/preserveservice/preserve,47,42,547670.0,595174.9,612937.72,518522.0,580998.5999999999,604819.44,0.9761812872149008,0.0652777777777777,0.0583333333333333,0.0212765957446808,0.0238095238095238,0.0025329280648429,0.0,0.0,0.0,4.216525143648089e-05,-0.524822695035461,0.0,False,False,0.0003373220114918,False
re2tt_ts-auth-service_cpu_1,cpu,ts-auth-service,direct::POST /api/v1/travel2service/trips/left,POST /api/v1/travel2service/trips/left (direct),POST /api/v1/travel2service/trips/left,923,906,320756.0,360716.0,380088.26,306834.5,347727.0,363786.2500000001,0.9639910622206944,1.2819444444444446,1.2583333333333333,0.0108342361863488,0.0011037527593818,-0.0097304834269669,0.0,0.0,0.0,1.4109990332795374e-24,-0.2781851578139238,0.0,False,False,1.9753986465913526e-23,False
re2tt_ts-auth-service_cpu_1,cpu,ts-auth-service,direct::POST /api/v1/travelservice/trips/left,POST /api/v1/travelservice/trips/left (direct),POST /api/v1/travelservice/trips/left,297,261,706853.0,771693.2,790092.28,673522.0,734617.0,798992.3999999997,0.9519547405627004,0.4125,0.3625,0.0101010101010101,0.0153256704980842,0.0052246603970741,0.0,0.0,0.0,1.156858572891776e-08,-0.2854986648090096,0.0,False,False,1.2725444301809538e-07,False
re2tt_ts-auth-service_cpu_1,cpu,ts-auth-service,direct::POST /api/v1/users/login,POST /api/v1/users/login (direct),POST /api/v1/users/login,1008,997,128500.5,262877.45,404115.8299999998,306713.0,575285.1999999996,805947.2399999999,2.188415932975611,1.4,1.3847222222222222,0.0109126984126984,0.2337011033099298,0.2227884048972314,0.0,0.0,0.0,3.020526391551792e-287,0.9347536657591824,0.9347536657591824,False,False,4.530789587327688e-286,True
re2tt_ts-auth-service_cpu_1,cpu,ts-auth-service,direct::PUT /api/v1/consignservice/consigns,PUT /api/v1/consignservice/consigns (direct),PUT /api/v1/consignservice/consigns,68,73,19301.5,25833.65,31320.66,18892.0,24635.199999999983,30530.520000000004,0.953608955761187,0.0944444444444444,0.1013888888888888,0.0147058823529411,0.0136986301369863,-0.0010072522159548,0.0,0.0,0.0,0.3056228976375379,-0.1398066075745366,0.0,False,False,1.0,False
re2tt_ts-auth-service_cpu_2,cpu,ts-auth-service,direct::GET /api/v1/adminbasicservice/adminbasic/configs,GET /api/v1/adminbasicservice/adminbasic/configs (direct),GET /api/v1/adminbasicservice/adminbasic/configs,111,108,9501.0,11258.0,17120.00000000003,9443.0,11834.649999999996,16198.579999999984,1.0512213537040322,0.1542176441657103,0.1500002083336226,0.018018018018018,0.0,-0.018018018018018,0.0,0.0,0.0,1.0,0.0192692692692693,0.0192692692692693,False,False,1.0,False
re2tt_ts-auth-service_cpu_2,cpu,ts-auth-service,direct::GET /api/v1/adminbasicservice/adminbasic/prices,GET /api/v1/adminbasicservice/adminbasic/prices (direct),GET /api/v1/adminbasicservice/adminbasic/prices,112,108,9737.5,12805.65,17824.27,9645.0,11430.299999999996,16193.449999999975,0.892598189080601,0.1556069923113473,0.1500002083336226,0.0178571428571428,0.0,-0.0178571428571428,0.0,0.0,0.0,0.5788700192572489,-0.0827546296296296,0.0,False,False,1.0,False
re2tt_ts-auth-service_cpu_2,cpu,ts-auth-service,direct::GET /api/v1/admintravelservice/admintravel,GET /api/v1/admintravelservice/admintravel (direct),GET /api/v1/admintravelservice/admintravel,111,109,121239.0,135229.0,139421.4,123452.0,153036.39999999997,208867.92,1.1316832927848317,0.1542176441657103,0.1513890991515266,0.018018018018018,0.110091743119266,0.092073725101248,0.0,0.0,0.0,0.001944478672572,0.2574592941565419,0.2574592941565419,False,False,0.0194447867257203,True
re2tt_ts-auth-service_cpu_2,cpu,ts-auth-service,direct::GET /api/v1/assuranceservice/assurances/types,GET /api/v1/assuranceservice/assurances/types (direct),GET /api/v1/assuranceservice/assurances/types,78,72,3547.0,4370.499999999998,5572.400000000005,3433.0,4256.150000000001,5003.700000000008,0.9738359455439888,0.1083691553596883,0.1000001388890817,0.0128205128205128,0.0138888888888888,0.001068376068376,0.0,0.0,0.0,0.6486786474853603,-0.0934829059829059,0.0,False,False,1.0,False
re2tt_ts-auth-service_cpu_2,cpu,ts-auth-service,direct::GET /api/v1/contactservice/contacts/account/{accountId},GET /api/v1/contactservice/contacts/account/{accountId} (direct),GET /api/v1/contactservice/contacts/account/{accountId},78,72,6251.5,8007.549999999998,10433.020000000031,6139.0,7589.400000000001,10858.830000000053,0.9477805321228092,0.1083691553596883,0.1000001388890817,0.0128205128205128,0.0138888888888888,0.001068376068376,0.0,0.0,0.0,0.6413139986212057,-0.0941951566951566,0.0,False,False,1.0,False
re2tt_ts-auth-service_cpu_2,cpu,ts-auth-service,direct::GET /api/v1/foodservice/foods/{date}/{startStation}/{endStation}/{tripId},GET /api/v1/foodservice/foods/{date}/{startStation}/{endStation}/{tripId} (direct),GET /api/v1/foodservice/foods/{date}/{startStation}/{endStation}/{tripId},248,240,40048.0,49634.09999999999,81665.31000000004,40609.0,73480.45,109422.39999999994,1.4804428810031816,0.3445583401179835,0.3333337962969392,0.0120967741935483,0.0375,0.0254032258064516,0.0,0.0,0.0,0.0891124504698263,0.1051411290322581,0.1051411290322581,False,False,0.6825531838040376,False
re2tt_ts-auth-service_cpu_2,cpu,ts-auth-service,direct::POST /api/v1/inside_pay_service/inside_payment,POST /api/v1/inside_pay_service/inside_payment (direct),POST /api/v1/inside_pay_service/inside_payment,71,76,16574.0,48361.0,58771.39999999999,39724.0,54068.25,59453.5,1.1180134819379253,0.0986437183402291,0.1055557021606974,0.0140845070422535,0.0131578947368421,-0.0009266123054114,0.0,0.0,0.0,0.7431785748677429,0.0856189770200148,0.0856189770200148,False,False,1.0,False
re2tt_ts-auth-service_cpu_2,cpu,ts-auth-service,direct::POST /api/v1/orderOtherService/orderOther/refresh,POST /api/v1/orderOtherService/orderOther/refresh (direct),POST /api/v1/orderOtherService/orderOther/refresh,60,59,238657.0,288377.55,307539.79,297659.0,339400.9,359607.76,1.1769324623223965,0.0833608887382218,0.0819445582563309,0.0166666666666666,0.3728813559322034,0.3562146892655367,0.0,0.0,0.0,3.908063232001933e-16,0.8745762711864407,0.8745762711864407,False,False,4.689675878402319e-15,True
re2tt_ts-auth-service_cpu_2,cpu,ts-auth-service,direct::POST /api/v1/orderservice/order/refresh,POST /api/v1/orderservice/order/refresh (direct),POST /api/v1/orderservice/order/refresh,93,94,380718.0,443319.2,487748.16,460456.5,532159.9999999999,843204.7099999996,1.200399170620176,0.1292093775442438,0.1305557368829679,0.010752688172043,0.202127659574468,0.191374971402425,0.0,0.0,0.0,8.093496490383142e-25,0.8766872569206132,0.8766872569206132,False,False,1.1330895086536398e-23,True
re2tt_ts-auth-service_cpu_2,cpu,ts-auth-service,direct::POST /api/v1/preserveotherservice/preserveOther,POST /api/v1/preserveotherservice/preserveOther (direct),POST /api/v1/preserveotherservice/preserveOther,25,30,464125.0,494457.8,507861.52,483160.0,728537.95,751983.31,1.473407740761699,0.0347337036409257,0.0416667245371174,0.04,0.3333333333333333,0.2933333333333333,0.0,0.0,0.0,0.0070959621575301,0.4613333333333334,0.4613333333333334,False,False,0.0638636594177713,False
re2tt_ts-auth-service_cpu_2,cpu,ts-auth-service,direct::POST /api/v1/preserveservice/preserve,POST /api/v1/preserveservice/preserve (direct),POST /api/v1/preserveservice/preserve,53,42,448722.0,499638.4,542549.9199999997,456761.0,526245.35,1194758.63,1.0532524121444629,0.0736354517187626,0.0583334143519643,0.0188679245283018,0.0476190476190476,0.0287511230907457,0.0,0.0,0.0,0.0853191479755047,0.2434860736747528,0.2434860736747528,False,False,0.6825531838040376,False
re2tt_ts-auth-service_cpu_2,cpu,ts-auth-service,direct::POST /api/v1/travel2service/trips/left,POST /api/v1/travel2service/trips/left (direct),POST /api/v1/travel2service/trips/left,917,866,277442.0,306525.4,326180.32,285651.0,473934.0,726074.9500000011,1.5461491935089229,1.2740322495491567,1.2027794483047891,0.0109051254089422,0.0946882217090069,0.0837830963000647,0.0,0.0,0.0,4.9249765589671625e-21,0.2595117626762637,0.2595117626762637,False,False,6.402469526657312e-20,True
re2tt_ts-auth-service_cpu_2,cpu,ts-auth-service,direct::POST /api/v1/travelservice/trips/left,POST /api/v1/travelservice/trips/left (direct),POST /api/v1/travelservice/trips/left,284,249,588958.5,653703.3999999998,672909.0200000003,616835.0,1089689.9999999998,1647056.8,1.666948649800506,0.3945748733609165,0.3458338136580745,0.0105633802816901,0.1285140562248996,0.1179506759432094,0.0,0.0,0.0,1.8741727324707197e-08,0.2880819050851293,0.2880819050851293,False,False,2.0615900057177915e-07,True
re2tt_ts-auth-service_cpu_2,cpu,ts-auth-service,direct::POST /api/v1/users/login,POST /api/v1/users/login (direct),POST /api/v1/users/login,1003,948,220037.0,616182.5999999999,890985.1200000001,747786.5,1688956.95,2201995.22,2.741000719591888,1.3935161900739412,1.3166684953729102,0.0109670987038883,0.3554852320675105,0.3445181333636222,0.0,0.0,0.0,1.3588266331409838e-271,0.921606488551224,0.921606488551224,False,False,2.038239949711476e-270,True
re2tt_ts-auth-service_cpu_2,cpu,ts-auth-service,direct::PUT /api/v1/consignservice/consigns,PUT /api/v1/consignservice/consigns (direct),PUT /api/v1/consignservice/consigns,81,77,21313.0,26176.0,47536.6000000002,20293.0,26803.8,32143.879999999983,1.02398380195599,0.1125371997965994,0.1069445929786013,0.0123456790123456,0.0,-0.0123456790123456,0.0,0.0,0.0,0.1609283090398795,-0.1612954946288279,0.0,False,False,0.9655698542392774,False
re2tt_ts-auth-service_cpu_3,cpu,ts-auth-service,direct::GET /api/v1/adminbasicservice/adminbasic/configs,GET /api/v1/adminbasicservice/adminbasic/configs (direct),GET /api/v1/adminbasicservice/adminbasic/configs,114,106,9270.5,12332.849999999997,16356.69,9501.0,12269.5,16786.15,0.9948633122108842,0.1583337731493698,0.1472424680615807,0.0175438596491228,0.0283018867924528,0.01075802714333,0.0,0.0,0.0,1.0,0.0238331678252234,0.0238331678252234,False,False,1.0,False
re2tt_ts-auth-service_cpu_3,cpu,ts-auth-service,direct::GET /api/v1/adminbasicservice/adminbasic/prices,GET /api/v1/adminbasicservice/adminbasic/prices (direct),GET /api/v1/adminbasicservice/adminbasic/prices,115,105,9566.0,11504.4,12896.06,9620.0,11408.6,14620.91999999998,0.9916727512951568,0.1597226658962941,0.1458533881742073,0.017391304347826,0.019047619047619,0.0016563146997929,0.0,0.0,0.0,1.0,-0.0101863354037267,0.0,False,False,1.0,False
re2tt_ts-auth-service_cpu_3,cpu,ts-auth-service,direct::GET /api/v1/admintravelservice/admintravel,GET /api/v1/admintravelservice/admintravel (direct),GET /api/v1/admintravelservice/admintravel,114,105,121115.0,137700.9,144438.96,125047.0,141802.2,159141.39999999997,1.0297841190580457,0.1583337731493698,0.1458533881742073,0.0175438596491228,0.0476190476190476,0.0300751879699248,0.0,0.0,0.0,0.0006627255522344,0.2810359231411863,0.2810359231411863,False,False,0.0066272555223448,True
re2tt_ts-auth-service_cpu_3,cpu,ts-auth-service,direct::GET /api/v1/assuranceservice/assurances/types,GET /api/v1/assuranceservice/assurances/types (direct),GET /api/v1/assuranceservice/assurances/types,63,84,3372.0,4027.4,4506.56,3151.5,4022.55,12610.190000000002,0.998795749118538,0.0875002430562307,0.1166827105393658,0.0158730158730158,0.0238095238095238,0.0079365079365079,0.0,0.0,0.0,0.0009746073522611,-0.3369236583522298,0.0,False,False,0.0087714661703499,False
re2tt_ts-auth-service_cpu_3,cpu,ts-auth-service,direct::GET /api/v1/contactservice/contacts/account/{accountId},GET /api/v1/contactservice/contacts/account/{accountId} (direct),GET /api/v1/contactservice/contacts/account/{accountId},63,84,5933.0,7099.7,10350.48000000002,5534.0,6812.849999999999,9258.03000000002,0.959596884375396,0.0875002430562307,0.1166827105393658,0.0158730158730158,0.0119047619047619,-0.0039682539682539,0.0,0.0,0.0,0.0001540821998172,-0.3818972033257747,0.0,False,False,0.0016949041979894,False
re2tt_ts-auth-service_cpu_3,cpu,ts-auth-service,direct::GET /api/v1/foodservice/foods/{date}/{startStation}/{endStation}/{tripId},GET /api/v1/foodservice/foods/{date}/{startStation}/{endStation}/{tripId} (direct),GET /api/v1/foodservice/foods/{date}/{startStation}/{endStation}/{tripId},254,221,39447.0,48947.6,77048.44999999995,39691.0,48744.0,80022.20000000027,0.9958404497871192,0.3527787577187714,0.306986655109522,0.0118110236220472,0.0135746606334841,0.0017636370114369,0.0,0.0,0.0,0.0881290719310191,0.1070652367549078,0.1070652367549078,False,False,0.705032575448153,False
re2tt_ts-auth-service_cpu_3,cpu,ts-auth-service,direct::POST /api/v1/inside_pay_service/inside_payment,POST /api/v1/inside_pay_service/inside_payment (direct),POST /api/v1/inside_pay_service/inside_payment,82,78,40897.0,56988.7,103808.3,36821.0,56475.79999999999,109044.70000000036,0.9909999701695246,0.1138892052477923,0.1083482312151254,0.0121951219512195,0.0128205128205128,0.0006253908692933,0.0,0.0,0.0,0.8909761472142543,-0.0700437773608505,0.0,False,False,1.0,False
re2tt_ts-auth-service_cpu_3,cpu,ts-auth-service,direct::POST /api/v1/orderOtherService/orderOther/refresh,POST /api/v1/orderOtherService/orderOther/refresh (direct),POST /api/v1/orderOtherService/orderOther/refresh,56,51,342955.5,405909.75,418030.70000000007,395940.0,444621.5,463802.0,1.095370337864513,0.0777779938277606,0.0708430742560435,0.0178571428571428,0.2549019607843137,0.2370448179271708,0.0,0.0,0.0,1.3970270449684234e-11,0.7703081232492996,0.7703081232492996,False,False,1.8161351584589503e-10,True
re2tt_ts-auth-service_cpu_3,cpu,ts-auth-service,direct::POST /api/v1/orderservice/order/refresh,POST /api/v1/orderservice/order/refresh (direct),POST /api/v1/orderservice/order/refresh,82,89,521630.5,588618.6,606483.1499999999,607420.0,679841.8,698430.3200000001,1.154978452940495,0.1138892052477923,0.1236281099762328,0.0121951219512195,0.5056179775280899,0.4934228555768704,0.0,0.0,0.0,4.9803071163882257e-23,0.8821594957522609,0.8821594957522609,False,False,6.972429962943516e-22,True
re2tt_ts-auth-service_cpu_3,cpu,ts-auth-service,direct::POST /api/v1/preserveotherservice/preserveOther,POST /api/v1/preserveotherservice/preserveOther (direct),POST /api/v1/preserveotherservice/preserveOther,29,35,482969.0,534720.6,544613.64,486568.0,602072.7999999999,642145.5399999998,1.125957743165309,0.0402778896608046,0.048617796058069,0.0344827586206896,0.1142857142857142,0.0798029556650246,0.0,0.0,0.0,0.2831050146043534,0.2157635467980294,0.2157635467980294,False,False,1.0,False
re2tt_ts-auth-service_cpu_3,cpu,ts-auth-service,direct::POST /api/v1/preserveservice/preserve,POST /api/v1/preserveservice/preserve (direct),POST /api/v1/preserveservice/preserve,34,49,461269.0,554614.5499999998,615111.18,468835.0,539593.9999999999,588688.5599999998,0.9729171367754418,0.047222353395426,0.0680649144812967,0.0294117647058823,0.0,-0.0294117647058823,0.0,0.0,0.0,0.4259128160624159,0.162064825930372,0.162064825930372,False,False,1.0,False
re2tt_ts-auth-service_cpu_3,cpu,ts-auth-service,direct::POST /api/v1/travel2service/trips/left,POST /api/v1/travel2service/trips/left (direct),POST /api/v1/travel2service/trips/left,929,877,281079.0,315693.0,345715.7200000001,287470.0,324338.6,364188.5200000002,1.027386099786818,1.2902813618926718,1.2182230612264742,0.0107642626480086,0.0159635119726339,0.0051992493246253,0.0,0.0,0.0,3.1974184883040284e-07,0.1424994446033241,0.1424994446033241,False,False,3.836902185964834e-06,False
re2tt_ts-auth-service_cpu_3,cpu,ts-auth-service,direct::POST /api/v1/travelservice/trips/left,POST /api/v1/travelservice/trips/left (direct),POST /api/v1/travelservice/trips/left,257,248,617418.0,688692.0,734599.12,609431.5,677952.4499999998,871533.02,0.9844058737432696,0.3569454359595443,0.3444918120686039,0.0116731517509727,0.0201612903225806,0.0084881385716078,0.0,0.0,0.0,0.791304625593525,0.0437115601857662,0.0437115601857662,False,False,1.0,False
re2tt_ts-auth-service_cpu_3,cpu,ts-auth-service,direct::POST /api/v1/users/login,POST /api/v1/users/login (direct),POST /api/v1/users/login,1014,950,220788.5,714823.8999999997,1073735.82,765968.0,1509465.3,1835744.13,2.111660368378842,1.408337245381237,1.3196258930047329,0.0108481262327416,0.2210526315789473,0.2102045053462057,0.0,0.0,0.0,2.3801505279750308e-247,0.8764185611958892,0.8764185611958892,False,False,3.5702257919625463e-246,True
re2tt_ts-auth-service_cpu_3,cpu,ts-auth-service,direct::PUT /api/v1/consignservice/consigns,PUT /api/v1/consignservice/consigns (direct),PUT /api/v1/consignservice/consigns,57,62,20146.0,23661.599999999995,47135.879999999896,20234.0,28894.64999999998,32688.85,1.2211621361192813,0.0791668865746849,0.0861229530171509,0.0175438596491228,0.0,-0.0175438596491228,0.0,0.0,0.0,1.0,-0.0353706847764572,0.0,False,False,1.0,False
re2tt_ts-auth-service_delay_1,delay,ts-auth-service,direct::GET /api/v1/adminbasicservice/adminbasic/configs,GET /api/v1/adminbasicservice/adminbasic/configs (direct),GET /api/v1/adminbasicservice/adminbasic/configs,103,94,9668.0,16668.099999999988,18836.380000000005,8874.5,11136.4,12241.88999999998,0.6681265411174644,0.1430559529332025,0.1305557368829679,0.0194174757281553,0.0,-0.0194174757281553,0.0,0.0,0.0,2.516270029706308e-06,-0.4002272257797975,0.0,False,False,2.516270029706308e-05,False
re2tt_ts-auth-service_delay_1,delay,ts-auth-service,direct::GET /api/v1/adminbasicservice/adminbasic/prices,GET /api/v1/adminbasicservice/adminbasic/prices (direct),GET /api/v1/adminbasicservice/adminbasic/prices,102,92,9988.5,15712.05,16673.32,9276.0,13003.4,15604.810000000003,0.8276068367908709,0.1416670601862782,0.12777795524716,0.0196078431372549,0.0,-0.0196078431372549,0.0,0.0,0.0,0.0008846454624573,-0.2925191815856778,0.0,False,False,0.0061925182372013,False
re2tt_ts-auth-service_delay_1,delay,ts-auth-service,direct::GET /api/v1/admintravelservice/admintravel,GET /api/v1/admintravelservice/admintravel (direct),GET /api/v1/admintravelservice/admintravel,99,89,148717.0,165697.8,171666.12,138671.0,154751.4,163785.76000000004,0.9339375658578448,0.1375003819455054,0.1236112827934483,0.0101010101010101,0.0,-0.0101010101010101,0.0,0.0,0.0,1.8074403658307e-11,-0.5768925207127454,0.0,False,False,1.9881844024137696e-10,False
re2tt_ts-auth-service_delay_1,delay,ts-auth-service,direct::GET /api/v1/assuranceservice/assurances/types,GET /api/v1/assuranceservice/assurances/types (direct),GET /api/v1/assuranceservice/assurances/types,68,63,2815.0,3311.55,6485.609999999986,2458.0,3163.0,4023.3,0.9551418520028386,0.0944447067908521,0.0875001215279465,0.0147058823529411,0.0,-0.0147058823529411,0.0,0.0,0.0,6.407499888493809e-06,-0.4722222222222222,0.0,False,False,5.125999910795047e-05,False
re2tt_ts-auth-service_delay_1,delay,ts-auth-service,direct::GET /api/v1/contactservice/contacts/account/{accountId},GET /api/v1/contactservice/contacts/account/{accountId} (direct),GET /api/v1/contactservice/contacts/account/{accountId},64,54,4899.5,6057.949999999999,8604.119999999986,4681.5,5625.65,8335.229999999994,0.9286392261408564,0.088889135803155,0.0750001041668113,0.015625,0.0185185185185185,0.0028935185185185,0.0,0.0,0.0,0.1786927737216282,-0.1822916666666666,0.0,False,False,0.714771094886513,False
re2tt_ts-auth-service_delay_1,delay,ts-auth-service,direct::GET /api/v1/foodservice/foods/{date}/{startStation}/{endStation}/{tripId},GET /api/v1/foodservice/foods/{date}/{startStation}/{endStation}/{tripId} (direct),GET /api/v1/foodservice/foods/{date}/{startStation}/{endStation}/{tripId},215,192,42324.0,51932.19999999999,58370.75999999997,39694.5,47072.95,49139.990000000005,0.9064308848845226,0.2986119405887238,0.2666670370375514,0.013953488372093,0.0,-0.013953488372093,0.0,0.0,0.0,5.685434498741599e-14,-0.4365552325581395,0.0,False,False,7.391064848364078e-13,False
re2tt_ts-auth-service_delay_1,delay,ts-auth-service,direct::POST /api/v1/inside_pay_service/inside_payment,POST /api/v1/inside_pay_service/inside_payment (direct),POST /api/v1/inside_pay_service/inside_payment,67,52,18695.0,56471.9,59292.70000000002,13166.0,61936.99999999999,114586.25000000004,1.0967755644842831,0.0930558140439278,0.0722223225310035,0.0149253731343283,0.0769230769230769,0.0619977037887485,0.0,0.0,0.0,0.2341980544297037,-0.1681974741676234,0.0,False,False,0.714771094886513,False
re2tt_ts-auth-service_delay_1,delay,ts-auth-service,direct::POST /api/v1/orderOtherService/orderOther/refresh,POST /api/v1/orderOtherService/orderOther/refresh (direct),POST /api/v1/orderOtherService/orderOther/refresh,52,50,895366.5,1012242.2499999998,1055549.94,879505.5,963696.05,1006185.6999999998,0.9520409269619008,0.0722224228400634,0.0694445408951956,0.0192307692307692,0.0,-0.0192307692307692,0.0,0.0,0.0,0.8017088095043516,-0.0969230769230768,0.0,False,False,1.0,False
re2tt_ts-auth-service_delay_1,delay,ts-auth-service,direct::POST /api/v1/orderservice/order/refresh,POST /api/v1/orderservice/order/refresh (direct),POST /api/v1/orderservice/order/refresh,84,71,1348790.5,1447949.2,1521433.69,1362133.0,1496107.0,1550248.7999999996,1.033259316003628,0.1166669907416409,0.0986112480711778,0.0119047619047619,0.0140845070422535,0.0021797451374916,0.0,0.0,0.0,0.0541430468133736,0.2065727699530517,0.2065727699530517,False,False,0.2707152340668681,False
re2tt_ts-auth-service_delay_1,delay,ts-auth-service,direct::POST /api/v1/preserveotherservice/preserveOther,POST /api/v1/preserveotherservice/preserveOther (direct),POST /api/v1/preserveotherservice/preserveOther,25,20,573292.0,630455.6,635797.72,547630.0,577426.55,586722.11,0.9158877326174912,0.0347223186731074,0.0277778163580782,0.04,0.0,-0.04,0.0,0.0,0.0,0.0049478391408985,-0.532,0.0,False,False,0.0296870348453914,False
re2tt_ts-auth-service_delay_1,delay,ts-auth-service,direct::POST /api/v1/preserveservice/preserve,POST /api/v1/preserveservice/preserve (direct),POST /api/v1/preserveservice/preserve,40,35,576033.5,627516.25,821428.4199999998,543751.0,608331.0,763981.5399999992,0.969426688153494,0.0555557098769718,0.0486111786266369,0.025,0.0285714285714285,0.0035714285714285,0.0,0.0,0.0,4.956306517865982e-06,-0.6342857142857143,0.0,False,False,4.460675866079384e-05,False
re2tt_ts-auth-service_delay_1,delay,ts-auth-service,direct::POST /api/v1/travel2service/trips/left,POST /api/v1/travel2service/trips/left (direct),POST /api/v1/travel2service/trips/left,735,731,319546.0,367064.4,396359.44,304582.0,345623.0,366676.4,0.9415868169182302,1.020836168989358,1.015279187887761,0.0108843537414965,0.0027359781121751,-0.0081483756293214,0.0,0.0,0.0,5.884299888998963e-29,-0.3387587593176805,0.0,False,False,8.238019844598547e-28,False
re2tt_ts-auth-service_delay_1,delay,ts-auth-service,direct::POST /api/v1/travelservice/trips/left,POST /api/v1/travelservice/trips/left (direct),POST /api/v1/travelservice/trips/left,217,234,690935.0,767615.7999999999,815974.6,648727.0,716132.35,744722.7799999999,0.9329307056993876,0.3013897260825724,0.3250004513895158,0.0138248847926267,0.0,-0.0138248847926267,0.0,0.0,0.0,1.6020746509973136e-12,-0.3900901965418094,0.0,False,False,1.9224895811967764e-11,False
re2tt_ts-auth-service_delay_1,delay,ts-auth-service,direct::POST /api/v1/users/login,POST /api/v1/users/login (direct),POST /api/v1/users/login,822,803,124779.0,271513.5499999998,368925.79999999993,516303.0,631903.7,738074.1400000005,2.327337622744796,1.141669837971772,1.1152793267768426,0.010948905109489,1.0,0.9890510948905108,0.0,0.0,0.0,1.626808952157488e-266,1.0,1.0,False,False,2.440213428236232e-265,True
re2tt_ts-auth-service_delay_1,delay,ts-auth-service,direct::PUT /api/v1/consignservice/consigns,PUT /api/v1/consignservice/consigns (direct),PUT /api/v1/consignservice/consigns,66,62,17771.5,22844.75,27389.299999999974,17741.5,21187.55,26174.770000000004,0.927458168725856,0.0916669212970036,0.0861112307100426,0.0151515151515151,0.0161290322580645,0.0009775171065493,0.0,0.0,0.0,1.0,-0.0584066471163244,0.0,False,False,1.0,False
re2tt_ts-auth-service_delay_2,delay,ts-auth-service,direct::GET /api/v1/adminbasicservice/adminbasic/configs,GET /api/v1/adminbasicservice/adminbasic/configs (direct),GET /api/v1/adminbasicservice/adminbasic/configs,112,109,13805.5,18826.04999999998,22666.17,11745.0,18479.4,30929.880000000005,0.981586684408042,0.1555633337222416,0.1514042395965146,0.0178571428571428,0.036697247706422,0.0188401048492791,0.0,0.0,0.0,1.087811234726846e-15,-0.6308158584534731,0.0,False,False,9.790301112541612e-15,False
re2tt_ts-auth-service_delay_2,delay,ts-auth-service,direct::GET /api/v1/adminbasicservice/adminbasic/prices,GET /api/v1/adminbasicservice/adminbasic/prices (direct),GET /api/v1/adminbasicservice/adminbasic/prices,111,109,15500.0,23758.5,37133.20000000007,12425.0,16769.999999999996,23626.960000000006,0.7058526422122607,0.1541743753854359,0.1514042395965146,0.018018018018018,0.0091743119266055,-0.0088437060914125,0.0,0.0,0.0,3.150008327892299e-18,-0.6855111992726672,0.0,False,False,3.150008327892299e-17,False
re2tt_ts-auth-service_delay_2,delay,ts-auth-service,direct::GET /api/v1/admintravelservice/admintravel,GET /api/v1/admintravelservice/admintravel (direct),GET /api/v1/admintravelservice/admintravel,112,108,158056.0,447893.4999999994,512895.39,131780.0,258324.24999999988,305215.0799999999,0.5767537372165487,0.1555633337222416,0.1500152098754457,0.0178571428571428,0.0,-0.0178571428571428,0.0,0.0,0.0,5.881177711271323e-14,-0.5932539682539683,0.0,False,False,4.116824397889927e-13,False
re2tt_ts-auth-service_delay_2,delay,ts-auth-service,direct::GET /api/v1/assuranceservice/assurances/types,GET /api/v1/assuranceservice/assurances/types (direct),GET /api/v1/assuranceservice/assurances/types,67,80,5958.0,9452.2,13179.260000000017,4597.5,5610.3,6680.609999999979,0.5935443600431647,0.0930602085659838,0.1111223776855153,0.0149253731343283,0.0,-0.0149253731343283,0.0,0.0,0.0,2.7433737084399356e-18,-0.8444029850746269,0.0,False,False,3.017711079283929e-17,False
re2tt_ts-auth-service_delay_2,delay,ts-auth-service,direct::GET /api/v1/contactservice/contacts/account/{accountId},GET /api/v1/contactservice/contacts/account/{accountId} (direct),GET /api/v1/contactservice/contacts/account/{accountId},67,80,11040.0,15331.8,39417.68000000017,8611.5,11686.35,20150.43999999997,0.762229483817947,0.0930602085659838,0.1111223776855153,0.0149253731343283,0.0,-0.0149253731343283,0.0,0.0,0.0,1.6066676546570968e-14,-0.7453358208955223,0.0,False,False,1.2853341237256777e-13,False
re2tt_ts-auth-service_delay_2,delay,ts-auth-service,direct::GET /api/v1/foodservice/foods/{date}/{startStation}/{endStation}/{tripId},GET /api/v1/foodservice/foods/{date}/{startStation}/{endStation}/{tripId} (direct),GET /api/v1/foodservice/foods/{date}/{startStation}/{endStation}/{tripId},254,279,53662.0,118840.8,186472.86,44777.0,93234.0,111997.9399999999,0.784528545751964,0.3527954175486552,0.3875392921782347,0.0118110236220472,0.0,-0.0118110236220472,0.0,0.0,0.0,6.64912509520568e-38,-0.6477012954025908,0.0,False,False,8.643862623767384e-37,False
re2tt_ts-auth-service_delay_2,delay,ts-auth-service,direct::POST /api/v1/inside_pay_service/inside_payment,POST /api/v1/inside_pay_service/inside_payment (direct),POST /api/v1/inside_pay_service/inside_payment,68,84,45428.0,142613.0,178813.49999999997,39617.5,112206.55,145218.19000000003,0.786790474921641,0.0944491669027895,0.1166784965697911,0.0147058823529411,0.0,-0.0147058823529411,0.0,0.0,0.0,0.0116038672767179,-0.2608543417366946,0.0,False,False,0.0116038672767179,False
re2tt_ts-auth-service_delay_2,delay,ts-auth-service,direct::POST /api/v1/orderOtherService/orderOther/refresh,POST /api/v1/orderOtherService/orderOther/refresh (direct),POST /api/v1/orderOtherService/orderOther/refresh,56,60,40276.5,80670.75,112605.75000000016,73300.0,90859.49999999994,126237.22999999986,1.1263004248751864,0.0777816668611208,0.0833417832641365,0.0178571428571428,0.0166666666666666,-0.0011904761904761,0.0,0.0,0.0,1.7849267858057506e-13,0.8035714285714286,0.8035714285714286,False,False,1.0709560714834505e-12,True
re2tt_ts-auth-service_delay_2,delay,ts-auth-service,direct::POST /api/v1/orderservice/order/refresh,POST /api/v1/orderservice/order/refresh (direct),POST /api/v1/orderservice/order/refresh,95,92,53608.0,75376.4,103635.18000000002,102515.0,137589.6,152217.92000000004,1.8253670910258384,0.1319510419965442,0.1277907343383426,0.0105263157894736,0.4891304347826087,0.478604118993135,0.0,0.0,0.0,3.901530606494609e-29,0.9540045766590388,0.9540045766590388,False,False,4.68183672779353e-28,True
re2tt_ts-auth-service_delay_2,delay,ts-auth-service,direct::POST /api/v1/preserveotherservice/preserveOther,POST /api/v1/preserveotherservice/preserveOther (direct),POST /api/v1/preserveotherservice/preserveOther,28,32,630042.0,1122232.1499999997,1659200.6500000004,480379.5,665859.7499999999,846295.3300000002,0.593335122327408,0.0388908334305604,0.0444489510742061,0.0357142857142857,0.0,-0.0357142857142857,0.0,0.0,0.0,2.389555279550864e-05,-0.6607142857142857,0.0,False,False,7.168665838652593e-05,False
re2tt_ts-auth-service_delay_2,delay,ts-auth-service,direct::POST /api/v1/preserveservice/preserve,POST /api/v1/preserveservice/preserve (direct),POST /api/v1/preserveservice/preserve,39,48,589611.0,1282392.5000000005,1638953.2399999995,490591.5,905716.4,1119349.9600000004,0.7062708180217832,0.0541693751354234,0.0666734266113092,0.0256410256410256,0.0,-0.0256410256410256,0.0,0.0,0.0,0.0007324330187352,-0.4465811965811965,0.0,False,False,0.0014648660374704,False
re2tt_ts-auth-service_delay_2,delay,ts-auth-service,direct::POST /api/v1/travel2service/trips/left,POST /api/v1/travel2service/trips/left (direct),POST /api/v1/travel2service/trips/left,893,875,314275.0,689925.7999999999,968308.3600000014,270895.0,347767.9999999998,503165.01999999984,0.5040657995396025,1.240339794767516,1.215401005935324,0.0100783874580067,0.0,-0.0100783874580067,0.0,0.0,0.0,9.36197988556731e-100,-0.5833063509838425,0.0,False,False,1.3106771839794232e-98,False
re2tt_ts-auth-service_delay_2,delay,ts-auth-service,direct::POST /api/v1/travelservice/trips/left,POST /api/v1/travelservice/trips/left (direct),POST /api/v1/travelservice/trips/left,308,246,709986.0,1785820.25,2304705.2200000007,650958.5,963779.75,1293455.6000000006,0.5396846351137523,0.4277991677361645,0.3417013113829596,0.0129870129870129,0.0,-0.0129870129870129,0.0,0.0,0.0,1.849859300952061e-10,-0.320148347587372,0.0,False,False,9.249296504760305e-10,False
re2tt_ts-auth-service_delay_2,delay,ts-auth-service,direct::POST /api/v1/users/login,POST /api/v1/users/login (direct),POST /api/v1/users/login,976,951,231933.5,809608.25,1165745.0,626281.0,1109865.0,1416273.5,1.370866712388368,1.3556233367223915,1.3209672647365636,0.0102459016393442,0.0410094637223974,0.0307635620830532,0.0,0.0,0.0,1.095604748481112e-224,0.8425966627019013,0.8425966627019013,False,False,1.6434071227216678e-223,True
re2tt_ts-auth-service_delay_2,delay,ts-auth-service,direct::PUT /api/v1/consignservice/consigns,PUT /api/v1/consignservice/consigns (direct),PUT /api/v1/consignservice/consigns,83,68,29376.0,85258.29999999999,102127.38,23892.5,36914.95,58939.63999999993,0.4329777863269617,0.1152835419548755,0.094454021032688,0.0120481927710843,0.0,-0.0120481927710843,0.0,0.0,0.0,3.6620137729543407e-10,-0.6041814316087881,0.0,False,False,1.4648055091817363e-09,False
re2tt_ts-auth-service_delay_3,delay,ts-auth-service,direct::GET /api/v1/adminbasicservice/adminbasic/configs,GET /api/v1/adminbasicservice/adminbasic/configs (direct),GET /api/v1/adminbasicservice/adminbasic/configs,156,161,12898.5,18647.75,44030.04999999978,10493.0,16333.0,23529.200000000044,0.8758697429984851,0.2166666666666666,0.2236331638258772,0.0128205128205128,0.0,-0.0128205128205128,0.0,0.0,0.0,4.753335267246124e-26,-0.6900382226469183,0.0,False,False,4.278001740521512e-25,False
re2tt_ts-auth-service_delay_3,delay,ts-auth-service,direct::GET /api/v1/adminbasicservice/adminbasic/prices,GET /api/v1/adminbasicservice/adminbasic/prices (direct),GET /api/v1/adminbasicservice/adminbasic/prices,158,160,13964.5,22689.1,79251.26000000005,11143.0,14485.999999999987,38856.47999999984,0.6384563512876221,0.2194444444444444,0.2222441379636047,0.0126582278481012,0.0,-0.0126582278481012,0.0,0.0,0.0,8.587783628869513e-30,-0.7392405063291139,0.0,False,False,9.446561991756463e-29,False
re2tt_ts-auth-service_delay_3,delay,ts-auth-service,direct::GET /api/v1/admintravelservice/admintravel,GET /api/v1/admintravelservice/admintravel (direct),GET /api/v1/admintravelservice/admintravel,156,161,172699.5,529044.75,798564.4999999987,138103.0,192289.0,338634.80000000005,0.3634645273391334,0.2166666666666666,0.2236331638258772,0.0128205128205128,0.0,-0.0128205128205128,0.0,0.0,0.0,8.8262589616649e-28,-0.7138079311992356,0.0,False,False,8.826258961664899e-27,False
re2tt_ts-auth-service_delay_3,delay,ts-auth-service,direct::GET /api/v1/assuranceservice/assurances/types,GET /api/v1/assuranceservice/assurances/types (direct),GET /api/v1/assuranceservice/assurances/types,94,73,6248.5,13147.94999999998,67792.57999999991,4586.0,5759.999999999999,13671.2,0.4380911092603796,0.1305555555555555,0.1013988879458946,0.0106382978723404,0.0,-0.0106382978723404,0.0,0.0,0.0,1.1343884827019092e-18,-0.8039930049548236,0.0,False,False,9.075107861615274e-18,False
re2tt_ts-auth-service_delay_3,delay,ts-auth-service,direct::GET /api/v1/contactservice/contacts/account/{accountId},GET /api/v1/contactservice/contacts/account/{accountId} (direct),GET /api/v1/contactservice/contacts/account/{accountId},94,73,10254.5,15305.15,24044.62999999963,7701.0,9490.999999999996,29891.88000000004,0.6201180648343856,0.1305555555555555,0.1013988879458946,0.0106382978723404,0.0136986301369863,0.0030603322646458,0.0,0.0,0.0,2.7567638366803035e-17,-0.771349460798601,0.0,False,False,1.9297346856762123e-16,False
re2tt_ts-auth-service_delay_3,delay,ts-auth-service,direct::GET /api/v1/foodservice/foods/{date}/{startStation}/{endStation}/{tripId},GET /api/v1/foodservice/foods/{date}/{startStation}/{endStation}/{tripId} (direct),GET /api/v1/foodservice/foods/{date}/{startStation}/{endStation}/{tripId},248,250,60217.0,164668.54999999993,293755.15,46215.0,76524.14999999995,114855.26999999996,0.4647162436300069,0.3444444444444444,0.3472564655681324,0.0120967741935483,0.0,-0.0120967741935483,0.0,0.0,0.0,3.505188448394257e-43,-0.7161935483870967,0.0,False,False,4.5567449829125337e-42,False
re2tt_ts-auth-service_delay_3,delay,ts-auth-service,direct::POST /api/v1/inside_pay_service/inside_payment,POST /api/v1/inside_pay_service/inside_payment (direct),POST /api/v1/inside_pay_service/inside_payment,83,75,51081.0,175166.6,204793.69999999992,46651.0,107112.69999999998,127245.54000000004,0.6114904325367962,0.1152777777777777,0.1041769396704397,0.0120481927710843,0.0,-0.0120481927710843,0.0,0.0,0.0,0.000394979408316,-0.3436144578313252,0.0,False,False,0.000394979408316,False
re2tt_ts-auth-service_delay_3,delay,ts-auth-service,direct::POST /api/v1/orderOtherService/orderOther/refresh,POST /api/v1/orderOtherService/orderOther/refresh (direct),POST /api/v1/orderOtherService/orderOther/refresh,65,57,61742.0,93196.2,106309.12,106434.0,133867.8,148094.47999999998,1.4364083514134696,0.0902777777777777,0.0791744741495342,0.0153846153846153,0.5087719298245614,0.493387314439946,0.0,0.0,0.0,3.0983511151213176e-17,0.8968960863697706,0.8968960863697706,False,False,1.9297346856762123e-16,True
re2tt_ts-auth-service_delay_3,delay,ts-auth-service,direct::POST /api/v1/orderservice/order/refresh,POST /api/v1/orderservice/order/refresh (direct),POST /api/v1/orderservice/order/refresh,91,110,69823.0,116230.0,127394.29999999996,142460.0,178768.9,209565.14,1.5380616019960422,0.1263888888888888,0.1527928448499782,0.0109890109890109,0.7090909090909091,0.6981018981018982,0.0,0.0,0.0,2.422596260008265e-31,0.96003996003996,0.96003996003996,False,False,2.9071155120099186e-30,True
re2tt_ts-auth-service_delay_3,delay,ts-auth-service,direct::POST /api/v1/preserveotherservice/preserveOther,POST /api/v1/preserveotherservice/preserveOther (direct),POST /api/v1/preserveotherservice/preserveOther,43,25,663576.0,2017434.999999999,2108883.34,498411.0,764273.9999999995,849552.6399999999,0.3788345101577002,0.0597222222222222,0.0347256465568132,0.0232558139534883,0.0,-0.0232558139534883,0.0,0.0,0.0,4.0711571387643706e-05,-0.6241860465116279,0.0,False,False,8.142314277528741e-05,False
re2tt_ts-auth-service_delay_3,delay,ts-auth-service,direct::POST /api/v1/preserveservice/preserve,POST /api/v1/preserveservice/preserve (direct),POST /api/v1/preserveservice/preserve,51,48,622442.0,1119749.5,1807972.5,472914.0,591424.0499999999,655037.23,0.5281753195692429,0.0708333333333333,0.0666732413890814,0.0196078431372549,0.0,-0.0196078431372549,0.0,0.0,0.0,1.6049308540079584e-07,-0.6266339869281046,0.0,False,False,4.814792562023874e-07,False
re2tt_ts-auth-service_delay_3,delay,ts-auth-service,direct::POST /api/v1/travel2service/trips/left,POST /api/v1/travel2service/trips/left (direct),POST /api/v1/travel2service/trips/left,873,860,363601.0,1007894.2,1531261.4799999995,282119.0,412634.5499999999,646275.0199999999,0.4094026436504941,1.2125,1.1945622415543755,0.0103092783505154,0.0,-0.0103092783505154,0.0,0.0,0.0,1.9815648143534656e-120,-0.6482724633048296,0.0,False,False,2.7741907400948523e-119,False
re2tt_ts-auth-service_delay_3,delay,ts-auth-service,direct::POST /api/v1/travelservice/trips/left,POST /api/v1/travelservice/trips/left (direct),POST /api/v1/travelservice/trips/left,279,268,747004.0,1829063.2999999975,2883273.4599999995,649290.5,924356.1999999996,1111737.5599999973,0.5053713559284695,0.3875,0.3722589310890379,0.010752688172043,0.0,-0.010752688172043,0.0,0.0,0.0,2.3198460221848965e-16,-0.4096185737976783,0.0,False,False,1.1599230110924485e-15,False
re2tt_ts-auth-service_delay_3,delay,ts-auth-service,direct::POST /api/v1/users/login,POST /api/v1/users/login (direct),POST /api/v1/users/login,986,996,240015.0,806789.5,1112356.4,629540.0,1085743.75,1507542.9,1.3457584041438315,1.3694444444444445,1.3834697588234397,0.0101419878296146,0.0441767068273092,0.0340347189976946,0.0,0.0,0.0,2.090643679144577e-211,0.8056271740104435,0.8056271740104435,False,False,3.1359655187168664e-210,True
re2tt_ts-auth-service_delay_3,delay,ts-auth-service,direct::PUT /api/v1/consignservice/consigns,PUT /api/v1/consignservice/consigns (direct),PUT /api/v1/consignservice/consigns,73,92,32689.0,89232.79999999993,99590.32,24854.5,78287.70000000001,94464.28,0.8773421880743412,0.1013888888888888,0.1277903793290727,0.0136986301369863,0.0,-0.0136986301369863,0.0,0.0,0.0,5.629720960375e-14,-0.690589636688505,0.0,False,False,2.25188838415e-13,False
re2tt_ts-auth-service_disk_1,disk,ts-auth-service,direct::GET /api/v1/adminbasicservice/adminbasic/configs,GET /api/v1/adminbasicservice/adminbasic/configs (direct),GET /api/v1/adminbasicservice/adminbasic/configs,110,106,12432.5,16735.399999999994,41379.42999999998,11336.0,13270.0,17235.350000000002,0.7929299568579182,0.1529054113225067,0.1472222222222222,0.0181818181818181,0.0,-0.0181818181818181,0.0,0.0,0.0,5.169276411206306e-08,-0.4385934819897084,0.0,False,False,3.6184934878444133e-07,False
re2tt_ts-auth-service_disk_1,disk,ts-auth-service,direct::GET /api/v1/adminbasicservice/adminbasic/prices,GET /api/v1/adminbasicservice/adminbasic/prices (direct),GET /api/v1/adminbasicservice/adminbasic/prices,110,106,13321.5,21012.2,52003.25999999997,12042.0,15636.75,53649.70000000002,0.7441748127278439,0.1529054113225067,0.1472222222222222,0.0181818181818181,0.0188679245283018,0.0006861063464837,0.0,0.0,0.0,1.975066961009395e-07,-0.4198113207547169,0.0,False,False,1.1850401766056367e-06,False
re2tt_ts-auth-service_disk_1,disk,ts-auth-service,direct::GET /api/v1/admintravelservice/admintravel,GET /api/v1/admintravelservice/admintravel (direct),GET /api/v1/admintravelservice/admintravel,109,107,164596.0,301856.5999999999,367567.12000000005,161982.0,187792.49999999997,206736.76,0.6221248765142123,0.1515153621286657,0.1486111111111111,0.018348623853211,0.0,-0.018348623853211,0.0,0.0,0.0,0.1417660276324198,-0.1423304467118237,0.0,False,False,0.368766530180785,False
re2tt_ts-auth-service_disk_1,disk,ts-auth-service,direct::GET /api/v1/assuranceservice/assurances/types,GET /api/v1/assuranceservice/assurances/types (direct),GET /api/v1/assuranceservice/assurances/types,96,81,5275.0,6598.0,7403.749999999996,4314.0,5267.0,7051.000000000001,0.7982722036980904,0.1334447226087331,0.1125,0.0104166666666666,0.0,-0.0104166666666666,0.0,0.0,0.0,1.268850901643041e-15,-0.7061471193415638,0.0,False,False,1.3957359918073452e-14,False
re2tt_ts-auth-service_disk_1,disk,ts-auth-service,direct::GET /api/v1/contactservice/contacts/account/{accountId},GET /api/v1/contactservice/contacts/account/{accountId} (direct),GET /api/v1/contactservice/contacts/account/{accountId},87,81,8971.0,11166.1,12928.86,7913.0,9994.0,24475.000000000065,0.8950304940847744,0.1209342798641644,0.1125,0.0114942528735632,0.0246913580246913,0.0131971051511281,0.0,0.0,0.0,1.241332997830954e-09,-0.553143181495672,0.0,False,False,1.1171996980478584e-08,False
re2tt_ts-auth-service_disk_1,disk,ts-auth-service,direct::GET /api/v1/contactservice/contacts/{id}/,GET /api/v1/contactservice/contacts/{id}/ (direct),GET /api/v1/contactservice/contacts/{id}/,9,0,4556.0,9166.399999999998,10943.68,,,,,0.0125104427445687,0.0,0.1111111111111111,,,0.0,,,,,0.0,True,False,,False
re2tt_ts-auth-service_disk_1,disk,ts-auth-service,direct::GET /api/v1/foodservice/foods/{date}/{startStation}/{endStation}/{tripId},GET /api/v1/foodservice/foods/{date}/{startStation}/{endStation}/{tripId} (direct),GET /api/v1/foodservice/foods/{date}/{startStation}/{endStation}/{tripId},265,252,50252.0,102013.19999999995,167611.96000000005,48348.5,57858.55,103466.95000000004,0.5671672881548665,0.368363036367857,0.35,0.0113207547169811,0.0,-0.0113207547169811,0.0,0.0,0.0,2.0134466529613187e-09,-0.3106169511829889,0.0,False,False,1.6107573223690553e-08,False
re2tt_ts-auth-service_disk_1,disk,ts-auth-service,direct::POST /api/v1/inside_pay_service/inside_payment,POST /api/v1/inside_pay_service/inside_payment (direct),POST /api/v1/inside_pay_service/inside_payment,77,72,51987.0,112246.2,129068.27999999988,36795.5,110021.50000000004,169117.62000000014,0.9801801753645116,0.1070337879257546,0.1,0.0129870129870129,0.0416666666666666,0.0286796536796536,0.0,0.0,0.0,0.2289673060463961,-0.15007215007215,0.0,False,False,0.368766530180785,False
re2tt_ts-auth-service_disk_1,disk,ts-auth-service,direct::POST /api/v1/orderOtherService/orderOther/refresh,POST /api/v1/orderOtherService/orderOther/refresh (direct),POST /api/v1/orderOtherService/orderOther/refresh,55,70,129835.0,168024.4,202353.62000000005,179236.5,210144.4,235565.51000000004,1.2506778777368048,0.0764527056612533,0.0972222222222222,0.0181818181818181,0.0857142857142857,0.0675324675324675,0.0,0.0,0.0,1.3179921364026129e-17,0.9007792207792208,0.9007792207792208,False,False,1.5815905636831354e-16,True
re2tt_ts-auth-service_disk_1,disk,ts-auth-service,direct::POST /api/v1/orderservice/order/refresh,POST /api/v1/orderservice/order/refresh (direct),POST /api/v1/orderservice/order/refresh,104,90,137431.0,192548.4,210604.12,227619.0,285981.05,297180.26,1.4852424117780256,0.1445651161594608,0.125,0.0192307692307692,0.6888888888888889,0.6696581196581196,0.0,0.0,0.0,6.319571490274159e-30,0.952136752136752,0.952136752136752,False,False,8.215442937356405e-29,True
re2tt_ts-auth-service_disk_1,disk,ts-auth-service,direct::POST /api/v1/preserveotherservice/preserveOther,POST /api/v1/preserveotherservice/preserveOther (direct),POST /api/v1/preserveotherservice/preserveOther,36,30,554840.0,801127.75,1180511.6999999995,521147.0,585256.2999999999,598196.74,0.7305405411309244,0.0500417709782749,0.0416666666666666,0.0277777777777777,0.0,-0.0277777777777777,0.0,0.0,0.0,5.536933951363812e-05,-0.6037037037037036,0.0,False,False,0.0002768466975681,False
re2tt_ts-auth-service_disk_1,disk,ts-auth-service,direct::POST /api/v1/preserveservice/preserve,POST /api/v1/preserveservice/preserve (direct),POST /api/v1/preserveservice/preserve,51,51,564402.0,1030384.5,1226173.5,531394.0,746244.5,822774.5,0.7242388642298093,0.0708925088858894,0.0708333333333333,0.0196078431372549,0.0,-0.0196078431372549,0.0,0.0,0.0,0.0411518506632501,-0.2664359861591695,0.0,False,False,0.1646074026530005,False
re2tt_ts-auth-service_disk_1,disk,ts-auth-service,direct::POST /api/v1/travel2service/trips/left,POST /api/v1/travel2service/trips/left (direct),POST /api/v1/travel2service/trips/left,918,856,323952.5,614504.9,832194.11,311463.0,358968.0,452146.4500000003,0.5841580758753917,1.2760651599460104,1.1888888888888889,0.0108932461873638,0.0,-0.0108932461873638,0.0,0.0,0.0,1.2269828276683492e-34,-0.3383727322704782,0.0,False,False,1.717775958735689e-33,False
re2tt_ts-auth-service_disk_1,disk,ts-auth-service,direct::POST /api/v1/travelservice/trips/left,POST /api/v1/travelservice/trips/left (direct),POST /api/v1/travelservice/trips/left,279,257,680147.0,1003334.0999999994,1726397.659999997,717155.0,864323.9999999998,984718.2,0.861451833442121,0.3878237250816306,0.3569444444444444,0.010752688172043,0.0,-0.010752688172043,0.0,0.0,0.0,0.1229221767269283,-0.0934549460970949,0.0,False,False,0.368766530180785,False
re2tt_ts-auth-service_disk_1,disk,ts-auth-service,direct::POST /api/v1/users/login,POST /api/v1/users/login (direct),POST /api/v1/users/login,915,934,296848.0,1201812.2999999998,1862161.1200000008,941642.0,2101724.25,2401267.9,1.7487957562091854,1.2718950123644877,1.2972222222222225,0.0109289617486338,0.0856531049250535,0.0747241431764196,0.0,0.0,0.0,5.094581833439891e-156,0.7155228700810896,0.7155228700810896,False,False,7.641872750159838e-155,True
re2tt_ts-auth-service_disk_1,disk,ts-auth-service,direct::PUT /api/v1/consignservice/consigns,PUT /api/v1/consignservice/consigns (direct),PUT /api/v1/consignservice/consigns,75,88,28657.0,79765.5,93679.16,24893.0,30961.09999999999,99331.43,0.3881515191404804,0.1042536895380727,0.1222222222222222,0.0133333333333333,0.0227272727272727,0.0093939393939393,0.0,0.0,0.0,2.2198078062452729e-10,-0.5872727272727273,0.0,False,False,2.219807806245273e-09,False
re2tt_ts-auth-service_disk_1,disk,ts-auth-service,direct::UserRepository.findByUsername,UserRepository.findByUsername (direct),UserRepository.findByUsername,2,0,448494.0,848608.7999999999,884174.5599999999,,,,,0.0027800983876819,0.0,0.5,,,0.0,,,,,0.0,True,False,,False
re2tt_ts-auth-service_disk_2,disk,ts-auth-service,direct::GET /api/v1/adminbasicservice/adminbasic/configs,GET /api/v1/adminbasicservice/adminbasic/configs (direct),GET /api/v1/adminbasicservice/adminbasic/configs,117,111,13156.0,20096.2,25395.000000000007,11060.0,15520.0,38962.50000000003,0.772285307670107,0.1625395061299621,0.154363480103799,0.017094017094017,0.045045045045045,0.0279510279510279,0.0,0.0,0.0,9.638282537621925e-18,-0.6638176638176638,0.0,False,False,9.638282537621924e-17,False
re2tt_ts-auth-service_disk_2,disk,ts-auth-service,direct::GET /api/v1/adminbasicservice/adminbasic/prices,GET /api/v1/adminbasicservice/adminbasic/prices (direct),GET /api/v1/adminbasicservice/adminbasic/prices,118,110,14145.5,21112.95,27163.94,11868.0,17806.499999999993,56845.68999999999,0.8433923255632204,0.1639287326780814,0.1529728181208819,0.0169491525423728,0.0272727272727272,0.0103235747303543,0.0,0.0,0.0,6.244263103847773e-17,-0.6474576271186441,0.0,False,False,4.995410483078218e-16,False
re2tt_ts-auth-service_disk_2,disk,ts-auth-service,direct::GET /api/v1/admintravelservice/admintravel,GET /api/v1/admintravelservice/admintravel (direct),GET /api/v1/admintravelservice/admintravel,117,110,166867.0,409529.0,598851.88,139146.5,188907.8,220625.13,0.4612806419081432,0.1625395061299621,0.1529728181208819,0.017094017094017,0.0,-0.017094017094017,0.0,0.0,0.0,1.4819749995406391e-18,-0.6815850815850816,0.0,False,False,1.630172499494703e-17,False
re2tt_ts-auth-service_disk_2,disk,ts-auth-service,direct::GET /api/v1/assuranceservice/assurances/types,GET /api/v1/assuranceservice/assurances/types (direct),GET /api/v1/assuranceservice/assurances/types,78,64,6574.0,12730.099999999897,62535.92000000004,5051.5,6537.299999999999,6899.729999999998,0.513530922773588,0.108359670753308,0.0890023669066949,0.0128205128205128,0.0,-0.0128205128205128,0.0,0.0,0.0,7.106312552764441e-16,-0.796875,0.0,False,False,4.974418786935109e-15,False
re2tt_ts-auth-service_disk_2,disk,ts-auth-service,direct::GET /api/v1/contactservice/contacts/account/{accountId},GET /api/v1/contactservice/contacts/account/{accountId} (direct),GET /api/v1/contactservice/contacts/account/{accountId},78,64,9853.5,14097.99999999999,18236.750000000007,7704.5,9712.199999999995,10564.85,0.6889062278337356,0.108359670753308,0.0890023669066949,0.0128205128205128,0.0,-0.0128205128205128,0.0,0.0,0.0,1.283328025388666e-15,-0.789863782051282,0.0,False,False,7.699968152331995e-15,False
re2tt_ts-auth-service_disk_2,disk,ts-auth-service,direct::GET /api/v1/foodservice/foods/{date}/{startStation}/{endStation}/{tripId},GET /api/v1/foodservice/foods/{date}/{startStation}/{endStation}/{tripId} (direct),GET /api/v1/foodservice/foods/{date}/{startStation}/{endStation}/{tripId},231,248,58259.0,134169.0,189849.2,47166.5,89755.74999999999,137111.90000000005,0.66897532216831,0.3209113326155662,0.3448841717634428,0.0129870129870129,0.0,-0.0129870129870129,0.0,0.0,0.0,1.2023730001376482e-34,-0.6517944421170228,0.0,False,False,1.5630849001789426e-33,False
re2tt_ts-auth-service_disk_2,disk,ts-auth-service,direct::POST /api/v1/inside_pay_service/inside_payment,POST /api/v1/inside_pay_service/inside_payment (direct),POST /api/v1/inside_pay_service/inside_payment,73,75,50237.0,238567.79999999917,319387.04,49462.0,120521.69999999995,182146.26000000004,0.505188462147869,0.1014135380127114,0.1042996487187831,0.0136986301369863,0.0,-0.0136986301369863,0.0,0.0,0.0,0.1000229634837044,-0.1868493150684931,0.0,False,False,0.1000229634837044,False
re2tt_ts-auth-service_disk_2,disk,ts-auth-service,direct::POST /api/v1/orderOtherService/orderOther/refresh,POST /api/v1/orderOtherService/orderOther/refresh (direct),POST /api/v1/orderOtherService/orderOther/refresh,55,61,67748.0,95279.2,163063.00000000003,107868.0,133827.0,149276.0,1.404577284444034,0.0764074601465634,0.0848303809579436,0.0181818181818181,0.0,-0.0181818181818181,0.0,0.0,0.0,4.03995220166755e-17,0.915946348733234,0.915946348733234,False,False,3.6359569815007953e-16,True
re2tt_ts-auth-service_disk_2,disk,ts-auth-service,direct::POST /api/v1/orderservice/order/refresh,POST /api/v1/orderservice/order/refresh (direct),POST /api/v1/orderservice/order/refresh,92,90,80307.5,130233.2,143532.81,136178.0,181805.45,216026.25,1.395999253646535,0.1278088424269787,0.1251595784625397,0.0108695652173913,0.4,0.3891304347826087,0.0,0.0,0.0,5.934358099728472e-25,0.8913043478260869,0.8913043478260869,False,False,7.121229719674168e-24,True
re2tt_ts-auth-service_disk_2,disk,ts-auth-service,direct::POST /api/v1/preserveotherservice/preserveOther,POST /api/v1/preserveotherservice/preserveOther (direct),POST /api/v1/preserveotherservice/preserveOther,32,27,676442.0,1164679.6,1217308.54,525230.0,656453.7,970981.5599999994,0.563634582420779,0.0444552495398187,0.0375478735387619,0.03125,0.0,-0.03125,0.0,0.0,0.0,1.2898227549095703e-05,-0.6875,0.0,False,False,2.5796455098191406e-05,False
re2tt_ts-auth-service_disk_2,disk,ts-auth-service,direct::POST /api/v1/preserveservice/preserve,POST /api/v1/preserveservice/preserve (direct),POST /api/v1/preserveservice/preserve,46,37,590356.5,1302007.5,1484717.0999999992,491575.0,593603.7999999999,925314.5200000004,0.4559142708471341,0.0639044212134893,0.051454493367933,0.0217391304347826,0.0,-0.0217391304347826,0.0,0.0,0.0,1.7738646017144711e-06,-0.6310223266745005,0.0,False,False,5.321593805143414e-06,False
re2tt_ts-auth-service_disk_2,disk,ts-auth-service,direct::POST /api/v1/travel2service/trips/left,POST /api/v1/travel2service/trips/left (direct),POST /api/v1/travel2service/trips/left,913,855,328912.0,731071.3999999998,933760.32,287755.0,401470.9999999999,630090.3600000015,0.5491542960099383,1.2683638384329523,1.1890159953941275,0.0109529025191675,0.0,-0.0109529025191675,0.0,0.0,0.0,7.885523115034415e-101,-0.5867770924207196,0.0,False,False,1.103973236104818e-99,False
re2tt_ts-auth-service_disk_2,disk,ts-auth-service,direct::POST /api/v1/travelservice/trips/left,POST /api/v1/travelservice/trips/left (direct),POST /api/v1/travelservice/trips/left,262,265,732487.5,1604715.1499999987,1919724.6499999987,663619.0,1083909.1999999988,1618734.12,0.675452711965734,0.3639773556072656,0.3685254254730337,0.0114503816793893,0.0,-0.0114503816793893,0.0,0.0,0.0,1.1295270120080052e-09,-0.3121705314705458,0.0,False,False,4.518108048032021e-09,False
re2tt_ts-auth-service_disk_2,disk,ts-auth-service,direct::POST /api/v1/users/login,POST /api/v1/users/login (direct),POST /api/v1/users/login,999,937,241743.0,844210.9999999985,1202498.84,930055.0,1904047.6,2406929.08,2.2554167145417474,1.3878373215712152,1.3030502779933304,0.01001001001001,0.3223052294557097,0.3122952194456997,0.0,0.0,0.0,3.814530092403405e-217,0.8266441468149046,0.8266441468149046,False,False,5.7217951386051075e-216,True
re2tt_ts-auth-service_disk_2,disk,ts-auth-service,direct::PUT /api/v1/consignservice/consigns,PUT /api/v1/consignservice/consigns (direct),PUT /api/v1/consignservice/consigns,74,76,32967.0,97904.2,111036.52,24922.5,56244.5,85107.5,0.574485057842258,0.1028027645608307,0.1056903107017002,0.0135135135135135,0.0,-0.0135135135135135,0.0,0.0,0.0,5.997190884227712e-13,-0.6902560455192034,0.0,False,False,2.9985954421138567e-12,False
re2tt_ts-auth-service_disk_3,disk,ts-auth-service,direct::GET /api/v1/adminbasicservice/adminbasic/configs,GET /api/v1/adminbasicservice/adminbasic/configs (direct),GET /api/v1/adminbasicservice/adminbasic/configs,119,108,10213.0,12466.0,32677.619999999904,10013.5,12251.599999999997,19148.299999999985,0.9828012193165406,0.1652796142179357,0.1500006250026042,0.0168067226890756,0.0,-0.0168067226890756,0.0,0.0,0.0,0.2754277939002491,-0.1142234671646436,0.0,False,False,1.0,False
re2tt_ts-auth-service_disk_3,disk,ts-auth-service,direct::GET /api/v1/adminbasicservice/adminbasic/prices,GET /api/v1/adminbasicservice/adminbasic/prices (direct),GET /api/v1/adminbasicservice/adminbasic/prices,120,107,11139.0,16435.35,20791.53,10677.0,13485.6,19980.13999999999,0.8205240533362539,0.1666685185390949,0.1486117303266541,0.0166666666666666,0.0,-0.0166666666666666,0.0,0.0,0.0,0.000897361864152,-0.2700934579439252,0.0,False,False,0.0089736186415205,False
re2tt_ts-auth-service_disk_3,disk,ts-auth-service,direct::GET /api/v1/admintravelservice/admintravel,GET /api/v1/admintravelservice/admintravel (direct),GET /api/v1/admintravelservice/admintravel,120,108,141249.0,168329.59999999998,206462.02000000005,141605.5,169847.55,259025.95999999976,1.009017724749539,0.1666685185390949,0.1500006250026042,0.0166666666666666,0.0277777777777777,0.0111111111111111,0.0,0.0,0.0,1.0,0.0008487654320987,0.0008487654320987,False,False,1.0,False
re2tt_ts-auth-service_disk_3,disk,ts-auth-service,direct::GET /api/v1/assuranceservice/assurances/types,GET /api/v1/assuranceservice/assurances/types (direct),GET /api/v1/assuranceservice/assurances/types,77,85,4345.0,5318.0,6015.7999999999965,3870.0,5944.2,13057.959999999995,1.1177510342233925,0.1069456327292525,0.1180560474557533,0.0129870129870129,0.0352941176470588,0.0223071046600458,0.0,0.0,0.0,9.165368851495994e-06,-0.4177234530175706,0.0,False,False,0.0001099844262179,False
re2tt_ts-auth-service_disk_3,disk,ts-auth-service,direct::GET /api/v1/contactservice/contacts/account/{accountId},GET /api/v1/contactservice/contacts/account/{accountId} (direct),GET /api/v1/contactservice/contacts/account/{accountId},77,85,7333.0,9443.8,32806.19999999992,6825.0,8432.4,10877.799999999996,0.892903280459137,0.1069456327292525,0.1180560474557533,0.0129870129870129,0.0,-0.0129870129870129,0.0,0.0,0.0,3.395988666898632e-05,-0.3920550038197097,0.0,False,False,0.0003735587533588,False
re2tt_ts-auth-service_disk_3,disk,ts-auth-service,direct::GET /api/v1/foodservice/foods/{date}/{startStation}/{endStation}/{tripId},GET /api/v1/foodservice/foods/{date}/{startStation}/{endStation}/{tripId} (direct),GET /api/v1/foodservice/foods/{date}/{startStation}/{endStation}/{tripId},245,273,45589.0,57748.99999999999,94338.76,44458.0,79476.79999999973,119154.35999999994,1.376245476112136,0.3402815586839854,0.3791682465343606,0.0122448979591836,0.0366300366300366,0.0243851386708529,0.0,0.0,0.0,0.0015219136943908,-0.1712342079689018,0.0,False,False,0.0136972232495172,False
re2tt_ts-auth-service_disk_3,disk,ts-auth-service,direct::POST /api/v1/inside_pay_service/inside_payment,POST /api/v1/inside_pay_service/inside_payment (direct),POST /api/v1/inside_pay_service/inside_payment,74,83,29353.5,110087.5,156349.2399999997,42374.0,69761.89999999997,97505.35999999996,0.6336950153287155,0.1027789197657751,0.1152782581038532,0.0135135135135135,0.0,-0.0135135135135135,0.0,0.0,0.0,1.0,-0.0511234125691957,0.0,False,False,1.0,False
re2tt_ts-auth-service_disk_3,disk,ts-auth-service,direct::POST /api/v1/orderOtherService/orderOther/refresh,POST /api/v1/orderOtherService/orderOther/refresh (direct),POST /api/v1/orderOtherService/orderOther/refresh,67,64,174261.0,223624.2,257031.24,228101.5,304134.7999999999,348787.6,1.3600263298873732,0.0930565895176613,0.0888892592608024,0.0149253731343283,0.21875,0.2038246268656716,0.0,0.0,0.0,3.607017307240986e-15,0.8059701492537314,0.8059701492537314,False,False,4.689122499413282e-14,True
re2tt_ts-auth-service_disk_3,disk,ts-auth-service,direct::POST /api/v1/orderservice/order/refresh,POST /api/v1/orderservice/order/refresh (direct),POST /api/v1/orderservice/order/refresh,89,87,217799.0,275102.6,298047.28,278088.0,356797.4,397004.38,1.2969612064735123,0.123612484583162,0.1208338368076533,0.0112359550561797,0.2758620689655172,0.2646261139093374,0.0,0.0,0.0,1.1422633605387606e-21,0.8411468423091826,0.8411468423091826,False,False,1.5991687047542647e-20,True
re2tt_ts-auth-service_disk_3,disk,ts-auth-service,direct::POST /api/v1/preserveotherservice/preserveOther,POST /api/v1/preserveotherservice/preserveOther (direct),POST /api/v1/preserveotherservice/preserveOther,38,39,496422.5,647578.35,696883.5400000002,487851.0,561111.0,662876.6999999997,0.8664758480576135,0.0527783642040467,0.0541668923620515,0.0263157894736842,0.0256410256410256,-0.0006747638326585,0.0,0.0,0.0,0.2657633044291907,-0.1997300944669365,0.0,False,False,1.0,False
re2tt_ts-auth-service_disk_3,disk,ts-auth-service,direct::POST /api/v1/preserveservice/preserve,POST /api/v1/preserveservice/preserve (direct),POST /api/v1/preserveservice/preserve,39,46,502878.0,675519.2000000001,709337.2,479495.5,574033.25,704667.9499999996,0.8497660022098557,0.0541672685252058,0.0638891550937017,0.0256410256410256,0.0217391304347826,-0.003901895206243,0.0,0.0,0.0,0.0169499493077785,-0.3333333333333333,0.0,False,False,0.1355995944622283,False
re2tt_ts-auth-service_disk_3,disk,ts-auth-service,direct::POST /api/v1/travel2service/trips/left,POST /api/v1/travel2service/trips/left (direct),POST /api/v1/travel2service/trips/left,934,861,290361.0,342802.0999999999,424982.4299999997,291273.0,333542.0,362908.2,0.9729870382941064,1.297236635962622,1.1958383159929833,0.0107066381156316,0.0023228803716608,-0.0083837577439708,0.0,0.0,0.0,1.0,0.017038601098767,0.017038601098767,False,False,1.0,False
re2tt_ts-auth-service_disk_3,disk,ts-auth-service,direct::POST /api/v1/travelservice/trips/left,POST /api/v1/travelservice/trips/left (direct),POST /api/v1/travelservice/trips/left,258,246,652194.0,861780.0499999997,964360.0100000004,628692.5,756466.25,955833.25,0.87779503598395,0.358337314859054,0.3416680902837095,0.0116279069767441,0.008130081300813,-0.0034978256759311,0.0,0.0,0.0,0.2455810365540321,-0.0794888762841117,0.0,False,False,1.0,False
re2tt_ts-auth-service_disk_3,disk,ts-auth-service,direct::POST /api/v1/users/login,POST /api/v1/users/login (direct),POST /api/v1/users/login,1016,934,222956.5,726145.25,1191774.200000001,921416.5,1805159.1,2203326.88,2.485947680577681,1.41112679029767,1.2972276273373362,0.0108267716535433,0.3404710920770878,0.3296443204235445,0.0,0.0,0.0,6.963489695222482e-235,0.857243420054292,0.857243420054292,False,False,1.044523454283372e-233,True
re2tt_ts-auth-service_disk_3,disk,ts-auth-service,direct::PUT /api/v1/consignservice/consigns,PUT /api/v1/consignservice/consigns (direct),PUT /api/v1/consignservice/consigns,81,69,23604.0,28953.0,115104.40000000015,23405.0,33182.599999999984,69310.03999999988,1.146085034366041,0.112501250013889,0.0958337326405526,0.0123456790123456,0.0,-0.0123456790123456,0.0,0.0,0.0,1.0,-0.031848273394167,0.0,False,False,1.0,False
re2tt_ts-auth-service_loss_1,loss,ts-auth-service,direct::GET /api/v1/adminbasicservice/adminbasic/configs,GET /api/v1/adminbasicservice/adminbasic/configs (direct),GET /api/v1/adminbasicservice/adminbasic/configs,119,118,10599.0,12483.7,13614.719999999998,10415.0,13610.349999999991,17744.129999999997,1.090249685590009,0.1653951623999811,0.1638891165126618,0.0168067226890756,0.0508474576271186,0.034040734938043,0.0,0.0,0.0,0.2043674631597661,-0.1229169633955277,0.0,False,False,1.0,False
re2tt_ts-auth-service_loss_1,loss,ts-auth-service,direct::GET /api/v1/adminbasicservice/adminbasic/prices,GET /api/v1/adminbasicservice/adminbasic/prices (direct),GET /api/v1/adminbasicservice/adminbasic/prices,119,119,11035.0,14369.3,19026.14,11083.0,18296.6,43296.73999999999,1.2733118523518892,0.1653951623999811,0.1652780073305657,0.0168067226890756,0.042016806722689,0.0252100840336134,0.0,0.0,0.0,1.0,0.0453357813713721,0.0453357813713721,False,False,1.0,False
re2tt_ts-auth-service_loss_1,loss,ts-auth-service,direct::GET /api/v1/admintravelservice/admintravel,GET /api/v1/admintravelservice/admintravel (direct),GET /api/v1/admintravelservice/admintravel,118,119,158763.5,184346.2,291636.2299999998,157787.0,176782.59999999998,198796.93999999992,0.9589706758262444,0.1640052870856955,0.1652780073305657,0.0169491525423728,0.0,-0.0169491525423728,0.0,0.0,0.0,0.8980814290131851,-0.0569719413189004,0.0,False,False,1.0,False
re2tt_ts-auth-service_loss_1,loss,ts-auth-service,direct::GET /api/v1/assuranceservice/assurances/types,GET /api/v1/assuranceservice/assurances/types (direct),GET /api/v1/assuranceservice/assurances/types,80,83,3635.0,4213.75,6499.449999999943,3542.0,4471.0,6745.43999999993,1.0610501334915456,0.1111900251428444,0.1152779378860248,0.0125,0.0120481927710843,-0.0004518072289156,0.0,0.0,0.0,0.719113706239974,-0.0832831325301204,0.0,False,False,1.0,False
re2tt_ts-auth-service_loss_1,loss,ts-auth-service,direct::GET /api/v1/contactservice/contacts/account/{accountId},GET /api/v1/contactservice/contacts/account/{accountId} (direct),GET /api/v1/contactservice/contacts/account/{accountId},80,83,7042.5,9172.149999999996,18570.95,6368.0,7281.999999999998,9108.75999999994,0.7939250884470928,0.1111900251428444,0.1152779378860248,0.0125,0.0,-0.0125,0.0,0.0,0.0,2.9348788624300615e-07,-0.4771084337349397,0.0,False,False,3.521854634916074e-06,False
re2tt_ts-auth-service_loss_1,loss,ts-auth-service,direct::GET /api/v1/foodservice/foods/{date}/{startStation}/{endStation}/{tripId},GET /api/v1/foodservice/foods/{date}/{startStation}/{endStation}/{tripId} (direct),GET /api/v1/foodservice/foods/{date}/{startStation}/{endStation}/{tripId},255,237,44903.0,56571.39999999999,106995.14000000009,44488.0,53389.39999999999,102753.03999999986,0.9437524968446952,0.3544182051428166,0.3291671238432275,0.0117647058823529,0.0084388185654008,-0.003325887316952,0.0,0.0,0.0,0.235460579858403,-0.0815917928352776,0.0,False,False,1.0,False
re2tt_ts-auth-service_loss_1,loss,ts-auth-service,direct::POST /api/v1/inside_pay_service/inside_payment,POST /api/v1/inside_pay_service/inside_payment (direct),POST /api/v1/inside_pay_service/inside_payment,81,72,44310.0,93448.0,109686.6,45527.0,82798.90000000001,119297.70000000011,0.8860425049225239,0.1125799004571299,0.1000001388890817,0.0123456790123456,0.0416666666666666,0.0293209876543209,0.0,0.0,0.0,1.0,0.0109739368998629,0.0109739368998629,False,False,1.0,False
re2tt_ts-auth-service_loss_1,loss,ts-auth-service,direct::POST /api/v1/orderOtherService/orderOther/refresh,POST /api/v1/orderOtherService/orderOther/refresh (direct),POST /api/v1/orderOtherService/orderOther/refresh,65,72,388312.0,451253.8,476131.44,449808.5,502767.95,553168.7100000004,1.1141578198344255,0.0903418954285611,0.1000001388890817,0.0153846153846153,0.2083333333333333,0.1929487179487179,0.0,0.0,0.0,5.580469293896375e-13,0.7243589743589745,0.7243589743589745,False,False,7.812657011454922e-12,True
re2tt_ts-auth-service_loss_1,loss,ts-auth-service,direct::POST /api/v1/orderservice/order/refresh,POST /api/v1/orderservice/order/refresh (direct),POST /api/v1/orderservice/order/refresh,106,93,570461.5,662780.5,767869.3500000002,675032.0,760585.7999999999,788933.96,1.1475681617066282,0.1473267833142688,0.1291668460650639,0.0188679245283018,0.032258064516129,0.0133901399878271,0.0,0.0,0.0,4.182105982446782e-26,0.8745181578413472,0.8745181578413472,False,False,6.273158973670173e-25,True
re2tt_ts-auth-service_loss_1,loss,ts-auth-service,direct::POST /api/v1/preserveotherservice/preserveOther,POST /api/v1/preserveotherservice/preserveOther (direct),POST /api/v1/preserveotherservice/preserveOther,26,36,552877.5,665629.75,782122.0,546171.5,921654.25,1104684.7,1.3846350016657158,0.0361367581714244,0.0500000694445408,0.0384615384615384,0.0833333333333333,0.0448717948717948,0.0,0.0,0.0,1.0,-0.0576923076923077,0.0,False,False,1.0,False
re2tt_ts-auth-service_loss_1,loss,ts-auth-service,direct::POST /api/v1/preserveservice/preserve,POST /api/v1/preserveservice/preserve (direct),POST /api/v1/preserveservice/preserve,54,47,534969.5,755865.25,1013914.29,537220.0,606903.7999999999,768603.0399999998,0.8029259183432496,0.07505326697142,0.0652778684414839,0.0185185185185185,0.0,-0.0185185185185185,0.0,0.0,0.0,1.0,0.011820330969267,0.011820330969267,False,False,1.0,False
re2tt_ts-auth-service_loss_1,loss,ts-auth-service,direct::POST /api/v1/travel2service/trips/left,POST /api/v1/travel2service/trips/left (direct),POST /api/v1/travel2service/trips/left,899,901,324588.0,491220.4999999997,908508.3799999988,326482.0,521213.0,715754.0,1.0610571016478352,1.2494979075427144,1.2513906269314263,0.0100111234705228,0.0033296337402885,-0.0066814897302342,0.0,0.0,0.0,0.5246046907859283,0.0305185561957483,0.0305185561957483,False,False,1.0,False
re2tt_ts-auth-service_loss_1,loss,ts-auth-service,direct::POST /api/v1/travelservice/trips/left,POST /api/v1/travelservice/trips/left (direct),POST /api/v1/travelservice/trips/left,267,260,709816.0,800445.0,1258402.96,720237.0,915993.0999999996,1504539.0500000035,1.144354827627132,0.3710967089142433,0.3611116126550175,0.0112359550561797,0.0192307692307692,0.0079948141745894,0.0,0.0,0.0,0.0610639057864141,0.1089311437626043,0.1089311437626043,False,False,0.6717029636505559,False
re2tt_ts-auth-service_loss_1,loss,ts-auth-service,direct::POST /api/v1/users/login,POST /api/v1/users/login (direct),POST /api/v1/users/login,991,983,222212.0,710739.0,996953.7,302268.0,905575.9,1395377.8399999996,1.2741328391997626,1.3773664364569853,1.3652796739995472,0.0100908173562058,0.034587995930824,0.0244971785746181,0.0,0.0,0.0,1.1705905743834667e-09,0.161030146188535,0.161030146188535,False,False,1.521767746698507e-08,True
re2tt_ts-auth-service_loss_1,loss,ts-auth-service,direct::PUT /api/v1/consignservice/consigns,PUT /api/v1/consignservice/consigns (direct),PUT /api/v1/consignservice/consigns,90,93,22171.0,30135.5,35101.23,22347.0,31245.399999999965,40287.63999999996,1.0368303164042398,0.1250887782856999,0.1291668460650639,0.0111111111111111,0.032258064516129,0.0211469534050179,0.0,0.0,0.0,1.0,-0.0093189964157706,0.0,False,False,1.0,False
re2tt_ts-auth-service_loss_2,loss,ts-auth-service,direct::GET /api/v1/adminbasicservice/adminbasic/configs,GET /api/v1/adminbasicservice/adminbasic/configs (direct),GET /api/v1/adminbasicservice/adminbasic/configs,116,115,10557.0,13687.0,19645.849999999984,10109.0,12440.0,15749.74,0.9088916490100096,0.1611220763635303,0.159984864040689,0.0172413793103448,0.008695652173913,-0.0085457271364317,0.0,0.0,0.0,0.0002636505274305,-0.2911544227886057,0.0,False,False,0.0021092042194444,False
re2tt_ts-auth-service_loss_2,loss,ts-auth-service,direct::GET /api/v1/adminbasicservice/adminbasic/prices,GET /api/v1/adminbasicservice/adminbasic/prices (direct),GET /api/v1/adminbasicservice/adminbasic/prices,116,115,11578.0,14708.5,19868.45,10519.0,13978.4,20590.22,0.9503620355576708,0.1611220763635303,0.159984864040689,0.0172413793103448,0.017391304347826,0.0001499250374812,0.0,0.0,0.0,8.50524066587314e-08,-0.4173163418290855,0.0,False,False,1.105681286563508e-06,False
re2tt_ts-auth-service_loss_2,loss,ts-auth-service,direct::GET /api/v1/admintravelservice/admintravel,GET /api/v1/admintravelservice/admintravel (direct),GET /api/v1/admintravelservice/admintravel,116,114,133028.0,164830.5,198805.34999999992,127686.5,148639.94999999998,157704.85,0.9017745502197712,0.1611220763635303,0.1585936913099004,0.0172413793103448,0.0,-0.0172413793103448,0.0,0.0,0.0,0.0019888427337671,-0.2512855414398064,0.0,False,False,0.0139218991363703,False
re2tt_ts-auth-service_loss_2,loss,ts-auth-service,direct::GET /api/v1/assuranceservice/assurances/types,GET /api/v1/assuranceservice/assurances/types (direct),GET /api/v1/assuranceservice/assurances/types,102,70,4053.5,4925.799999999999,5676.059999999999,3588.5,4990.349999999999,10227.840000000017,1.013104470339843,0.1416763085265525,0.097382091155202,0.0196078431372549,0.0428571428571428,0.0232492997198879,0.0,0.0,0.0,5.191807314750832e-07,-0.4630252100840336,0.0,False,False,6.230168777700999e-06,False
re2tt_ts-auth-service_loss_2,loss,ts-auth-service,direct::GET /api/v1/contactservice/contacts/account/{accountId},GET /api/v1/contactservice/contacts/account/{accountId} (direct),GET /api/v1/contactservice/contacts/account/{accountId},102,70,7292.5,9059.45,9915.36,6735.0,8306.3,42659.32000000009,0.9168658141498656,0.1416763085265525,0.097382091155202,0.0196078431372549,0.0285714285714285,0.0089635854341736,0.0,0.0,0.0,3.617644867609608e-05,-0.3854341736694677,0.0,False,False,0.0003617644867609,False
re2tt_ts-auth-service_loss_2,loss,ts-auth-service,direct::GET /api/v1/foodservice/foods/{date}/{startStation}/{endStation}/{tripId},GET /api/v1/foodservice/foods/{date}/{startStation}/{endStation}/{tripId} (direct),GET /api/v1/foodservice/foods/{date}/{startStation}/{endStation}/{tripId},239,262,42930.0,57155.89999999999,119552.8,41670.5,54906.8,94343.36999999998,0.96064973169874,0.3319670366455495,0.3644872554666132,0.0125523012552301,0.0,-0.0125523012552301,0.0,0.0,0.0,7.370682306523378e-05,-0.2133252419432112,0.0,False,False,0.0006633614075871,False
re2tt_ts-auth-service_loss_2,loss,ts-auth-service,direct::POST /api/v1/inside_pay_service/inside_payment,POST /api/v1/inside_pay_service/inside_payment (direct),POST /api/v1/inside_pay_service/inside_payment,76,71,20777.0,112498.0,143328.25,20498.0,71155.0,100627.29999999992,0.6325001333357038,0.1055627396864508,0.0987732638859906,0.0131578947368421,0.0,-0.0131578947368421,0.0,0.0,0.0,0.6708192969237898,-0.092290585618977,0.0,False,False,1.0,False
re2tt_ts-auth-service_loss_2,loss,ts-auth-service,direct::POST /api/v1/orderOtherService/orderOther/refresh,POST /api/v1/orderOtherService/orderOther/refresh (direct),POST /api/v1/orderOtherService/orderOther/refresh,64,62,123021.0,155001.49999999997,162620.18999999997,156245.5,187313.0,194194.95,1.2084592729747778,0.088894938683327,0.0862527093088932,0.015625,0.3870967741935484,0.3714717741935484,0.0,0.0,0.0,6.106387185325541e-17,0.8724798387096775,0.8724798387096775,False,False,8.548942059455758e-16,True
re2tt_ts-auth-service_loss_2,loss,ts-auth-service,direct::POST /api/v1/orderservice/order/refresh,POST /api/v1/orderservice/order/refresh (direct),POST /api/v1/orderservice/order/refresh,91,83,176726.0,222065.5,251611.19999999992,239248.0,274294.6,289751.8599999999,1.2351968225591097,0.1263974909403556,0.1154673366554538,0.0109890109890109,0.2650602409638554,0.2540712299748444,0.0,0.0,0.0,6.931432875163094e-25,0.911293525751357,0.911293525751357,False,False,1.039714931274464e-23,True
re2tt_ts-auth-service_loss_2,loss,ts-auth-service,direct::POST /api/v1/preserveotherservice/preserveOther,POST /api/v1/preserveotherservice/preserveOther (direct),POST /api/v1/preserveotherservice/preserveOther,38,23,470107.5,633618.7999999998,730809.03,476375.0,540170.5,563775.6,0.852516528865621,0.0527813698432254,0.0319969728081378,0.0263157894736842,0.0,-0.0263157894736842,0.0,0.0,0.0,0.8177117610904656,0.1281464530892448,0.1281464530892448,False,False,1.0,False
re2tt_ts-auth-service_loss_2,loss,ts-auth-service,direct::POST /api/v1/preserveservice/preserve,POST /api/v1/preserveservice/preserve (direct),POST /api/v1/preserveservice/preserve,64,47,466333.0,718589.2499999998,819728.8999999999,463917.0,526665.7999999999,644100.1799999999,0.7329163357230853,0.088894938683327,0.0653851183470642,0.015625,0.0,-0.015625,0.0,0.0,0.0,0.1767926430993127,-0.190159574468085,0.0,False,False,0.7071705723972511,False
re2tt_ts-auth-service_loss_2,loss,ts-auth-service,direct::POST /api/v1/travel2service/trips/left,POST /api/v1/travel2service/trips/left (direct),POST /api/v1/travel2service/trips/left,928,895,274994.0,342614.9499999999,505125.1900000002,272242.0,318049.4,366665.47999999794,0.9282998304656588,1.2889766109082423,1.2450995940557972,0.0107758620689655,0.0022346368715083,-0.0085412251974571,0.0,0.0,0.0,0.003152393495875,-0.0855061645155076,0.0,False,False,0.0189143609752504,False
re2tt_ts-auth-service_loss_2,loss,ts-auth-service,direct::POST /api/v1/travelservice/trips/left,POST /api/v1/travelservice/trips/left (direct),POST /api/v1/travelservice/trips/left,288,261,409117.0,771009.95,1039542.51,628491.0,700186.0,884579.3999999985,0.908141328137205,0.4000272240749717,0.3630960827358246,0.0104166666666666,0.003831417624521,-0.0065852490421455,0.0,0.0,0.0,1.0,0.0295072371221796,0.0295072371221796,False,False,1.0,False
re2tt_ts-auth-service_loss_2,loss,ts-auth-service,direct::POST /api/v1/users/login,POST /api/v1/users/login (direct),POST /api/v1/users/login,1004,987,226566.0,695109.4499999993,925778.2600000004,295446.0,840076.8999999993,1302018.6,1.2085534155808129,1.3945393505946932,1.3730874852883483,0.0109561752988047,0.0344478216818642,0.0234916463830594,0.0,0.0,0.0,8.076846950334278e-06,0.1193180671437854,0.1193180671437854,False,False,8.884531645367706e-05,False
re2tt_ts-auth-service_loss_2,loss,ts-auth-service,direct::PUT /api/v1/consignservice/consigns,PUT /api/v1/consignservice/consigns (direct),PUT /api/v1/consignservice/consigns,79,74,22974.0,33465.699999999975,99232.2,21930.5,31249.75,60758.13999999964,0.9337844419808946,0.1097296899372318,0.1029467820783564,0.0126582278481012,0.0135135135135135,0.0008552856654122,0.0,0.0,0.0,0.0818063728773785,-0.1917550461854259,0.0,False,False,0.4090318643868928,False
re2tt_ts-auth-service_loss_3,loss,ts-auth-service,direct::GET /api/v1/adminbasicservice/adminbasic/configs,GET /api/v1/adminbasicservice/adminbasic/configs (direct),GET /api/v1/adminbasicservice/adminbasic/configs,89,78,9620.0,11892.4,15736.640000000009,9830.5,12457.049999999996,16715.350000000002,1.0474799031314117,0.1236111111111111,0.1083333333333333,0.0112359550561797,0.0256410256410256,0.0144050705848458,0.0,0.0,0.0,0.7658751379588546,0.07850763468741,0.07850763468741,False,False,1.0,False
re2tt_ts-auth-service_loss_3,loss,ts-auth-service,direct::GET /api/v1/adminbasicservice/adminbasic/prices,GET /api/v1/adminbasicservice/adminbasic/prices (direct),GET /api/v1/adminbasicservice/adminbasic/prices,85,76,10264.0,13525.999999999998,19480.68,10053.0,12423.25,25127.75,0.918471832027207,0.1180555555555555,0.1055555555555555,0.0117647058823529,0.0131578947368421,0.0013931888544891,0.0,0.0,0.0,0.309923027764503,-0.1301857585139318,0.0,False,False,1.0,False
re2tt_ts-auth-service_loss_3,loss,ts-auth-service,direct::GET /api/v1/admintravelservice/admintravel,GET /api/v1/admintravelservice/admintravel (direct),GET /api/v1/admintravelservice/admintravel,82,71,129434.0,147153.6,187774.8,128083.0,147284.5,172415.4999999999,1.0008895467049397,0.1138888888888888,0.0986111111111111,0.0121951219512195,0.0140845070422535,0.001889385091034,0.0,0.0,0.0,1.0,0.0106492614221915,0.0106492614221915,False,False,1.0,False
re2tt_ts-auth-service_loss_3,loss,ts-auth-service,direct::GET /api/v1/assuranceservice/assurances/types,GET /api/v1/assuranceservice/assurances/types (direct),GET /api/v1/assuranceservice/assurances/types,54,53,3629.5,4243.1,5818.529999999996,3673.0,4364.599999999999,16285.079999999927,1.0286347246117225,0.075,0.0736111111111111,0.0185185185185185,0.0188679245283018,0.0003494060097833,0.0,0.0,0.0,1.0,0.0216631726065688,0.0216631726065688,False,False,1.0,False
re2tt_ts-auth-service_loss_3,loss,ts-auth-service,direct::GET /api/v1/contactservice/contacts/account/{accountId},GET /api/v1/contactservice/contacts/account/{accountId} (direct),GET /api/v1/contactservice/contacts/account/{accountId},50,59,6161.0,7776.3499999999985,8136.309999999999,6427.0,7710.299999999999,11732.540000000015,0.9915062979418364,0.0694444444444444,0.0819444444444444,0.02,0.0169491525423728,-0.0030508474576271,0.0,0.0,0.0,1.0,0.067457627118644,0.067457627118644,False,False,1.0,False
re2tt_ts-auth-service_loss_3,loss,ts-auth-service,direct::GET /api/v1/foodservice/foods/{date}/{startStation}/{endStation}/{tripId},GET /api/v1/foodservice/foods/{date}/{startStation}/{endStation}/{tripId} (direct),GET /api/v1/foodservice/foods/{date}/{startStation}/{endStation}/{tripId},185,174,40247.0,53690.59999999998,97199.36,40467.0,56429.949999999975,107558.10000000022,1.0510210353395193,0.2569444444444444,0.2416666666666666,0.0108108108108108,0.0172413793103448,0.006430568499534,0.0,0.0,0.0,0.807497849884073,0.0510096303199751,0.0510096303199751,False,False,1.0,False
re2tt_ts-auth-service_loss_3,loss,ts-auth-service,direct::POST /api/v1/inside_pay_service/inside_payment,POST /api/v1/inside_pay_service/inside_payment (direct),POST /api/v1/inside_pay_service/inside_payment,63,49,40777.0,70387.79999999999,93459.84000000008,13701.0,72926.99999999997,99885.15999999992,1.036074433353507,0.0875,0.0680555555555555,0.0158730158730158,0.0204081632653061,0.0045351473922902,0.0,0.0,0.0,1.0,-0.0670553935860058,0.0,False,False,1.0,False
re2tt_ts-auth-service_loss_3,loss,ts-auth-service,direct::POST /api/v1/orderOtherService/orderOther/refresh,POST /api/v1/orderOtherService/orderOther/refresh (direct),POST /api/v1/orderOtherService/orderOther/refresh,43,40,187472.0,222817.9,226660.92,230688.0,289042.7,294647.13,1.2972149005982017,0.0597222222222222,0.0555555555555555,0.0232558139534883,0.55,0.5267441860465116,0.0,0.0,0.0,1.6912895087234277e-11,0.872093023255814,0.872093023255814,False,False,2.198676361340456e-10,True
re2tt_ts-auth-service_loss_3,loss,ts-auth-service,direct::POST /api/v1/orderservice/order/refresh,POST /api/v1/orderservice/order/refresh (direct),POST /api/v1/orderservice/order/refresh,60,53,310817.5,360762.4,377166.1,380451.0,433135.2,436022.72,1.200610706659009,0.0833333333333333,0.0736111111111111,0.0166666666666666,0.5471698113207547,0.530503144654088,0.0,0.0,0.0,6.288900017213828e-15,0.8622641509433961,0.8622641509433961,False,False,9.433350025820743e-14,True
re2tt_ts-auth-service_loss_3,loss,ts-auth-service,direct::POST /api/v1/preserveotherservice/preserveOther,POST /api/v1/preserveotherservice/preserveOther (direct),POST /api/v1/preserveotherservice/preserveOther,15,23,461073.0,570267.3999999999,621623.88,492656.0,544933.2,629155.4200000002,0.9555748759266268,0.0208333333333333,0.0319444444444444,0.0666666666666666,0.0434782608695652,-0.0231884057971014,0.0,0.0,0.0,0.3390407816390162,0.2695652173913043,0.2695652173913043,False,False,1.0,False
re2tt_ts-auth-service_loss_3,loss,ts-auth-service,direct::POST /api/v1/preserveservice/preserve,POST /api/v1/preserveservice/preserve (direct),POST /api/v1/preserveservice/preserve,34,38,452630.0,509745.45,585504.8900000001,462347.0,512796.15,528889.55,1.0059847518011196,0.0472222222222222,0.0527777777777777,0.0294117647058823,0.0,-0.0294117647058823,0.0,0.0,0.0,0.0373636712609888,0.3235294117647058,0.3235294117647058,False,False,0.4110003838708772,False
re2tt_ts-auth-service_loss_3,loss,ts-auth-service,direct::POST /api/v1/travel2service/trips/left,POST /api/v1/travel2service/trips/left (direct),POST /api/v1/travel2service/trips/left,684,643,268545.0,303710.05,319918.48999999993,278163.0,324409.6,363693.7000000008,1.0681556306747175,0.95,0.8930555555555556,0.0102339181286549,0.0699844479004665,0.0597505297718116,0.0,0.0,0.0,1.8107476906045242e-13,0.2364828608587306,0.2364828608587306,False,False,2.5350467668463336e-12,True
re2tt_ts-auth-service_loss_3,loss,ts-auth-service,direct::POST /api/v1/travelservice/trips/left,POST /api/v1/travelservice/trips/left (direct),POST /api/v1/travelservice/trips/left,177,194,619607.0,676854.2,746350.0800000008,626393.5,704845.8,832779.4899999999,1.041355435188258,0.2458333333333333,0.2694444444444444,0.0112994350282485,0.0206185567010309,0.0093191216727823,0.0,0.0,0.0,0.0874943221026523,0.1212068262566252,0.1212068262566252,False,False,0.8749432210265239,False
re2tt_ts-auth-service_loss_3,loss,ts-auth-service,direct::POST /api/v1/users/login,POST /api/v1/users/login (direct),POST /api/v1/users/login,748,665,218482.0,691904.4999999999,1018713.679999998,269879.0,820520.7999999991,1051797.120000001,1.1858873587323095,1.038888888888889,0.9236111111111112,0.0106951871657754,0.0135338345864661,0.0028386474206907,0.0,0.0,0.0,1.5743118792848466e-07,0.1653049736641068,0.1653049736641068,False,False,1.889174255141816e-06,True
re2tt_ts-auth-service_loss_3,loss,ts-auth-service,direct::PUT /api/v1/consignservice/consigns,PUT /api/v1/consignservice/consigns (direct),PUT /api/v1/consignservice/consigns,51,42,20757.0,31751.0,47144.0,20765.0,32353.39999999999,52139.51999999988,1.018972630783282,0.0708333333333333,0.0583333333333333,0.0196078431372549,0.0238095238095238,0.0042016806722689,0.0,0.0,0.0,0.7958357606225843,-0.1027077497665732,0.0,False,False,1.0,False
re2tt_ts-auth-service_mem_1,mem,ts-auth-service,direct::GET /api/v1/adminbasicservice/adminbasic/configs,GET /api/v1/adminbasicservice/adminbasic/configs (direct),GET /api/v1/adminbasicservice/adminbasic/configs,113,109,9144.0,11449.199999999992,16306.839999999998,8990.0,14042.599999999982,137828.36000000007,1.2265136428746104,0.1569450983823543,0.1513893094147483,0.0176991150442477,0.0458715596330275,0.0281724445887797,0.0,0.0,0.0,0.6569746163390664,-0.0759925306486969,0.0,False,False,1.0,False
re2tt_ts-auth-service_mem_1,mem,ts-auth-service,direct::GET /api/v1/adminbasicservice/adminbasic/prices,GET /api/v1/adminbasicservice/adminbasic/prices (direct),GET /api/v1/adminbasicservice/adminbasic/prices,114,109,9427.0,12042.499999999998,16077.520000000008,9021.0,11451.6,48523.560000000056,0.9509321154245384,0.1583339930583044,0.1513893094147483,0.0175438596491228,0.036697247706422,0.0191533880572992,0.0,0.0,0.0,0.0059114920051483,-0.2304844680508611,0.0,False,False,0.059114920051483,False
re2tt_ts-auth-service_mem_1,mem,ts-auth-service,direct::GET /api/v1/admintravelservice/admintravel,GET /api/v1/admintravelservice/admintravel (direct),GET /api/v1/admintravelservice/admintravel,114,108,125381.0,152146.4,174410.35000000006,125392.5,224147.14999999985,319133.68999999994,1.4732333463032965,0.1583339930583044,0.150000416667824,0.0175438596491228,0.074074074074074,0.0565302144249512,0.0,0.0,0.0,0.5539675949666099,0.0845516569200779,0.0845516569200779,False,False,1.0,False
re2tt_ts-auth-service_mem_1,mem,ts-auth-service,direct::GET /api/v1/assuranceservice/assurances/types,GET /api/v1/assuranceservice/assurances/types (direct),GET /api/v1/assuranceservice/assurances/types,90,79,3009.5,3906.9,5286.929999999995,2934.0,3714.6,6513.839999999987,0.9507793903094524,0.1250005208355034,0.1097225270070194,0.0111111111111111,0.0126582278481012,0.0015471167369901,0.0,0.0,0.0,0.157959574827116,-0.1569620253164556,0.0,False,False,0.906008459471336,False
re2tt_ts-auth-service_mem_1,mem,ts-auth-service,direct::GET /api/v1/contactservice/contacts/account/{accountId},GET /api/v1/contactservice/contacts/account/{accountId} (direct),GET /api/v1/contactservice/contacts/account/{accountId},90,79,5404.0,6529.7,8923.009999999997,5183.0,6341.399999999999,13274.179999999997,0.9711625342665052,0.1250005208355034,0.1097225270070194,0.0111111111111111,0.0253164556962025,0.0142053445850914,0.0,0.0,0.0,0.0088752610260706,-0.2541490857946554,0.0,False,False,0.0778859007090032,False
re2tt_ts-auth-service_mem_1,mem,ts-auth-service,direct::GET /api/v1/foodservice/foods/{date}/{startStation}/{endStation}/{tripId},GET /api/v1/foodservice/foods/{date}/{startStation}/{endStation}/{tripId} (direct),GET /api/v1/foodservice/foods/{date}/{startStation}/{endStation}/{tripId},253,222,39784.0,46875.4,52801.71999999996,40229.0,120330.59999999987,190016.56,2.5670308946696965,0.3513903530153598,0.3083341898171939,0.0118577075098814,0.0990990990990991,0.0872413915892176,0.0,0.0,0.0,0.1510014099118893,0.0944877684008118,0.0944877684008118,False,False,0.906008459471336,False
re2tt_ts-auth-service_mem_1,mem,ts-auth-service,direct::POST /api/v1/inside_pay_service/inside_payment,POST /api/v1/inside_pay_service/inside_payment (direct),POST /api/v1/inside_pay_service/inside_payment,84,85,14244.5,54989.24999999996,101349.15,38634.0,169181.79999999976,362666.5599999988,3.076634069386287,0.1166671527798032,0.1180558834885652,0.0119047619047619,0.0705882352941176,0.0586834733893557,0.0,0.0,0.0,0.2014701086271157,0.1463585434173668,0.1463585434173668,False,False,0.906008459471336,False
re2tt_ts-auth-service_mem_1,mem,ts-auth-service,direct::POST /api/v1/orderOtherService/orderOther/refresh,POST /api/v1/orderOtherService/orderOther/refresh (direct),POST /api/v1/orderOtherService/orderOther/refresh,59,71,477558.0,531672.8,538565.2,544840.0,616819.5,666463.8999999999,1.1601486854320928,0.0819447858810522,0.098611385031625,0.0169491525423728,0.5352112676056338,0.5182621150632609,0.0,0.0,0.0,1.0637975283469048e-15,0.8276438290761519,0.8276438290761519,False,False,1.3829367868509764e-14,True
re2tt_ts-auth-service_mem_1,mem,ts-auth-service,direct::POST /api/v1/orderservice/order/refresh,POST /api/v1/orderservice/order/refresh (direct),POST /api/v1/orderservice/order/refresh,106,101,713421.0,800169.25,826702.7000000001,780875.0,869502.0,1001114.0,1.0866476061158312,0.1472228356507041,0.1402781674393539,0.0188679245283018,0.2475247524752475,0.2286568279469456,0.0,0.0,0.0,1.551306240046725e-16,0.6708387819914068,0.6708387819914068,False,False,2.171828736065415e-15,True
re2tt_ts-auth-service_mem_1,mem,ts-auth-service,direct::POST /api/v1/preserveotherservice/preserveOther,POST /api/v1/preserveotherservice/preserveOther (direct),POST /api/v1/preserveotherservice/preserveOther,38,43,488678.5,535812.85,577755.2500000001,506953.0,788557.0,840168.4599999998,1.4717022930674395,0.0527779976861014,0.0597223881177447,0.0263157894736842,0.2790697674418604,0.2527539779681762,0.0,0.0,0.0,0.008653988967667,0.3696450428396574,0.3696450428396574,False,False,0.0778859007090032,False
re2tt_ts-auth-service_mem_1,mem,ts-auth-service,direct::POST /api/v1/preserveservice/preserve,POST /api/v1/preserveservice/preserve (direct),POST /api/v1/preserveservice/preserve,52,36,468782.0,507111.95,522744.2,483332.0,738381.0,778771.3999999999,1.456051272307821,0.072222523149402,0.0500001388892746,0.0192307692307692,0.1944444444444444,0.1752136752136752,0.0,0.0,0.0,0.0008163473931942,0.4455128205128205,0.4455128205128205,False,False,0.0089798213251365,True
re2tt_ts-auth-service_mem_1,mem,ts-auth-service,direct::POST /api/v1/travel2service/trips/left,POST /api/v1/travel2service/trips/left (direct),POST /api/v1/travel2service/trips/left,911,850,289344.0,322382.0,332236.8,296517.0,531221.5,618412.77,1.6478013660812327,1.2652830497904852,1.1805588348856524,0.0109769484083424,0.1247058823529411,0.1137289339445987,0.0,0.0,0.0,5.641869493674137e-09,0.1636391812487894,0.1636391812487894,False,False,6.770243392408964e-08,True
re2tt_ts-auth-service_mem_1,mem,ts-auth-service,direct::POST /api/v1/travelservice/trips/left,POST /api/v1/travelservice/trips/left (direct),POST /api/v1/travelservice/trips/left,275,240,616375.0,689553.3,744691.5999999996,615898.0,919341.4499999996,984546.46,1.333242042348285,0.3819460358862606,0.3333342592618312,0.0109090909090909,0.1125,0.101590909090909,0.0,0.0,0.0,0.0129445729632874,0.1390151515151514,0.1390151515151514,False,False,0.0906120107430121,False
re2tt_ts-auth-service_mem_1,mem,ts-auth-service,direct::POST /api/v1/users/login,POST /api/v1/users/login (direct),POST /api/v1/users/login,989,915,223578.0,703927.7999999999,1004707.84,1083002.0,2120078.599999999,2518983.68,3.011784163091725,1.3736168345145885,1.2708368634357317,0.0101112234580384,0.5606557377049181,0.5505445142468797,0.0,0.0,0.0,3.241643839066103e-278,0.9446391177266876,0.9446391177266876,False,False,4.862465758599155e-277,True
re2tt_ts-auth-service_mem_1,mem,ts-auth-service,direct::PUT /api/v1/consignservice/consigns,PUT /api/v1/consignservice/consigns (direct),PUT /api/v1/consignservice/consigns,81,87,18927.0,26404.0,32491.6,19050.0,45016.00000000003,164701.38000000006,1.704893198000304,0.1125004687519531,0.1208336689824138,0.0123456790123456,0.0689655172413793,0.0566198382290336,0.0,0.0,0.0,1.0,-0.0376046544628919,0.0,False,False,1.0,False
re2tt_ts-auth-service_mem_2,mem,ts-auth-service,direct::GET /api/v1/adminbasicservice/adminbasic/configs,GET /api/v1/adminbasicservice/adminbasic/configs (direct),GET /api/v1/adminbasicservice/adminbasic/configs,114,106,8669.5,11484.95,16063.190000000002,8833.0,17609.5,53761.45000000007,1.5332674500106662,0.1583559870370344,0.1472541272831335,0.0175438596491228,0.0660377358490566,0.0484938761999338,0.0,0.0,0.0,0.359309130947578,0.1048493876199934,0.1048493876199934,False,False,1.0,False
re2tt_ts-auth-service_mem_2,mem,ts-auth-service,direct::GET /api/v1/adminbasicservice/adminbasic/prices,GET /api/v1/adminbasicservice/adminbasic/prices (direct),GET /api/v1/adminbasicservice/adminbasic/prices,114,106,9073.5,11283.849999999997,15019.21,8929.0,14620.5,63775.85000000008,1.295701378518857,0.1583559870370344,0.1472541272831335,0.0175438596491228,0.0471698113207547,0.0296259516716319,0.0,0.0,0.0,1.0,-0.0111717974180735,0.0,False,False,1.0,False
re2tt_ts-auth-service_mem_2,mem,ts-auth-service,direct::GET /api/v1/admintravelservice/admintravel,GET /api/v1/admintravelservice/admintravel (direct),GET /api/v1/admintravelservice/admintravel,114,105,124408.5,143713.15,170346.85000000006,130571.0,304422.2,513061.11999999936,2.118262664202963,0.1583559870370344,0.145864937403104,0.0175438596491228,0.1333333333333333,0.1157894736842105,0.0,0.0,0.0,1.0965975287131593e-07,0.4254803675856307,0.4254803675856307,False,False,1.0965975287131591e-06,True
re2tt_ts-auth-service_mem_2,mem,ts-auth-service,direct::GET /api/v1/assuranceservice/assurances/types,GET /api/v1/assuranceservice/assurances/types (direct),GET /api/v1/assuranceservice/assurances/types,82,55,2978.0,3692.4500000000007,4049.98,2995.0,3806.7,27013.24000000004,1.030941515795745,0.1139051836582177,0.0764054434016259,0.0121951219512195,0.0363636363636363,0.0241685144124168,0.0,0.0,0.0,1.0,-0.0042128603104213,0.0,False,False,1.0,False
re2tt_ts-auth-service_mem_2,mem,ts-auth-service,direct::GET /api/v1/contactservice/contacts/account/{accountId},GET /api/v1/contactservice/contacts/account/{accountId} (direct),GET /api/v1/contactservice/contacts/account/{accountId},82,55,5162.0,6978.7,8995.42999999999,4956.0,6137.4,6526.18,0.8794474615616089,0.1139051836582177,0.0764054434016259,0.0121951219512195,0.0,-0.0121951219512195,0.0,0.0,0.0,0.1003674577075381,-0.1980044345898004,0.0,False,False,0.6022047462452287,False
re2tt_ts-auth-service_mem_2,mem,ts-auth-service,direct::GET /api/v1/foodservice/foods/{date}/{startStation}/{endStation}/{tripId},GET /api/v1/foodservice/foods/{date}/{startStation}/{endStation}/{tripId} (direct),GET /api/v1/foodservice/foods/{date}/{startStation}/{endStation}/{tripId},251,219,39160.0,51036.0,80399.0,39787.0,142756.9999999999,214186.5,2.797182381064345,0.3486609890025934,0.304232583726474,0.0119521912350597,0.0867579908675799,0.0748057996325201,0.0,0.0,0.0,0.0498498376116907,0.1198675617166038,0.1198675617166038,False,False,0.3987987008935257,False
re2tt_ts-auth-service_mem_2,mem,ts-auth-service,direct::POST /api/v1/inside_pay_service/inside_payment,POST /api/v1/inside_pay_service/inside_payment (direct),POST /api/v1/inside_pay_service/inside_payment,76,71,40486.0,50465.0,64298.25,39129.0,149773.0,265046.8999999998,2.967858912117309,0.1055706580246896,0.0986324814820989,0.0131578947368421,0.1408450704225352,0.1276871756856931,0.0,0.0,0.0,1.0,0.0185322461082282,0.0185322461082282,False,False,1.0,False
re2tt_ts-auth-service_mem_2,mem,ts-auth-service,direct::POST /api/v1/orderOtherService/orderOther/refresh,POST /api/v1/orderOtherService/orderOther/refresh (direct),POST /api/v1/orderOtherService/orderOther/refresh,63,52,622725.0,705368.2999999999,725640.8600000001,678522.0,775926.8999999999,853615.2800000001,1.100030863309281,0.0875125191520453,0.0722378737615372,0.0158730158730158,0.2307692307692307,0.2148962148962149,0.0,0.0,0.0,9.870679939073765e-08,0.5927960927960927,0.5927960927960927,False,False,1.085774793298114e-06,True
re2tt_ts-auth-service_mem_2,mem,ts-auth-service,direct::POST /api/v1/orderservice/order/refresh,POST /api/v1/orderservice/order/refresh (direct),POST /api/v1/orderservice/order/refresh,88,100,876254.0,947278.4,977440.94,940099.5,1209251.5499999996,1408326.49,1.2765534926163202,0.1222397092917459,0.1389189880029561,0.0113636363636363,0.35,0.3386363636363636,0.0,0.0,0.0,5.8984531078133246e-15,0.6679545454545455,0.6679545454545455,False,False,7.667989040157323e-14,True
re2tt_ts-auth-service_mem_2,mem,ts-auth-service,direct::POST /api/v1/preserveotherservice/preserveOther,POST /api/v1/preserveotherservice/preserveOther (direct),POST /api/v1/preserveotherservice/preserveOther,31,19,509663.0,582781.0,736298.6999999998,528807.0,820600.7,839023.34,1.408077305196978,0.0430617157732286,0.0263946077205616,0.032258064516129,0.2105263157894736,0.1782682512733446,0.0,0.0,0.0,0.0790437230495168,0.3514431239388795,0.3514431239388795,False,False,0.5533060613466179,False
re2tt_ts-auth-service_mem_2,mem,ts-auth-service,direct::POST /api/v1/preserveservice/preserve,POST /api/v1/preserveservice/preserve (direct),POST /api/v1/preserveservice/preserve,51,36,489129.0,576077.5,742885.5,506889.5,763403.5,913084.6499999996,1.32517499815563,0.0708434678849891,0.0500108356810642,0.0196078431372549,0.0833333333333333,0.0637254901960784,0.0,0.0,0.0,0.0320130421332926,0.3050108932461874,0.3050108932461874,False,False,0.2881173791996341,False
re2tt_ts-auth-service_mem_2,mem,ts-auth-service,direct::POST /api/v1/travel2service/trips/left,POST /api/v1/travel2service/trips/left (direct),POST /api/v1/travel2service/trips/left,910,836,292166.0,331007.99999999994,353393.34,314202.5,597899.25,723084.15,1.8062984882540607,1.2640697210850995,1.1613627397047137,0.0109890109890109,0.1925837320574162,0.1815947210684053,0.0,0.0,0.0,9.121901038894696e-39,0.361754035438246,0.361754035438246,False,False,1.2770661454452573e-37,True
re2tt_ts-auth-service_mem_2,mem,ts-auth-service,direct::POST /api/v1/travelservice/trips/left,POST /api/v1/travelservice/trips/left (direct),POST /api/v1/travelservice/trips/left,283,234,605199.0,674209.2,706425.8800000002,631860.5,943579.2,1025524.71,1.399534743815421,0.3931117923814101,0.3250704319269175,0.0106007067137809,0.2307692307692307,0.2201685240554498,0.0,0.0,0.0,6.135193474548087e-08,0.2827761166983782,0.2827761166983782,False,False,7.362232169457705e-07,True
re2tt_ts-auth-service_mem_2,mem,ts-auth-service,direct::POST /api/v1/users/login,POST /api/v1/users/login (direct),POST /api/v1/users/login,993,923,222201.0,702872.7999999999,909099.2400000005,1066801.0,2299216.9,2771423.3799999976,3.271170686929413,1.3793639923489054,1.2822222592672856,0.0100704934541792,0.6056338028169014,0.5955633093627222,0.0,0.0,0.0,1.4246717797296842e-278,0.942199950029404,0.942199950029404,False,False,2.137007669594526e-277,True
re2tt_ts-auth-service_mem_2,mem,ts-auth-service,direct::PUT /api/v1/consignservice/consigns,PUT /api/v1/consignservice/consigns (direct),PUT /api/v1/consignservice/consigns,75,81,18207.0,23045.3,29277.40000000005,17864.0,122643.0,238960.80000000005,5.321822671000161,0.1041815704191016,0.1125243802823945,0.0133333333333333,0.1234567901234567,0.1101234567901234,0.0,0.0,0.0,0.3716370347118698,-0.1229629629629629,0.0,False,False,1.0,False
re2tt_ts-auth-service_mem_3,mem,ts-auth-service,direct::GET /api/v1/adminbasicservice/adminbasic/configs,GET /api/v1/adminbasicservice/adminbasic/configs (direct),GET /api/v1/adminbasicservice/adminbasic/configs,115,105,14703.0,23008.7,77134.73999999999,13167.0,22785.6,92457.71999999996,0.990303667743071,0.1597284338835399,0.1458337384270512,0.017391304347826,0.0285714285714285,0.0111801242236024,0.0,0.0,0.0,2.420668712117649e-10,-0.5029399585921326,0.0,False,False,1.4524012272705891e-09,False
re2tt_ts-auth-service_mem_3,mem,ts-auth-service,direct::GET /api/v1/adminbasicservice/adminbasic/prices,GET /api/v1/adminbasicservice/adminbasic/prices (direct),GET /api/v1/adminbasicservice/adminbasic/prices,116,105,15950.5,34389.75,91759.2,13267.0,24308.599999999995,126128.6,0.7068559672576856,0.161117376786875,0.1458337384270512,0.0172413793103448,0.0285714285714285,0.0113300492610837,0.0,0.0,0.0,1.597780219679722e-19,-0.7104269293924466,0.0,False,False,1.757558241647694e-18,False
re2tt_ts-auth-service_mem_3,mem,ts-auth-service,direct::GET /api/v1/admintravelservice/admintravel,GET /api/v1/admintravelservice/admintravel (direct),GET /api/v1/admintravelservice/admintravel,116,106,201641.5,661459.5,985740.8999999994,163605.0,306790.0,520647.80000000045,0.4638076858825068,0.161117376786875,0.1472226311739754,0.0172413793103448,0.0,-0.0172413793103448,0.0,0.0,0.0,1.1903377644853589e-13,-0.5839297332465843,0.0,False,False,8.332364351397511e-13,False
re2tt_ts-auth-service_mem_3,mem,ts-auth-service,direct::GET /api/v1/assuranceservice/assurances/types,GET /api/v1/assuranceservice/assurances/types (direct),GET /api/v1/assuranceservice/assurances/types,81,78,8034.0,13571.0,84958.20000000006,5800.0,6911.049999999998,10193.36000000003,0.5092513447793087,0.1125043751701455,0.1083336342600951,0.0123456790123456,0.0,-0.0123456790123456,0.0,0.0,0.0,7.605157070978389e-19,-0.8217790440012662,0.0,False,False,7.60515707097839e-18,False
re2tt_ts-auth-service_mem_3,mem,ts-auth-service,direct::GET /api/v1/contactservice/contacts/account/{accountId},GET /api/v1/contactservice/contacts/account/{accountId} (direct),GET /api/v1/contactservice/contacts/account/{accountId},81,78,12927.0,54485.0,106177.60000000014,9729.5,12461.649999999994,38891.7900000001,0.2287170780948884,0.1125043751701455,0.1083336342600951,0.0123456790123456,0.0,-0.0123456790123456,0.0,0.0,0.0,1.5625703306667589e-15,-0.7404241848686293,0.0,False,False,1.2500562645334071e-14,False
re2tt_ts-auth-service_mem_3,mem,ts-auth-service,direct::GET /api/v1/foodservice/foods/{date}/{startStation}/{endStation}/{tripId},GET /api/v1/foodservice/foods/{date}/{startStation}/{endStation}/{tripId} (direct),GET /api/v1/foodservice/foods/{date}/{startStation}/{endStation}/{tripId},286,244,65594.5,199648.5,281073.8499999997,53442.5,157678.5499999999,241594.88999999996,0.789780789737964,0.3972376703538471,0.3388898302495284,0.0104895104895104,0.0081967213114754,-0.002292789178035,0.0,0.0,0.0,3.679692422663976e-21,-0.4791499484122434,0.0,False,False,4.415630907196771e-20,False
re2tt_ts-auth-service_mem_3,mem,ts-auth-service,direct::POST /api/v1/inside_pay_service/inside_payment,POST /api/v1/inside_pay_service/inside_payment (direct),POST /api/v1/inside_pay_service/inside_payment,82,72,66732.0,199667.3500000001,236991.36999999985,18413.0,156634.2500000001,198611.2200000002,0.7844760297564927,0.1138933180734806,0.1000002777785493,0.0121951219512195,0.0,-0.0121951219512195,0.0,0.0,0.0,2.993916147689884e-05,-0.4051490514905149,0.0,False,False,8.981748443069652e-05,False
re2tt_ts-auth-service_mem_3,mem,ts-auth-service,direct::POST /api/v1/orderOtherService/orderOther/refresh,POST /api/v1/orderOtherService/orderOther/refresh (direct),POST /api/v1/orderOtherService/orderOther/refresh,54,57,47978.0,75192.95,127880.06999999992,124409.0,241386.99999999985,329455.16,3.21023447011987,0.075002916780097,0.0791668865746849,0.0185185185185185,0.4561403508771929,0.4376218323586744,0.0,0.0,0.0,1.1197786920255796e-17,0.9519168291098116,0.9519168291098116,False,False,1.0078008228230215e-16,True
re2tt_ts-auth-service_mem_3,mem,ts-auth-service,direct::POST /api/v1/orderservice/order/refresh,POST /api/v1/orderservice/order/refresh (direct),POST /api/v1/orderservice/order/refresh,99,83,76130.0,116358.0,122498.11999999997,151978.0,191523.7,202896.34,1.645986524347273,0.1375053474301778,0.1152780979947166,0.0101010101010101,0.891566265060241,0.8814652549592309,0.0,0.0,0.0,1.253404031160808e-29,0.9793111841304613,0.9793111841304613,False,False,1.6294252405090503e-28,True
re2tt_ts-auth-service_mem_3,mem,ts-auth-service,direct::POST /api/v1/preserveotherservice/preserveOther,POST /api/v1/preserveotherservice/preserveOther (direct),POST /api/v1/preserveotherservice/preserveOther,30,37,820456.0,1730625.45,2129979.9600000004,597669.0,904088.0,996162.88,0.5224053535096228,0.0416682871000538,0.0513890316361989,0.0333333333333333,0.0,-0.0333333333333333,0.0,0.0,0.0,0.0008909756489656,-0.5027027027027027,0.0,False,False,0.0008909756489656,False
re2tt_ts-auth-service_mem_3,mem,ts-auth-service,direct::POST /api/v1/preserveservice/preserve,POST /api/v1/preserveservice/preserve (direct),POST /api/v1/preserveservice/preserve,51,41,772764.0,1532093.0,2536474.5,564226.0,833448.0,928406.2,0.5439930865815586,0.0708360880700916,0.0569446026238961,0.0196078431372549,0.0,-0.0196078431372549,0.0,0.0,0.0,6.717000226877105e-05,-0.5054997608799617,0.0,False,False,0.0001343400045375,False
re2tt_ts-auth-service_mem_3,mem,ts-auth-service,direct::POST /api/v1/travel2service/trips/left,POST /api/v1/travel2service/trips/left (direct),POST /api/v1/travel2service/trips/left,870,839,399861.5,1016690.7999999996,1599554.6999999995,328678.0,649609.7999999999,790995.3600000001,0.6389452919215952,1.2083803259015629,1.1652810146694852,0.0103448275862068,0.0,-0.0103448275862068,0.0,0.0,0.0,1.93481801390716e-43,-0.3875823709122792,0.0,False,False,2.7087452194700238e-42,False
re2tt_ts-auth-service_mem_3,mem,ts-auth-service,direct::POST /api/v1/travelservice/trips/left,POST /api/v1/travelservice/trips/left (direct),POST /api/v1/travelservice/trips/left,256,242,794746.5,2216690.5,3224253.8,757773.0,1069612.95,1479332.1100000006,0.4825269698228056,0.3555693832537932,0.3361120447556798,0.01171875,0.0,-0.01171875,0.0,0.0,0.0,2.128161278459429e-07,-0.2754390495867769,0.0,False,False,8.512645113837717e-07,False
re2tt_ts-auth-service_mem_3,mem,ts-auth-service,direct::POST /api/v1/users/login,POST /api/v1/users/login (direct),POST /api/v1/users/login,957,907,243422.0,797000.3999999999,1360611.0799999922,1204413.0,2396283.1999999997,2838989.039999998,3.0066273492459974,1.3292183584917192,1.2597257214603372,0.0104493207941483,0.4211686879823594,0.410719367188211,0.0,0.0,0.0,1.6050463957007077e-257,0.9179215644257654,0.9179215644257654,False,False,2.407569593551061e-256,True
re2tt_ts-auth-service_mem_3,mem,ts-auth-service,direct::PUT /api/v1/consignservice/consigns,PUT /api/v1/consignservice/consigns (direct),PUT /api/v1/consignservice/consigns,71,68,41129.0,106403.5,154502.39999999997,31228.0,99545.45,110203.65999999996,0.9355467630294116,0.0986149461367942,0.0944447067908521,0.0140845070422535,0.0,-0.0140845070422535,0.0,0.0,0.0,1.7048753306260025e-08,-0.5662800331400166,0.0,False,False,8.524376653130012e-08,False
re2tt_ts-auth-service_socket_1,socket,ts-auth-service,direct::GET /api/v1/adminbasicservice/adminbasic/configs,GET /api/v1/adminbasicservice/adminbasic/configs (direct),GET /api/v1/adminbasicservice/adminbasic/configs,112,104,10882.5,13257.049999999996,16285.72,10975.0,13288.049999999996,18544.31,1.0023383784476938,0.1555661426958223,0.1444448456801269,0.0178571428571428,0.0192307692307692,0.0013736263736263,0.0,0.0,0.0,1.0,-0.0031765109890109,0.0,False,False,1.0,False
re2tt_ts-auth-service_socket_1,socket,ts-auth-service,direct::GET /api/v1/adminbasicservice/adminbasic/prices,GET /api/v1/adminbasicservice/adminbasic/prices (direct),GET /api/v1/adminbasicservice/adminbasic/prices,113,104,11781.0,15596.799999999988,21886.519999999997,11277.5,13514.85,19147.809999999998,0.8665142849815353,0.1569551261127493,0.1444448456801269,0.0176991150442477,0.0096153846153846,-0.0080837304288631,0.0,0.0,0.0,0.0428291680799206,-0.1809904697072838,0.0,False,False,0.3426333446393649,False
re2tt_ts-auth-service_socket_1,socket,ts-auth-service,direct::GET /api/v1/admintravelservice/admintravel,GET /api/v1/admintravelservice/admintravel (direct),GET /api/v1/admintravelservice/admintravel,112,105,159608.5,178930.5,193957.26,162220.0,182324.2,189609.48,1.0189665819969205,0.1555661426958223,0.1458337384270512,0.0178571428571428,0.0095238095238095,-0.0083333333333333,0.0,0.0,0.0,0.0730504820054717,0.1644557823129251,0.1644557823129251,False,False,0.511353374038302,False
re2tt_ts-auth-service_socket_1,socket,ts-auth-service,direct::GET /api/v1/assuranceservice/assurances/types,GET /api/v1/assuranceservice/assurances/types (direct),GET /api/v1/assuranceservice/assurances/types,94,87,4000.5,4876.4,6900.409999999913,3650.0,4590.8,4826.08,0.9414322040849809,0.1305644411911366,0.1208336689824138,0.0106382978723404,0.0,-0.0106382978723404,0.0,0.0,0.0,1.9835409275021334e-07,-0.4590364392271949,0.0,False,False,2.38024911300256e-06,False
re2tt_ts-auth-service_socket_1,socket,ts-auth-service,direct::GET /api/v1/contactservice/contacts/account/{accountId},GET /api/v1/contactservice/contacts/account/{accountId} (direct),GET /api/v1/contactservice/contacts/account/{accountId},94,87,7267.5,9069.499999999996,14358.469999999954,7041.0,9283.2,25344.920000000024,1.0235624896631572,0.1305644411911366,0.1208336689824138,0.0106382978723404,0.0344827586206896,0.0238444607483492,0.0,0.0,0.0,0.1315477012752033,-0.1585962337979946,0.0,False,False,0.7892862076512199,False
re2tt_ts-auth-service_socket_1,socket,ts-auth-service,direct::GET /api/v1/foodservice/foods/{date}/{startStation}/{endStation}/{tripId},GET /api/v1/foodservice/foods/{date}/{startStation}/{endStation}/{tripId} (direct),GET /api/v1/foodservice/foods/{date}/{startStation}/{endStation}/{tripId},254,247,46348.5,59715.15,113643.81999999998,46550.0,60456.6,102712.9999999999,1.0124164470825243,0.3528017878994542,0.3430565084903013,0.0118110236220472,0.0,-0.0118110236220472,0.0,0.0,0.0,1.0,-0.0012592049475597,0.0,False,False,1.0,False
re2tt_ts-auth-service_socket_1,socket,ts-auth-service,direct::POST /api/v1/inside_pay_service/inside_payment,POST /api/v1/inside_pay_service/inside_payment (direct),POST /api/v1/inside_pay_service/inside_payment,85,88,17338.0,79954.19999999998,130271.75999999992,46392.0,78359.34999999998,119387.2399999996,0.9800529553169188,0.1180635904387937,0.1222225617293381,0.0117647058823529,0.0113636363636363,-0.0004010695187165,0.0,0.0,0.0,1.0,-0.0077540106951872,0.0,False,False,1.0,False
re2tt_ts-auth-service_socket_1,socket,ts-auth-service,direct::POST /api/v1/orderOtherService/orderOther/refresh,POST /api/v1/orderOtherService/orderOther/refresh (direct),POST /api/v1/orderOtherService/orderOther/refresh,67,65,252897.0,300059.3,306246.42000000004,329912.0,369256.2,376167.12,1.2306107492752267,0.093061888934108,0.0902780285500793,0.0149253731343283,0.7076923076923077,0.6927669345579793,0.0,0.0,0.0,1.3071117863056464e-20,0.946727898966705,0.946727898966705,False,False,1.6992453221973403e-19,True
re2tt_ts-auth-service_socket_1,socket,ts-auth-service,direct::POST /api/v1/orderservice/order/refresh,POST /api/v1/orderservice/order/refresh (direct),POST /api/v1/orderservice/order/refresh,110,96,341777.5,430045.45,462467.64,462257.0,537658.0,555257.2999999999,1.2502352948973183,0.1527881758619683,0.1333337037047325,0.0181818181818181,0.4895833333333333,0.4714015151515151,0.0,0.0,0.0,8.333205856992283e-31,0.937689393939394,0.937689393939394,False,False,1.1666488199789196e-29,True
re2tt_ts-auth-service_socket_1,socket,ts-auth-service,direct::POST /api/v1/preserveotherservice/preserveOther,POST /api/v1/preserveotherservice/preserveOther (direct),POST /api/v1/preserveotherservice/preserveOther,42,29,532762.0,740030.3499999996,831052.0099999995,542501.0,587967.7999999999,620497.5599999999,0.7945184950860464,0.0583373035109333,0.0402778896608046,0.0238095238095238,0.0,-0.0238095238095238,0.0,0.0,0.0,0.71695507763663,0.1297208538587848,0.1297208538587848,False,False,1.0,False
re2tt_ts-auth-service_socket_1,socket,ts-auth-service,direct::POST /api/v1/preserveservice/preserve,POST /api/v1/preserveservice/preserve (direct),POST /api/v1/preserveservice/preserve,52,58,503145.5,585686.35,610366.62,527816.5,603604.45,664572.6599999999,1.030593337201729,0.0722271376802032,0.0805557793216092,0.0192307692307692,0.0517241379310344,0.0324933687002652,0.0,0.0,0.0,0.0001781816856603,0.4343501326259946,0.4343501326259946,False,False,0.0017818168566035,True
re2tt_ts-auth-service_socket_1,socket,ts-auth-service,direct::POST /api/v1/travel2service/trips/left,POST /api/v1/travel2service/trips/left (direct),POST /api/v1/travel2service/trips/left,914,837,317292.5,354378.7999999999,430945.79,322489.0,355158.2,372001.52,1.002199341495598,1.2695308430712646,1.1625032291756363,0.0109409190371991,0.0,-0.0109409190371991,0.0,0.0,0.0,4.6288501115348453e-07,0.1429038270994931,0.1429038270994931,False,False,5.0917351226883295e-06,False
re2tt_ts-auth-service_socket_1,socket,ts-auth-service,direct::POST /api/v1/travelservice/trips/left,POST /api/v1/travelservice/trips/left (direct),POST /api/v1/travelservice/trips/left,274,253,713527.5,792013.3999999999,912774.739999999,382317.0,809848.8,849365.2399999998,1.0225190634400885,0.3805814562379939,0.3513898649718471,0.010948905109489,0.0039525691699604,-0.0069963359395285,0.0,0.0,0.0,0.017906218740012,0.1317186463171864,0.1317186463171864,False,False,0.1611559686601087,False
re2tt_ts-auth-service_socket_1,socket,ts-auth-service,direct::POST /api/v1/users/login,POST /api/v1/users/login (direct),POST /api/v1/users/login,981,913,224142.0,737958.0,973198.4,1107442.0,2201347.2,2802252.64,2.983025050206109,1.3625927320053726,1.268059077941883,0.0101936799184505,0.6549835706462213,0.6447898907277707,0.0,0.0,0.0,1.1880287139589853e-282,0.9545962554694732,0.9545962554694732,False,False,1.7820430709384774e-281,True
re2tt_ts-auth-service_socket_1,socket,ts-auth-service,direct::PUT /api/v1/consignservice/consigns,PUT /api/v1/consignservice/consigns (direct),PUT /api/v1/consignservice/consigns,92,73,24264.0,32311.4,43533.4500000002,23353.0,30148.599999999984,35612.32,0.9330638721937144,0.1277864743572826,0.1013891705254736,0.0108695652173913,0.0,-0.0108695652173913,0.0,0.0,0.0,0.3254362470915182,-0.1268612269207861,0.0,False,False,1.0,False
re2tt_ts-auth-service_socket_2,socket,ts-auth-service,direct::GET /api/v1/adminbasicservice/adminbasic/configs,GET /api/v1/adminbasicservice/adminbasic/configs (direct),GET /api/v1/adminbasicservice/adminbasic/configs,110,107,11567.0,15700.249999999996,31552.23999999997,11382.0,13995.799999999994,23055.519999999982,0.8914380344262033,0.1527777777777778,0.1486111111111111,0.0181818181818181,0.0,-0.0181818181818181,0.0,0.0,0.0,0.3941108197101091,-0.1014443500424808,0.0,False,False,1.0,False
re2tt_ts-auth-service_socket_2,socket,ts-auth-service,direct::GET /api/v1/adminbasicservice/adminbasic/prices,GET /api/v1/adminbasicservice/adminbasic/prices (direct),GET /api/v1/adminbasicservice/adminbasic/prices,110,107,12233.0,15337.55,18616.44,11869.0,15494.999999999996,28512.35999999999,1.0102656552056877,0.1527777777777778,0.1486111111111111,0.0181818181818181,0.0373831775700934,0.0192013593882752,0.0,0.0,0.0,0.1140594548219855,-0.1496176720475786,0.0,False,False,1.0,False
re2tt_ts-auth-service_socket_2,socket,ts-auth-service,direct::GET /api/v1/admintravelservice/admintravel,GET /api/v1/admintravelservice/admintravel (direct),GET /api/v1/admintravelservice/admintravel,110,107,161318.0,185580.35,213251.51,161300.0,180110.5,197053.38,0.9705257049035632,0.1527777777777778,0.1486111111111111,0.0181818181818181,0.0,-0.0181818181818181,0.0,0.0,0.0,0.6096428571273724,0.0807136788445199,0.0807136788445199,False,False,1.0,False
re2tt_ts-auth-service_socket_2,socket,ts-auth-service,direct::GET /api/v1/assuranceservice/assurances/types,GET /api/v1/assuranceservice/assurances/types (direct),GET /api/v1/assuranceservice/assurances/types,85,66,5024.0,6036.4,8158.039999999965,4554.0,6896.75,17245.29999999985,1.1425270028493806,0.1180555555555555,0.0916666666666666,0.0117647058823529,0.0151515151515151,0.0033868092691622,0.0,0.0,0.0,2.845342063869455e-05,-0.4126559714795008,0.0,False,False,0.0003129876270256,False
re2tt_ts-auth-service_socket_2,socket,ts-auth-service,direct::GET /api/v1/contactservice/contacts/account/{accountId},GET /api/v1/contactservice/contacts/account/{accountId} (direct),GET /api/v1/contactservice/contacts/account/{accountId},85,66,8551.0,10945.6,30834.31999999985,8485.5,10003.5,24040.29999999999,0.9139288846659844,0.1180555555555555,0.0916666666666666,0.0117647058823529,0.0,-0.0117647058823529,0.0,0.0,0.0,0.2757950783939247,-0.1411764705882353,0.0,False,False,1.0,False
re2tt_ts-auth-service_socket_2,socket,ts-auth-service,direct::GET /api/v1/foodservice/foods/{date}/{startStation}/{endStation}/{tripId},GET /api/v1/foodservice/foods/{date}/{startStation}/{endStation}/{tripId} (direct),GET /api/v1/foodservice/foods/{date}/{startStation}/{endStation}/{tripId},274,264,48737.5,65443.599999999904,104463.57999999996,48315.5,64361.29999999997,103925.44,0.9834620956059884,0.3805555555555555,0.3666666666666666,0.010948905109489,0.0113636363636363,0.0004147312541473,0.0,0.0,0.0,0.5486210833455791,-0.0544956867949568,0.0,False,False,1.0,False
re2tt_ts-auth-service_socket_2,socket,ts-auth-service,direct::POST /api/v1/inside_pay_service/inside_payment,POST /api/v1/inside_pay_service/inside_payment (direct),POST /api/v1/inside_pay_service/inside_payment,66,74,47682.5,120703.75,157237.19999999987,51151.5,109219.09999999987,179459.6099999997,0.9048525832875935,0.0916666666666666,0.1027777777777777,0.0151515151515151,0.027027027027027,0.0118755118755118,0.0,0.0,0.0,1.0,-0.0225225225225225,0.0,False,False,1.0,False
re2tt_ts-auth-service_socket_2,socket,ts-auth-service,direct::POST /api/v1/orderOtherService/orderOther/refresh,POST /api/v1/orderOtherService/orderOther/refresh (direct),POST /api/v1/orderOtherService/orderOther/refresh,50,52,195072.0,231085.1,235050.27,254086.0,287549.1,302401.89,1.244342884937194,0.0694444444444444,0.0722222222222222,0.02,0.8269230769230769,0.8069230769230769,0.0,0.0,0.0,5.833784534862399e-16,0.94,0.94,False,False,7.583919895321121e-15,True
re2tt_ts-auth-service_socket_2,socket,ts-auth-service,direct::POST /api/v1/orderservice/order/refresh,POST /api/v1/orderservice/order/refresh (direct),POST /api/v1/orderservice/order/refresh,96,101,267493.0,321465.0,363408.5499999995,343747.0,390995.0,427475.0,1.216291042570731,0.1333333333333333,0.1402777777777777,0.0104166666666666,0.2772277227722772,0.2668110561056105,0.0,0.0,0.0,1.1525554247342104e-28,0.9216171617161716,0.9216171617161716,False,False,1.6135775946278946e-27,True
re2tt_ts-auth-service_socket_2,socket,ts-auth-service,direct::POST /api/v1/preserveotherservice/preserveOther,POST /api/v1/preserveotherservice/preserveOther (direct),POST /api/v1/preserveotherservice/preserveOther,36,25,545526.5,709092.25,770533.2,564438.0,657778.6,679847.24,0.9276347329984216,0.05,0.0347222222222222,0.0277777777777777,0.0,-0.0277777777777777,0.0,0.0,0.0,0.2732549156757788,0.2266666666666665,0.2266666666666665,False,False,1.0,False
re2tt_ts-auth-service_socket_2,socket,ts-auth-service,direct::POST /api/v1/preserveservice/preserve,POST /api/v1/preserveservice/preserve (direct),POST /api/v1/preserveservice/preserve,49,41,545310.0,713697.5999999999,780577.36,532519.0,602198.0,712483.8000000003,0.8437719280546833,0.0680555555555555,0.0569444444444444,0.0204081632653061,0.0,-0.0204081632653061,0.0,0.0,0.0,0.719858286941303,-0.1129915380786461,0.0,False,False,1.0,False
re2tt_ts-auth-service_socket_2,socket,ts-auth-service,direct::POST /api/v1/travel2service/trips/left,POST /api/v1/travel2service/trips/left (direct),POST /api/v1/travel2service/trips/left,909,852,315947.0,357800.9999999998,432417.6,325023.5,365336.95,488844.7300000001,1.021061847227929,1.2625,1.1833333333333331,0.011001100110011,0.0140845070422535,0.0030834069322425,0.0,0.0,0.0,5.596050379375424e-14,0.2094960669775898,0.2094960669775898,False,False,6.715260455250508e-13,True
re2tt_ts-auth-service_socket_2,socket,ts-auth-service,direct::POST /api/v1/travelservice/trips/left,POST /api/v1/travelservice/trips/left (direct),POST /api/v1/travelservice/trips/left,284,232,709125.5,848625.5499999999,1007794.880000002,740856.0,827827.75,948029.15,0.9754923711641724,0.3944444444444444,0.3222222222222222,0.0105633802816901,0.0043103448275862,-0.0062530354541039,0.0,0.0,0.0,0.1341897190469163,0.093658936376882,0.093658936376882,False,False,1.0,False
re2tt_ts-auth-service_socket_2,socket,ts-auth-service,direct::POST /api/v1/users/login,POST /api/v1/users/login (direct),POST /api/v1/users/login,984,934,222009.0,777658.2999999999,1305565.26,1011792.5,1807478.45,2101193.3,2.324257903503377,1.3666666666666667,1.2972222222222225,0.0101626016260162,0.2805139186295503,0.2703513170035341,0.0,0.0,0.0,6.489574555044228e-260,0.90910782367995,0.90910782367995,False,False,9.734361832566345e-259,True
re2tt_ts-auth-service_socket_2,socket,ts-auth-service,direct::PUT /api/v1/consignservice/consigns,PUT /api/v1/consignservice/consigns (direct),PUT /api/v1/consignservice/consigns,81,78,27183.0,37889.0,49124.60000000007,26009.5,40866.34999999995,81624.52000000014,1.078580854601598,0.1125,0.1083333333333333,0.0123456790123456,0.0384615384615384,0.0261158594491927,0.0,0.0,0.0,0.3547524793015795,-0.1240899018676796,0.0,False,False,1.0,False
re2tt_ts-auth-service_socket_3,socket,ts-auth-service,direct::GET /api/v1/adminbasicservice/adminbasic/configs,GET /api/v1/adminbasicservice/adminbasic/configs (direct),GET /api/v1/adminbasicservice/adminbasic/configs,115,101,9318.0,16220.9,19239.48,9355.0,15766.0,17205.0,0.9719559333945712,0.15972244405895,0.1402779726082952,0.017391304347826,0.0099009900990099,-0.0074903142488161,0.0,0.0,0.0,1.0,0.0255703831252691,0.0255703831252691,False,False,1.0,False
re2tt_ts-auth-service_socket_3,socket,ts-auth-service,direct::GET /api/v1/adminbasicservice/adminbasic/prices,GET /api/v1/adminbasicservice/adminbasic/prices (direct),GET /api/v1/adminbasicservice/adminbasic/prices,114,101,9841.5,14153.449999999988,34481.840000000084,9469.0,12724.0,15465.0,0.899003423193639,0.1583335532410461,0.1402779726082952,0.0175438596491228,0.0,-0.0175438596491228,0.0,0.0,0.0,0.1001385773679577,-0.1550286607608129,0.0,False,False,0.9012471963116196,False
re2tt_ts-auth-service_socket_3,socket,ts-auth-service,direct::GET /api/v1/admintravelservice/admintravel,GET /api/v1/admintravelservice/admintravel (direct),GET /api/v1/admintravelservice/admintravel,114,101,136042.0,177125.69999999995,491687.33,135285.0,164876.0,277491.0,0.9308417694326688,0.1583335532410461,0.1402779726082952,0.0175438596491228,0.0,-0.0175438596491228,0.0,0.0,0.0,0.7044736259098465,0.0736494702101788,0.0736494702101788,False,False,1.0,False
re2tt_ts-auth-service_socket_3,socket,ts-auth-service,direct::GET /api/v1/assuranceservice/assurances/types,GET /api/v1/assuranceservice/assurances/types (direct),GET /api/v1/assuranceservice/assurances/types,88,81,3446.0,4212.65,6024.42999999996,3308.0,4058.0,7268.600000000034,0.9632891410394884,0.1222223919755444,0.112500156250217,0.0113636363636363,0.0123456790123456,0.0009820426487093,0.0,0.0,0.0,0.015594525848205,-0.2373737373737373,0.0,False,False,0.1715397843302553,False
re2tt_ts-auth-service_socket_3,socket,ts-auth-service,direct::GET /api/v1/contactservice/contacts/account/{accountId},GET /api/v1/contactservice/contacts/account/{accountId} (direct),GET /api/v1/contactservice/contacts/account/{accountId},88,81,5996.5,7802.849999999997,9532.109999999971,5650.0,6678.0,7302.4000000000015,0.8558411349699152,0.1222223919755444,0.112500156250217,0.0113636363636363,0.0,-0.0113636363636363,0.0,0.0,0.0,0.0001673440174052,-0.3508698092031426,0.0,False,False,0.002175472226268,False
re2tt_ts-auth-service_socket_3,socket,ts-auth-service,direct::GET /api/v1/foodservice/foods/{date}/{startStation}/{endStation}/{tripId},GET /api/v1/foodservice/foods/{date}/{startStation}/{endStation}/{tripId} (direct),GET /api/v1/foodservice/foods/{date}/{startStation}/{endStation}/{tripId},273,231,40414.0,52572.8,119756.79999999984,40115.0,48940.0,53773.099999999984,0.9308996287053382,0.3791671932877684,0.320833778935804,0.0109890109890109,0.0,-0.0109890109890109,0.0,0.0,0.0,0.9126652855987962,-0.0385011813583242,0.0,False,False,1.0,False
re2tt_ts-auth-service_socket_3,socket,ts-auth-service,direct::POST /api/v1/inside_pay_service/inside_payment,POST /api/v1/inside_pay_service/inside_payment (direct),POST /api/v1/inside_pay_service/inside_payment,81,68,40977.0,59556.0,89652.80000000008,12438.5,81075.39999999997,100607.41999999995,1.3613305124588615,0.112500156250217,0.0944445756174661,0.0123456790123456,0.0588235294117647,0.046477850399419,0.0,0.0,0.0,0.0848347710393908,-0.1935366739288307,0.0,False,False,0.8483477103939087,False
re2tt_ts-auth-service_socket_3,socket,ts-auth-service,direct::POST /api/v1/orderOtherService/orderOther/refresh,POST /api/v1/orderOtherService/orderOther/refresh (direct),POST /api/v1/orderOtherService/orderOther/refresh,57,56,420938.0,519771.0,562804.84,460103.0,560491.25,577967.8,1.0783426739852744,0.079166776620523,0.0777778858026191,0.0175438596491228,0.0357142857142857,0.0181704260651629,0.0,0.0,0.0,0.0001907389089653,0.4260651629072682,0.4260651629072682,False,False,0.0022888669075839,True
re2tt_ts-auth-service_socket_3,socket,ts-auth-service,direct::POST /api/v1/orderservice/order/refresh,POST /api/v1/orderservice/order/refresh (direct),POST /api/v1/orderservice/order/refresh,90,89,561532.0,715253.55,794663.86,635251.0,750558.8,783015.52,1.0493604680466109,0.1250001736113522,0.1236112827934483,0.0111111111111111,0.0,-0.0111111111111111,0.0,0.0,0.0,2.5324453246840672e-08,0.4926342072409488,0.4926342072409488,False,False,3.545423454557694e-07,True
re2tt_ts-auth-service_socket_3,socket,ts-auth-service,direct::POST /api/v1/preserveotherservice/preserveOther,POST /api/v1/preserveotherservice/preserveOther (direct),POST /api/v1/preserveotherservice/preserveOther,37,29,509813.0,624036.2,700141.0000000001,512403.0,727356.7999999993,995801.6799999996,1.1655682795325004,0.0513889602624448,0.0402778337192135,0.027027027027027,0.0689655172413793,0.0419384902143522,0.0,0.0,0.0,1.0,0.015843429636533,0.015843429636533,False,False,1.0,False
re2tt_ts-auth-service_socket_3,socket,ts-auth-service,direct::POST /api/v1/preserveservice/preserve,POST /api/v1/preserveservice/preserve (direct),POST /api/v1/preserveservice/preserve,51,52,487380.0,643015.5,732491.5,485561.0,547721.25,605860.3300000001,0.851801006352102,0.0708334317130996,0.0722223225310035,0.0196078431372549,0.0,-0.0196078431372549,0.0,0.0,0.0,0.8230483353175722,-0.0942684766214178,0.0,False,False,1.0,False
re2tt_ts-auth-service_socket_3,socket,ts-auth-service,direct::POST /api/v1/travel2service/trips/left,POST /api/v1/travel2service/trips/left (direct),POST /api/v1/travel2service/trips/left,907,814,288849.0,404000.49999999977,683938.6199999994,292435.5,342991.45,435697.69000000006,0.8489876868964277,1.2597239718388498,1.130557125773786,0.0110253583241455,0.0049140049140049,-0.0061113534101406,0.0,0.0,0.0,0.6897028084840855,0.0263403124483609,0.0263403124483609,False,False,1.0,False
re2tt_ts-auth-service_socket_3,socket,ts-auth-service,direct::POST /api/v1/travelservice/trips/left,POST /api/v1/travelservice/trips/left (direct),POST /api/v1/travelservice/trips/left,271,249,619612.0,834340.0,1123297.1000000003,628008.0,733880.0,881659.5600000005,0.8795934511110578,0.3763894116519606,0.3458338136580745,0.011070110701107,0.0,-0.011070110701107,0.0,0.0,0.0,1.0,-0.0041642585100549,0.0,False,False,1.0,False
re2tt_ts-auth-service_socket_3,socket,ts-auth-service,direct::POST /api/v1/users/login,POST /api/v1/users/login (direct),POST /api/v1/users/login,982,889,216603.5,667124.15,1071438.2799999977,1700204.0,2301566.4,2815479.8000000003,3.449982136008717,1.3638907831816434,1.2347239371165792,0.010183299389002,0.9426321709786276,0.9324488715896256,0.0,0.0,0.0,2.89858760292344e-303,0.9956678022171872,0.9956678022171872,False,False,4.3478814043851605e-302,True
re2tt_ts-auth-service_socket_3,socket,ts-auth-service,direct::PUT /api/v1/consignservice/consigns,PUT /api/v1/consignservice/consigns (direct),PUT /api/v1/consignservice/consigns,66,76,20162.0,23526.5,26300.29999999997,19187.5,29673.75,38293.5,1.2612904596943872,0.0916667939816583,0.1055557021606974,0.0151515151515151,0.0921052631578947,0.0769537480063795,0.0,0.0,0.0,0.1723840828608047,-0.1674641148325358,0.0,False,False,1.0,False
re2tt_ts-order-service_cpu_1,cpu,ts-order-service,direct::GET /api/v1/adminbasicservice/adminbasic/configs,GET /api/v1/adminbasicservice/adminbasic/configs (direct),GET /api/v1/adminbasicservice/adminbasic/configs,110,122,14352.5,42715.89999999999,65379.63,11773.5,17770.14999999998,22355.60999999997,0.4160078565592668,0.1527782021616726,0.1694684524752117,0.0181818181818181,0.0,-0.0181818181818181,0.0,0.0,0.0,4.645212059600936e-21,-0.7219821162444113,0.0,False,False,4.6452120596009356e-20,False
re2tt_ts-order-service_cpu_1,cpu,ts-order-service,direct::GET /api/v1/adminbasicservice/adminbasic/prices,GET /api/v1/adminbasicservice/adminbasic/prices (direct),GET /api/v1/adminbasicservice/adminbasic/prices,110,121,15758.0,52820.64999999995,82250.81999999998,12144.0,14864.0,34075.59999999995,0.2814050944090997,0.1527782021616726,0.1680793667991854,0.0181818181818181,0.0,-0.0181818181818181,0.0,0.0,0.0,5.267994968369632e-28,-0.8410969196093163,0.0,False,False,6.848393458880522e-27,False
re2tt_ts-order-service_cpu_1,cpu,ts-order-service,direct::GET /api/v1/admintravelservice/admintravel,GET /api/v1/admintravelservice/admintravel (direct),GET /api/v1/admintravelservice/admintravel,111,121,227685.0,734842.5,1197444.4000000015,149678.0,218272.0,234218.0,0.2970323572738376,0.1541670949085969,0.1680793667991854,0.018018018018018,0.0,-0.018018018018018,0.0,0.0,0.0,6.2075291475191465e-22,-0.7374730102002829,0.0,False,False,6.82828206227106e-21,False
re2tt_ts-order-service_cpu_1,cpu,ts-order-service,direct::GET /api/v1/assuranceservice/assurances/types,GET /api/v1/assuranceservice/assurances/types (direct),GET /api/v1/assuranceservice/assurances/types,71,78,6793.0,11683.5,19775.39999999995,5058.5,6376.799999999996,9796.89000000004,0.5457953524200793,0.098611385031625,0.1083486827300534,0.0140845070422535,0.0,-0.0140845070422535,0.0,0.0,0.0,4.673889809075791e-17,-0.8055254604550379,0.0,False,False,3.7391118472606325e-16,False
re2tt_ts-order-service_cpu_1,cpu,ts-order-service,direct::GET /api/v1/contactservice/contacts/account/{accountId},GET /api/v1/contactservice/contacts/account/{accountId} (direct),GET /api/v1/contactservice/contacts/account/{accountId},71,78,11168.0,21268.5,51965.49999999987,8371.5,10435.15,10745.55,0.4906387380398241,0.098611385031625,0.1083486827300534,0.0140845070422535,0.0,-0.0140845070422535,0.0,0.0,0.0,2.3472592118058255e-17,-0.8131094257854821,0.0,False,False,2.1125332906252428e-16,False
re2tt_ts-order-service_cpu_1,cpu,ts-order-service,direct::GET /api/v1/foodservice/foods/{date}/{startStation}/{endStation}/{tripId},GET /api/v1/foodservice/foods/{date}/{startStation}/{endStation}/{tripId} (direct),GET /api/v1/foodservice/foods/{date}/{startStation}/{endStation}/{tripId},262,262,65426.5,183235.3,333996.5899999982,51277.0,98545.79999999996,123434.13999999998,0.5378101271971065,0.3638898996941658,0.3639404471188974,0.0114503816793893,0.0,-0.0114503816793893,0.0,0.0,0.0,1.8795773870240555e-38,-0.6574208962181691,0.0,False,False,2.6314083418336778e-37,False
re2tt_ts-order-service_cpu_1,cpu,ts-order-service,direct::POST /api/v1/inside_pay_service/inside_payment,POST /api/v1/inside_pay_service/inside_payment (direct),POST /api/v1/inside_pay_service/inside_payment,63,71,54783.0,179616.8,210875.88,74372.0,189562.5,240766.1999999997,1.0553717692331677,0.0875002430562307,0.0986250829978691,0.0158730158730158,0.0140845070422535,-0.0017885088307623,0.0,0.0,0.0,1.0,-0.0429242119382964,0.0,False,False,1.0,False
re2tt_ts-order-service_cpu_1,cpu,ts-order-service,direct::POST /api/v1/orderOtherService/orderOther/refresh,POST /api/v1/orderOtherService/orderOther/refresh (direct),POST /api/v1/orderOtherService/orderOther/refresh,50,57,58103.5,110598.79999999994,153731.84,111886.0,150119.8,158679.28,1.3573366076304632,0.0694446373462148,0.0791778835335005,0.02,0.0526315789473684,0.0326315789473684,0.0,0.0,0.0,4.281117182356218e-13,0.8252631578947369,0.8252631578947369,False,False,2.9967820276493525e-12,True
re2tt_ts-order-service_cpu_1,cpu,ts-order-service,direct::POST /api/v1/orderservice/order/refresh,POST /api/v1/orderservice/order/refresh (direct),POST /api/v1/orderservice/order/refresh,80,85,56693.0,107015.79999999994,157575.25999999995,167537.0,263103.6,272273.88,2.4585491114396203,0.1111114197539437,0.1180722824622377,0.0125,0.6235294117647059,0.6110294117647059,0.0,0.0,0.0,2.1249069700913764e-26,0.965,0.965,False,False,2.549888364109652e-25,True
re2tt_ts-order-service_cpu_1,cpu,ts-order-service,direct::POST /api/v1/preserveotherservice/preserveOther,POST /api/v1/preserveotherservice/preserveOther (direct),POST /api/v1/preserveotherservice/preserveOther,39,37,769121.0,1206407.4,1389367.5599999996,559821.0,727874.7999999998,775146.0,0.6033407951575892,0.0541668171300475,0.051396170012974,0.0256410256410256,0.0,-0.0256410256410256,0.0,0.0,0.0,3.847732791605075e-07,-0.6950796950796951,0.0,False,False,1.923866395802537e-06,False
re2tt_ts-order-service_cpu_1,cpu,ts-order-service,direct::POST /api/v1/preserveservice/preserve,POST /api/v1/preserveservice/preserve (direct),POST /api/v1/preserveservice/preserve,32,41,828756.5,1656530.6,4115673.110000004,776256.0,966372.0,1037060.6,0.5833710527291196,0.0444445679015775,0.0569525127170793,0.03125,0.0,-0.03125,0.0,0.0,0.0,0.5868796632709836,-0.1448170731707316,0.0,False,False,1.0,False
re2tt_ts-order-service_cpu_1,cpu,ts-order-service,direct::POST /api/v1/travel2service/trips/left,POST /api/v1/travel2service/trips/left (direct),POST /api/v1/travel2service/trips/left,900,901,428735.5,1026702.8999999998,1897983.0,313278.0,433372.0,643803.0,0.4221006875504102,1.2500034722318671,1.2515661940997196,0.01,0.0,-0.01,0.0,0.0,0.0,2.5339770243036544e-124,-0.646231347885066,0.0,False,False,3.800965536455481e-123,False
re2tt_ts-order-service_cpu_1,cpu,ts-order-service,direct::POST /api/v1/travelservice/trips/left,POST /api/v1/travelservice/trips/left (direct),POST /api/v1/travelservice/trips/left,235,264,903147.0,2875926.4,5085793.719999998,920242.5,1131328.4,1608718.9200000002,0.3933787735318956,0.3263897955272097,0.36671861847095,0.0127659574468085,0.0,-0.0127659574468085,0.0,0.0,0.0,3.715536572397462e-05,-0.2219213410702772,0.0,False,False,0.0001486214628958,False
re2tt_ts-order-service_cpu_1,cpu,ts-order-service,direct::POST /api/v1/users/login,POST /api/v1/users/login (direct),POST /api/v1/users/login,972,986,257324.0,809125.7999999999,1132608.7699999989,228332.5,785457.5,1111833.6,0.9707483063820236,1.3500037500104165,1.3696384765619574,0.0102880658436214,0.0091277890466531,-0.0011602767969682,0.0,0.0,0.0,0.0037450938737616,-0.0811734655548043,0.0,False,False,0.0112352816212848,False
re2tt_ts-order-service_cpu_1,cpu,ts-order-service,direct::PUT /api/v1/consignservice/consigns,PUT /api/v1/consignservice/consigns (direct),PUT /api/v1/consignservice/consigns,67,71,39971.0,106112.8,156505.98000000027,28292.0,101184.0,108964.89999999997,0.9535513152041978,0.0930558140439278,0.0986250829978691,0.0149253731343283,0.0,-0.0149253731343283,0.0,0.0,0.0,1.870765686470129e-11,-0.6729030901828883,0.0,False,False,1.1224594118820771e-10,False
re2tt_ts-order-service_cpu_2,cpu,ts-order-service,direct::GET /api/v1/adminbasicservice/adminbasic/configs,GET /api/v1/adminbasicservice/adminbasic/configs (direct),GET /api/v1/adminbasicservice/adminbasic/configs,115,117,10985.0,13376.7,19554.82,10635.0,14207.399999999998,21533.040000000008,1.0621005180649936,0.1597222222222222,0.1625088025601386,0.017391304347826,0.0256410256410256,0.0082497212931995,0.0,0.0,0.0,0.2477257855384982,-0.1169825343738387,0.0,False,False,0.4954515710769964,False
re2tt_ts-order-service_cpu_2,cpu,ts-order-service,direct::GET /api/v1/adminbasicservice/adminbasic/prices,GET /api/v1/adminbasicservice/adminbasic/prices (direct),GET /api/v1/adminbasicservice/adminbasic/prices,115,117,11771.0,14040.2,16061.44,11300.0,14079.2,17954.40000000001,1.0027777382088574,0.1597222222222222,0.1625088025601386,0.017391304347826,0.017094017094017,-0.0002972872538089,0.0,0.0,0.0,0.0048820171910072,-0.2303232998885173,0.0,False,False,0.0341741203370507,False
re2tt_ts-order-service_cpu_2,cpu,ts-order-service,direct::GET /api/v1/admintravelservice/admintravel,GET /api/v1/admintravelservice/admintravel (direct),GET /api/v1/admintravelservice/admintravel,116,117,146812.5,175726.0,354398.49999999994,150424.0,169780.8,191761.1600000001,0.9661677839363554,0.1611111111111111,0.1625088025601386,0.0172413793103448,0.0,-0.0172413793103448,0.0,0.0,0.0,0.0172230441889977,0.1992337164750957,0.1992337164750957,False,False,0.0861152209449886,False
re2tt_ts-order-service_cpu_2,cpu,ts-order-service,direct::GET /api/v1/assuranceservice/assurances/types,GET /api/v1/assuranceservice/assurances/types (direct),GET /api/v1/assuranceservice/assurances/types,90,76,3797.5,4756.7,5873.419999999999,3642.0,4775.5,7715.25,1.003952319885635,0.125,0.1055612734578678,0.0111111111111111,0.0131578947368421,0.0020467836257309,0.0,0.0,0.0,0.0899930086680383,-0.1809941520467836,0.0,False,False,0.2699790260041149,False
re2tt_ts-order-service_cpu_2,cpu,ts-order-service,direct::GET /api/v1/contactservice/contacts/account/{accountId},GET /api/v1/contactservice/contacts/account/{accountId} (direct),GET /api/v1/contactservice/contacts/account/{accountId},91,76,6910.0,8984.5,14205.59999999998,6440.0,8363.0,20359.25,0.9308253102565528,0.1263888888888888,0.1055612734578678,0.0109890109890109,0.0394736842105263,0.0284846732215153,0.0,0.0,0.0,3.669801574432031e-06,-0.4294389820705609,0.0,False,False,3.3028214169888275e-05,False
re2tt_ts-order-service_cpu_2,cpu,ts-order-service,direct::GET /api/v1/foodservice/foods/{date}/{startStation}/{endStation}/{tripId},GET /api/v1/foodservice/foods/{date}/{startStation}/{endStation}/{tripId} (direct),GET /api/v1/foodservice/foods/{date}/{startStation}/{endStation}/{tripId},285,244,42147.0,68253.00000000003,108463.48000000004,40491.0,48835.15,66680.31999999996,0.7155018827011264,0.3958333333333333,0.3389072463647336,0.0105263157894736,0.0,-0.0105263157894736,0.0,0.0,0.0,6.862721055198319e-07,-0.2569744032211677,0.0,False,False,7.548993160718151e-06,False
re2tt_ts-order-service_cpu_2,cpu,ts-order-service,direct::POST /api/v1/inside_pay_service/inside_payment,POST /api/v1/inside_pay_service/inside_payment (direct),POST /api/v1/inside_pay_service/inside_payment,85,97,46105.0,92271.19999999998,127935.07999999974,56217.0,169191.39999999997,193193.52,1.833631729076895,0.1180555555555555,0.134729520071226,0.0117647058823529,0.0824742268041237,0.0707095209217707,0.0,0.0,0.0,0.0074176800999558,0.2497271073377804,0.2497271073377804,False,False,0.044506080599735,True
re2tt_ts-order-service_cpu_2,cpu,ts-order-service,direct::POST /api/v1/orderOtherService/orderOther/refresh,POST /api/v1/orderOtherService/orderOther/refresh (direct),POST /api/v1/orderOtherService/orderOther/refresh,59,58,158336.0,194306.9,253964.64,187483.5,214742.95,226324.37,1.105174082855524,0.0819444444444444,0.0805599192178465,0.0169491525423728,0.0,-0.0169491525423728,0.0,0.0,0.0,3.7061162563169158e-09,0.6446522501461134,0.6446522501461134,False,False,4.447339507580299e-08,True
re2tt_ts-order-service_cpu_2,cpu,ts-order-service,direct::POST /api/v1/orderservice/order/refresh,POST /api/v1/orderservice/order/refresh (direct),POST /api/v1/orderservice/order/refresh,108,113,221897.5,262068.9,280533.06,319548.0,386355.0,408139.08,1.4742497106676908,0.15,0.1569529460623561,0.0185185185185185,1.0,0.9814814814814816,0.0,0.0,0.0,2.15361827508454e-37,0.9993444772205836,0.9993444772205836,False,False,3.2304274126268105e-36,True
re2tt_ts-order-service_cpu_2,cpu,ts-order-service,direct::POST /api/v1/preserveotherservice/preserveOther,POST /api/v1/preserveotherservice/preserveOther (direct),POST /api/v1/preserveotherservice/preserveOther,38,30,480906.5,617857.2499999999,702721.3700000002,523052.5,583935.25,635943.9700000001,0.9450973505611532,0.0527777777777777,0.0416689237333688,0.0263157894736842,0.0,-0.0263157894736842,0.0,0.0,0.0,0.0230839760012406,0.3596491228070175,0.3596491228070175,False,False,0.0923359040049624,False
re2tt_ts-order-service_cpu_2,cpu,ts-order-service,direct::POST /api/v1/preserveservice/preserve,POST /api/v1/preserveservice/preserve (direct),POST /api/v1/preserveservice/preserve,53,46,484762.0,716672.0,771906.2799999998,759176.5,904081.0,976051.5999999996,1.261498984193606,0.0736111111111111,0.0638923497244989,0.0188679245283018,0.3695652173913043,0.3506972928630024,0.0,0.0,0.0,2.072220798319844e-15,0.9384741591468416,0.9384741591468416,False,False,2.6938870378157967e-14,True
re2tt_ts-order-service_cpu_2,cpu,ts-order-service,direct::POST /api/v1/travel2service/trips/left,POST /api/v1/travel2service/trips/left (direct),POST /api/v1/travel2service/trips/left,918,898,284067.5,325878.19999999995,403570.7100000001,286389.0,322486.95,347763.9499999999,0.989593504567044,1.275,1.2472897837521757,0.0108932461873638,0.0011135857461024,-0.0097796604412613,0.0,0.0,0.0,0.3163705637010099,0.0382525195180769,0.0382525195180769,False,False,0.4954515710769964,False
re2tt_ts-order-service_cpu_2,cpu,ts-order-service,direct::POST /api/v1/travelservice/trips/left,POST /api/v1/travelservice/trips/left (direct),POST /api/v1/travelservice/trips/left,282,262,672243.0,918672.3999999998,1159206.6999999995,906276.5,1004557.5,1017715.83,1.0934882772139451,0.3916666666666666,0.363908600604755,0.0106382978723404,0.0,-0.0106382978723404,0.0,0.0,0.0,4.187275334459352e-19,0.4467002327973579,0.4467002327973579,False,False,5.862185468243092e-18,True
re2tt_ts-order-service_cpu_2,cpu,ts-order-service,direct::POST /api/v1/users/login,POST /api/v1/users/login (direct),POST /api/v1/users/login,994,985,223110.5,692785.2499999999,1002843.0499999996,243530.0,720340.5999999999,938525.3199999996,1.0397747353887803,1.3805555555555555,1.3681296625789452,0.0100603621730382,0.0081218274111675,-0.0019385347618707,0.0,0.0,0.0,1.2374611478291792e-06,0.1294354962260875,0.1294354962260875,False,False,1.2374611478291792e-05,False
re2tt_ts-order-service_cpu_2,cpu,ts-order-service,direct::PUT /api/v1/consignservice/consigns,PUT /api/v1/consignservice/consigns (direct),PUT /api/v1/consignservice/consigns,82,74,23623.0,31729.550000000003,46336.00999999989,22651.0,29054.74999999999,33329.109999999986,0.9157000335649256,0.1138888888888888,0.1027833452089766,0.0121951219512195,0.0,-0.0121951219512195,0.0,0.0,0.0,0.001563188278528,-0.3121292023731048,0.0,False,False,0.0125055062282244,False
re2tt_ts-order-service_cpu_3,cpu,ts-order-service,direct::GET /api/v1/adminbasicservice/adminbasic/configs,GET /api/v1/adminbasicservice/adminbasic/configs (direct),GET /api/v1/adminbasicservice/adminbasic/configs,122,105,9945.5,12201.9,17714.39,9936.0,12317.0,17440.75999999999,1.0094329571624092,0.1694449151247642,0.1656579935503821,0.0163934426229508,0.0095238095238095,-0.0068696330991412,0.0,0.0,0.0,1.0,0.0076502732240437,0.0076502732240437,False,False,1.0,False
re2tt_ts-order-service_cpu_3,cpu,ts-order-service,direct::GET /api/v1/adminbasicservice/adminbasic/prices,GET /api/v1/adminbasicservice/adminbasic/prices (direct),GET /api/v1/adminbasicservice/adminbasic/prices,122,105,10507.0,12642.55,16816.779999999977,10295.0,15198.0,18210.24,1.2021308992252355,0.1694449151247642,0.1656579935503821,0.0163934426229508,0.0380952380952381,0.0217017954722872,0.0,0.0,0.0,0.2513496132635276,-0.1180327868852458,0.0,False,False,1.0,False
re2tt_ts-order-service_cpu_3,cpu,ts-order-service,direct::GET /api/v1/admintravelservice/admintravel,GET /api/v1/admintravelservice/admintravel (direct),GET /api/v1/admintravelservice/admintravel,123,103,146011.0,171042.4,265850.4800000001,145109.0,160842.7,169195.26,0.940367417669537,0.1708338078716885,0.1625026031970415,0.016260162601626,0.0,-0.016260162601626,0.0,0.0,0.0,1.0,-0.0303891388428447,0.0,False,False,1.0,False
re2tt_ts-order-service_cpu_3,cpu,ts-order-service,direct::GET /api/v1/assuranceservice/assurances/types,GET /api/v1/assuranceservice/assurances/types (direct),GET /api/v1/assuranceservice/assurances/types,71,61,3423.0,3973.0,4544.499999999999,3468.0,4157.0,8786.199999999986,1.0463126101182985,0.098611385031625,0.0962394057768886,0.0140845070422535,0.0327868852459016,0.0187023782036481,0.0,0.0,0.0,1.0,0.0030016162549064,0.0030016162549064,False,False,1.0,False
re2tt_ts-order-service_cpu_3,cpu,ts-order-service,direct::GET /api/v1/contactservice/contacts/account/{accountId},GET /api/v1/contactservice/contacts/account/{accountId} (direct),GET /api/v1/contactservice/contacts/account/{accountId},71,63,6300.0,7967.0,19737.499999999996,6184.0,7961.4,12259.180000000024,0.9992971005397264,0.098611385031625,0.0993947961302292,0.0140845070422535,0.0,-0.0140845070422535,0.0,0.0,0.0,0.2260401959429027,-0.1591772859378493,0.0,False,False,1.0,False
re2tt_ts-order-service_cpu_3,cpu,ts-order-service,direct::GET /api/v1/foodservice/foods/{date}/{startStation}/{endStation}/{tripId},GET /api/v1/foodservice/foods/{date}/{startStation}/{endStation}/{tripId} (direct),GET /api/v1/foodservice/foods/{date}/{startStation}/{endStation}/{tripId},263,193,39381.0,48909.49999999999,88917.81999999995,40135.0,51221.399999999965,75124.15999999992,1.047268935482881,0.36527879244109,0.304495169097369,0.0114068441064638,0.005181347150259,-0.0062254969562048,0.0,0.0,0.0,0.0299319207604914,0.1333162591855632,0.1333162591855632,False,False,0.2394553660839317,False
re2tt_ts-order-service_cpu_3,cpu,ts-order-service,direct::POST /api/v1/inside_pay_service/inside_payment,POST /api/v1/inside_pay_service/inside_payment (direct),POST /api/v1/inside_pay_service/inside_payment,83,65,15114.0,58180.49999999999,99943.95999999986,68290.0,190459.4,194266.16,3.2735951048890954,0.1152780979947166,0.1025501864835698,0.0120481927710843,0.2153846153846154,0.203336422613531,0.0,0.0,0.0,2.208282602111016e-06,0.4676552363299351,0.4676552363299351,False,False,2.429110862322117e-05,True
re2tt_ts-order-service_cpu_3,cpu,ts-order-service,direct::POST /api/v1/orderOtherService/orderOther/refresh,POST /api/v1/orderOtherService/orderOther/refresh (direct),POST /api/v1/orderOtherService/orderOther/refresh,64,54,249545.5,290481.3,336644.01999999984,287244.0,331163.65,337284.13,1.1400515282739374,0.088889135803155,0.0851955395401965,0.015625,0.0185185185185185,0.0028935185185185,0.0,0.0,0.0,3.529405927636584e-12,0.755787037037037,0.755787037037037,False,False,4.2352871131639007e-11,True
re2tt_ts-order-service_cpu_3,cpu,ts-order-service,direct::POST /api/v1/orderservice/order/refresh,POST /api/v1/orderservice/order/refresh (direct),POST /api/v1/orderservice/order/refresh,115,92,354600.0,410718.7,469868.78,467636.0,571737.65,577820.68,1.3920419255320005,0.1597226658962941,0.1451479562536681,0.017391304347826,0.4782608695652174,0.4608695652173913,0.0,0.0,0.0,5.329018746995539e-31,0.942155009451796,0.942155009451796,False,False,7.99352812049331e-30,True
re2tt_ts-order-service_cpu_3,cpu,ts-order-service,direct::POST /api/v1/preserveotherservice/preserveOther,POST /api/v1/preserveotherservice/preserveOther (direct),POST /api/v1/preserveotherservice/preserveOther,27,28,487182.0,540693.6,861766.0599999994,532528.0,625656.3499999999,690417.35,1.1571365927024102,0.037500104166956,0.0441754649467685,0.037037037037037,0.0,-0.037037037037037,0.0,0.0,0.0,0.0002561181269809,0.6031746031746033,0.6031746031746033,False,False,0.0025611812698094,True
re2tt_ts-order-service_cpu_3,cpu,ts-order-service,direct::POST /api/v1/preserveservice/preserve,POST /api/v1/preserveservice/preserve (direct),POST /api/v1/preserveservice/preserve,44,34,480914.5,568013.55,669811.77,760204.5,931016.4,949030.25,1.6390742791259116,0.061111280864669,0.0536416360067904,0.0227272727272727,0.8823529411764706,0.8596256684491979,0.0,0.0,0.0,1.7085847438198917e-13,0.9906417112299466,0.9906417112299466,False,False,2.221160166965859e-12,True
re2tt_ts-order-service_cpu_3,cpu,ts-order-service,direct::POST /api/v1/travel2service/trips/left,POST /api/v1/travel2service/trips/left (direct),POST /api/v1/travel2service/trips/left,898,803,284880.5,329955.75,579181.1799999998,286972.0,324910.9,390340.2000000006,0.984710525578051,1.2472256867380187,1.2668892268662555,0.010022271714922,0.0012453300124533,-0.0087769417024687,0.0,0.0,0.0,0.0027608155557238,0.0897233925119331,0.0897233925119331,False,False,0.0248473400015142,False
re2tt_ts-order-service_cpu_3,cpu,ts-order-service,direct::POST /api/v1/travelservice/trips/left,POST /api/v1/travelservice/trips/left (direct),POST /api/v1/travelservice/trips/left,266,206,654465.0,739707.5,937742.9,897295.5,986282.75,1000576.45,1.3333415573047454,0.369445470681863,0.325005206394083,0.0112781954887218,0.2766990291262136,0.2654208336374918,0.0,0.0,0.0,4.09717462534457e-19,0.4833564493758668,0.4833564493758668,False,False,5.7360444754823995e-18,True
re2tt_ts-order-service_cpu_3,cpu,ts-order-service,direct::POST /api/v1/users/login,POST /api/v1/users/login (direct),POST /api/v1/users/login,994,879,224648.5,691512.4999999994,908644.4599999996,226525.0,720120.1999999998,1008179.7,1.041369751089099,1.380559390442751,1.3867940602931987,0.0100603621730382,0.018202502844141,0.0081421406711028,0.0,0.0,0.0,0.6980581636587404,0.0250410311699549,0.0250410311699549,False,False,1.0,False
re2tt_ts-order-service_cpu_3,cpu,ts-order-service,direct::PUT /api/v1/consignservice/consigns,PUT /api/v1/consignservice/consigns (direct),PUT /api/v1/consignservice/consigns,96,80,21348.5,28819.5,32422.749999999887,21625.5,28246.899999999998,43883.14999999967,0.980131508180225,0.1333337037047325,0.1262156141336244,0.0104166666666666,0.025,0.0145833333333333,0.0,0.0,0.0,1.0,0.0287760416666666,0.0287760416666666,False,False,1.0,False
re2tt_ts-order-service_delay_1,delay,ts-order-service,direct::GET /api/v1/adminbasicservice/adminbasic/configs,GET /api/v1/adminbasicservice/adminbasic/configs (direct),GET /api/v1/adminbasicservice/adminbasic/configs,82,35,9111.5,11312.4,14427.979999999994,8613.0,11481.1,13913.359999999988,1.0149128390085216,0.1138892052477923,0.081382857514893,0.0121951219512195,0.0285714285714285,0.016376306620209,0.0,0.0,0.0,0.0853499675858921,-0.2376306620209058,0.0,False,False,0.3413998703435684,False
re2tt_ts-order-service_delay_1,delay,ts-order-service,direct::GET /api/v1/adminbasicservice/adminbasic/prices,GET /api/v1/adminbasicservice/adminbasic/prices (direct),GET /api/v1/adminbasicservice/adminbasic/prices,74,29,9153.0,13473.649999999996,15127.839999999998,8505.0,11346.2,13466.199999999995,0.8421029194019439,0.1027780632723979,0.0674315105123399,0.0135135135135135,0.0,-0.0135135135135135,0.0,0.0,0.0,0.00919177671321,-0.3606710158434296,0.0,False,False,0.0643424369924704,False
re2tt_ts-order-service_delay_1,delay,ts-order-service,direct::GET /api/v1/admintravelservice/admintravel,GET /api/v1/admintravelservice/admintravel (direct),GET /api/v1/admintravelservice/admintravel,73,33,151144.0,170788.4,188323.56000000003,144606.0,176004.0,180424.16,1.030538373800563,0.1013891705254736,0.076732408514042,0.0136986301369863,0.0,-0.0136986301369863,0.0,0.0,0.0,0.0046832025940437,-0.3706932337069323,0.0,False,False,0.0421488233463937,False
re2tt_ts-order-service_delay_1,delay,ts-order-service,direct::GET /api/v1/assuranceservice/assurances/types,GET /api/v1/assuranceservice/assurances/types (direct),GET /api/v1/assuranceservice/assurances/types,45,18,2428.0,3219.9999999999995,8395.480000000021,2442.0,2929.9,3124.38,0.9099068322981366,0.0625001736115933,0.0418540410076592,0.0222222222222222,0.0,-0.0222222222222222,0.0,0.0,0.0,0.8400375490249108,-0.1320987654320987,0.0,False,False,0.9846495306136882,False
re2tt_ts-order-service_delay_1,delay,ts-order-service,direct::GET /api/v1/contactservice/contacts/account/{accountId},GET /api/v1/contactservice/contacts/account/{accountId} (direct),GET /api/v1/contactservice/contacts/account/{accountId},46,16,5073.5,6626.75,14700.799999999968,4667.5,6783.75,9019.95,1.023691854981703,0.0638890663585176,0.0372035920068082,0.0217391304347826,0.0,-0.0217391304347826,0.0,0.0,0.0,0.1286111105680524,-0.3138586956521739,0.0,False,False,0.3858333317041572,False
re2tt_ts-order-service_delay_1,delay,ts-order-service,direct::GET /api/v1/foodservice/foods/{date}/{startStation}/{endStation}/{tripId},GET /api/v1/foodservice/foods/{date}/{startStation}/{endStation}/{tripId} (direct),GET /api/v1/foodservice/foods/{date}/{startStation}/{endStation}/{tripId},169,70,42280.0,59879.6,90066.03999999963,41004.5,50013.24999999999,71548.62000000014,0.8352301952584853,0.2347228742302061,0.1627657150297861,0.0118343195266272,0.0142857142857142,0.002451394759087,0.0,0.0,0.0,0.0078184786737904,-0.2373626373626374,0.0,False,False,0.0625478293903232,False
re2tt_ts-order-service_delay_1,delay,ts-order-service,direct::POST /api/v1/inside_pay_service/inside_payment,POST /api/v1/inside_pay_service/inside_payment (direct),POST /api/v1/inside_pay_service/inside_payment,54,24,46113.5,66402.74999999999,152415.13999999984,410475.5,1056389.9,1185841.73,15.90882757114728,0.075000208333912,0.0558053880102123,0.0185185185185185,0.625,0.6064814814814815,0.0,0.0,0.0,0.0009226450514845,0.5,0.5,False,False,0.0092264505148456,True
re2tt_ts-order-service_delay_1,delay,ts-order-service,direct::POST /api/v1/orderOtherService/orderOther/refresh,POST /api/v1/orderOtherService/orderOther/refresh (direct),POST /api/v1/orderOtherService/orderOther/refresh,39,19,1287328.0,1440731.6000000003,1627772.24,1279404.0,1410155.1999999995,1542348.64,0.978777171264932,0.0541668171300475,0.0441792655080848,0.0256410256410256,0.0,-0.0256410256410256,0.0,0.0,0.0,0.4923247653068441,-0.1902834008097166,0.0,False,False,0.9846495306136882,False
re2tt_ts-order-service_delay_1,delay,ts-order-service,direct::POST /api/v1/orderservice/order/refresh,POST /api/v1/orderservice/order/refresh (direct),POST /api/v1/orderservice/order/refresh,68,28,1761547.0,1976416.05,2008525.1,3301064.5,3675450.7,3710727.8,1.8596543475752487,0.0944447067908521,0.0651062860119144,0.0147058823529411,1.0,0.9852941176470588,0.0,0.0,0.0,3.4471751132175554e-14,1.0,1.0,False,False,4.4813276471828213e-13,True
re2tt_ts-order-service_delay_1,delay,ts-order-service,direct::POST /api/v1/preserveotherservice/preserveOther,POST /api/v1/preserveotherservice/preserveOther (direct),POST /api/v1/preserveotherservice/preserveOther,11,6,582846.0,668570.5,685636.5,1495786.0,1792973.0,1796424.2,2.6818009469457595,0.0152778202161672,0.013951347002553,0.0909090909090909,1.0,0.9090909090909092,0.0,0.0,0.0,1.0,,0.0,True,False,,False
re2tt_ts-order-service_delay_1,delay,ts-order-service,direct::POST /api/v1/preserveservice/preserve,POST /api/v1/preserveservice/preserve (direct),POST /api/v1/preserveservice/preserve,34,13,619697.0,934087.3999999987,1336796.9200000002,7823720.0,8016248.8,8017632.16,8.581904434210344,0.047222353395426,0.0302279185055317,0.0294117647058823,1.0,0.9705882352941176,0.0,0.0,0.0,3.1416604094394325e-07,1.0,1.0,False,False,3.7699924913273192e-06,True
re2tt_ts-order-service_delay_1,delay,ts-order-service,direct::POST /api/v1/travel2service/trips/left,POST /api/v1/travel2service/trips/left (direct),POST /api/v1/travel2service/trips/left,581,223,342417.0,407523.0,512111.2000000002,335546.0,373428.8,457491.32,0.9163379735622283,0.8069466859630166,0.5185250635948901,0.0103270223752151,0.0044843049327354,-0.0058427174424797,0.0,0.0,0.0,1.2280708665594605e-05,-0.2057763404675717,0.0,False,False,0.0001350877953215,False
re2tt_ts-order-service_delay_1,delay,ts-order-service,direct::POST /api/v1/travelservice/trips/left,POST /api/v1/travelservice/trips/left (direct),POST /api/v1/travelservice/trips/left,187,66,709756.0,793332.7999999999,861134.04,4318041.0,4730953.75,4777888.1,5.963391088834346,0.2597229436748435,0.153464817028084,0.0106951871657754,1.0,0.9893048128342246,0.0,0.0,0.0,2.9475099831215853e-33,1.0,1.0,False,False,4.126513976370219e-32,True
re2tt_ts-order-service_delay_1,delay,ts-order-service,direct::POST /api/v1/users/login,POST /api/v1/users/login (direct),POST /api/v1/users/login,624,248,218181.0,623190.55,844435.8399999992,213747.5,520819.4499999999,798896.93,0.8357306605499712,0.8666690740807613,0.576655676105528,0.0112179487179487,0.0080645161290322,-0.0031534325889164,0.0,0.0,0.0,0.0540974464093878,-0.095875982216708,0.0,False,False,0.3245846784563269,False
re2tt_ts-order-service_delay_1,delay,ts-order-service,direct::PUT /api/v1/consignservice/consigns,PUT /api/v1/consignservice/consigns (direct),PUT /api/v1/consignservice/consigns,55,20,17352.0,22393.899999999998,27569.98,15979.0,20371.050000000003,22439.009999999995,0.9096695975243262,0.0763891010808363,0.0465044900085103,0.0181818181818181,0.0,-0.0181818181818181,0.0,0.0,0.0,0.0611527396995824,-0.3290909090909091,0.0,False,False,0.3245846784563269,False
re2tt_ts-order-service_delay_2,delay,ts-order-service,direct::GET /api/v1/adminbasicservice/adminbasic/configs,GET /api/v1/adminbasicservice/adminbasic/configs (direct),GET /api/v1/adminbasicservice/adminbasic/configs,113,113,17483.0,22545.79999999999,27895.0,15310.0,20903.8,26256.919999999995,0.9271704707750448,0.1569677715993904,0.1569640649525635,0.0176991150442477,0.0,-0.0176991150442477,0.0,0.0,0.0,5.782214328180828e-10,-0.4853943143550787,0.0,False,False,2.807075872672703e-09,False
re2tt_ts-order-service_delay_2,delay,ts-order-service,direct::GET /api/v1/adminbasicservice/adminbasic/prices,GET /api/v1/adminbasicservice/adminbasic/prices (direct),GET /api/v1/adminbasicservice/adminbasic/prices,112,114,16282.0,19738.5,61093.22000000002,14679.0,20443.649999999998,27005.32000000001,1.0357245991336728,0.155578676275502,0.1583531274742676,0.0178571428571428,0.0,-0.0178571428571428,0.0,0.0,0.0,1.1202447902136812e-10,-0.5046209273182958,0.0,False,False,6.721468741282086e-10,False
re2tt_ts-order-service_delay_2,delay,ts-order-service,direct::GET /api/v1/admintravelservice/admintravel,GET /api/v1/admintravelservice/admintravel (direct),GET /api/v1/admintravelservice/admintravel,113,114,198562.0,400127.8,474675.44,167743.5,375520.0499999999,497732.70000000007,0.9385002741624048,0.1569677715993904,0.1583531274742676,0.0176991150442477,0.0263157894736842,0.0086166744294364,0.0,0.0,0.0,1.1560606479052772e-09,-0.4760130414531904,0.0,False,False,2.807075872672703e-09,False
re2tt_ts-order-service_delay_2,delay,ts-order-service,direct::GET /api/v1/assuranceservice/assurances/types,GET /api/v1/assuranceservice/assurances/types (direct),GET /api/v1/assuranceservice/assurances/types,101,76,5734.0,7664.0,16718.0,4902.0,5956.5,8648.75,0.777205114822547,0.1402986277127295,0.1055687516495117,0.0099009900990099,0.0,-0.0099009900990099,0.0,0.0,0.0,7.289802348746357e-13,-0.6391349661281918,0.0,False,False,5.8318418789970855e-12,False
re2tt_ts-order-service_delay_2,delay,ts-order-service,direct::GET /api/v1/foodservice/foods/{date}/{startStation}/{endStation}/{tripId},GET /api/v1/foodservice/foods/{date}/{startStation}/{endStation}/{tripId} (direct),GET /api/v1/foodservice/foods/{date}/{startStation}/{endStation}/{tripId},206,207,54390.0,110244.0,145610.34999999992,48122.0,59772.59999999999,111228.02,0.5421846086861869,0.2861536367210127,0.2875359419927491,0.0145631067961165,0.0,-0.0145631067961165,0.0,0.0,0.0,1.3686285890372821e-30,-0.6574504010130857,0.0,False,False,1.368628589037282e-29,False
re2tt_ts-order-service_delay_2,delay,ts-order-service,direct::POST /api/v1/inside_pay_service/inside_payment,POST /api/v1/inside_pay_service/inside_payment (direct),POST /api/v1/inside_pay_service/inside_payment,77,80,18451.0,86945.8,90776.6,416343.5,425455.9,989779.869999995,4.893346199586408,0.1069603399394076,0.1111250017363281,0.0129870129870129,0.7,0.687012987012987,0.0,0.0,0.0,7.163618388659758e-10,0.5800324675324675,0.5800324675324675,False,False,2.807075872672703e-09,True
re2tt_ts-order-service_delay_2,delay,ts-order-service,direct::POST /api/v1/orderOtherService/orderOther/refresh,POST /api/v1/orderOtherService/orderOther/refresh (direct),POST /api/v1/orderOtherService/orderOther/refresh,60,56,19390.0,25622.8,64662.87999999973,17840.0,21499.25,28434.5,0.8390671589365722,0.0833457194333046,0.0777875012154297,0.0166666666666666,0.0,-0.0166666666666666,0.0,0.0,0.0,3.017447544608914e-07,-0.5660714285714286,0.0,False,False,3.017447544608914e-07,False
re2tt_ts-order-service_delay_2,delay,ts-order-service,direct::POST /api/v1/orderservice/order/refresh,POST /api/v1/orderservice/order/refresh (direct),POST /api/v1/orderservice/order/refresh,102,114,22563.5,29990.599999999988,34290.039999999986,421118.0,623011.0,627641.12,20.773542376611346,0.1416877230366179,0.1583531274742676,0.0196078431372549,1.0,0.9803921568627452,0.0,0.0,0.0,1.5688302622062787e-36,1.0,1.0,False,False,1.8825963146475345e-35,True
re2tt_ts-order-service_delay_2,delay,ts-order-service,direct::POST /api/v1/travel2service/trips/left,POST /api/v1/travel2service/trips/left (direct),POST /api/v1/travel2service/trips/left,988,976,50330.0,82526.59999999998,107105.47999999998,45760.5,63273.25,107961.75,0.7667012817685451,1.37242618000175,1.3557250211832037,0.0101214574898785,0.0133196721311475,0.0031982146412689,0.0,0.0,0.0,1.106404698316802e-35,-0.3264035225990576,0.0,False,False,1.2170451681484823e-34,False
re2tt_ts-order-service_delay_2,delay,ts-order-service,direct::POST /api/v1/travelservice/trips/left,POST /api/v1/travelservice/trips/left (direct),POST /api/v1/travelservice/trips/left,256,247,65543.0,126210.5,200657.2999999998,47602.0,73864.59999999999,127595.15999999996,0.5852492462988419,0.3556084029154333,0.3430984428609132,0.01171875,0.0040485829959514,-0.0076701670040485,0.0,0.0,0.0,3.948983427535752e-14,-0.3944521761133603,0.0,False,False,3.554085084782177e-13,False
re2tt_ts-order-service_delay_2,delay,ts-order-service,direct::POST /api/v1/users/login,POST /api/v1/users/login (direct),POST /api/v1/users/login,1058,1059,241503.0,852277.2499999998,1312098.5200000005,217614.0,708391.1999999998,987308.4400000018,0.8311745972334708,1.469662852673939,1.471017210484644,0.0103969754253308,0.0,-0.0103969754253308,0.0,0.0,0.0,5.614151745345405e-10,-0.1583724703727702,0.0,False,False,2.807075872672703e-09,False
re2tt_ts-order-service_delay_2,delay,ts-order-service,direct::PUT /api/v1/consignservice/consigns,PUT /api/v1/consignservice/consigns (direct),PUT /api/v1/consignservice/consigns,85,90,24848.0,98317.4,101847.79999999996,22187.0,32329.099999999995,63517.15999999997,0.3288237890749755,0.1180731025305149,0.1250156269533691,0.0117647058823529,0.0,-0.0117647058823529,0.0,0.0,0.0,5.6285058234846234e-11,-0.5830065359477123,0.0,False,False,3.939954076439237e-10,False
re2tt_ts-order-service_delay_3,delay,ts-order-service,direct::GET /api/v1/adminbasicservice/adminbasic/configs,GET /api/v1/adminbasicservice/adminbasic/configs (direct),GET /api/v1/adminbasicservice/adminbasic/configs,114,114,14142.5,17734.399999999998,22755.81,13766.5,17054.149999999998,20119.900000000005,0.961642344821364,0.1583381714441274,0.1583581867709793,0.0175438596491228,0.0087719298245614,-0.0087719298245614,0.0,0.0,0.0,0.0132210713505087,-0.2082179132040628,0.0,False,False,0.1189896421545787,False
re2tt_ts-order-service_delay_3,delay,ts-order-service,direct::GET /api/v1/adminbasicservice/adminbasic/prices,GET /api/v1/adminbasicservice/adminbasic/prices (direct),GET /api/v1/adminbasicservice/adminbasic/prices,113,114,13238.0,15755.599999999997,17180.119999999995,13189.0,16281.449999999995,22658.09,1.0333754347660515,0.1569492401156702,0.1583581867709793,0.0176991150442477,0.043859649122807,0.0261605340785592,0.0,0.0,0.0,0.7508659409577358,-0.0681571184598665,0.0,False,False,1.0,False
re2tt_ts-order-service_delay_3,delay,ts-order-service,direct::GET /api/v1/admintravelservice/admintravel,GET /api/v1/admintravelservice/admintravel (direct),GET /api/v1/admintravelservice/admintravel,115,112,154488.0,212525.1,309830.24,159455.0,214547.5,296431.35,1.0095160524568627,0.1597271027725847,0.1555799729679797,0.017391304347826,0.0,-0.017391304347826,0.0,0.0,0.0,0.3525219898817864,0.1039596273291925,0.1039596273291925,False,False,1.0,False
re2tt_ts-order-service_delay_3,delay,ts-order-service,direct::GET /api/v1/assuranceservice/assurances/types,GET /api/v1/assuranceservice/assurances/types (direct),GET /api/v1/assuranceservice/assurances/types,90,79,4481.0,5548.9,7044.179999999995,4094.0,5519.399999999998,8230.419999999995,0.9946836309899256,0.1250038195611532,0.1097394452184856,0.0111111111111111,0.0379746835443038,0.0268635724331926,0.0,0.0,0.0,2.217527918861536e-06,-0.4350210970464134,0.0,False,False,2.217527918861536e-05,False
re2tt_ts-order-service_delay_3,delay,ts-order-service,direct::GET /api/v1/foodservice/foods/{date}/{startStation}/{endStation}/{tripId},GET /api/v1/foodservice/foods/{date}/{startStation}/{endStation}/{tripId} (direct),GET /api/v1/foodservice/foods/{date}/{startStation}/{endStation}/{tripId},228,209,44947.5,52580.09999999999,87848.48999999974,43889.0,57419.39999999999,85700.87999999999,1.0920367211169244,0.3166763428882549,0.2903233424134621,0.0131578947368421,0.0047846889952153,-0.0083732057416267,0.0,0.0,0.0,0.0138465612081174,-0.1495005456224293,0.0,False,False,0.1189896421545787,False
re2tt_ts-order-service_delay_3,delay,ts-order-service,direct::POST /api/v1/inside_pay_service/inside_payment,POST /api/v1/inside_pay_service/inside_payment (direct),POST /api/v1/inside_pay_service/inside_payment,75,82,15543.0,22621.19999999997,43383.240000000114,414205.5,417228.65,420613.78,18.44414310469827,0.1041698496342943,0.1139067659229851,0.0133333333333333,0.573170731707317,0.5598373983739837,0.0,0.0,0.0,5.222462165433375e-10,0.585040650406504,0.585040650406504,False,False,5.744708381976712e-09,True
re2tt_ts-order-service_delay_3,delay,ts-order-service,direct::POST /api/v1/orderOtherService/orderOther/refresh,POST /api/v1/orderOtherService/orderOther/refresh (direct),POST /api/v1/orderOtherService/orderOther/refresh,53,67,16409.0,21788.999999999996,26160.08,16497.0,20899.6,22994.90000000001,0.9591812382394788,0.0736133604082347,0.0930701624004878,0.0188679245283018,0.0,-0.0188679245283018,0.0,0.0,0.0,1.0,0.0230920867361306,0.0230920867361306,False,False,1.0,False
re2tt_ts-order-service_delay_3,delay,ts-order-service,direct::POST /api/v1/orderservice/order/refresh,POST /api/v1/orderservice/order/refresh (direct),POST /api/v1/orderservice/order/refresh,104,96,19071.5,23612.2,26871.09,420150.5,621882.5,831969.1999999994,26.33733832510313,0.1444488581595548,0.1333542625439826,0.0192307692307692,0.9895833333333334,0.970352564102564,0.0,0.0,0.0,2.654334178789289e-33,0.9897836538461536,0.9897836538461536,False,False,3.1852010145471467e-32,True
re2tt_ts-order-service_delay_3,delay,ts-order-service,direct::POST /api/v1/travel2service/trips/left,POST /api/v1/travel2service/trips/left (direct),POST /api/v1/travel2service/trips/left,1010,989,44476.0,53823.44999999999,66343.20999999995,44195.0,54911.19999999999,81920.68000000002,1.0202095926589618,1.4028206417418312,1.3738267255833208,0.0108910891089108,0.0151668351870576,0.0042757460781467,0.0,0.0,0.0,0.7063952689629089,-0.0239856240426873,0.0,False,False,1.0,False
re2tt_ts-order-service_delay_3,delay,ts-order-service,direct::POST /api/v1/travelservice/trips/left,POST /api/v1/travelservice/trips/left (direct),POST /api/v1/travelservice/trips/left,265,251,49204.0,68796.59999999999,77550.32000000007,47918.0,67901.5,73240.5,0.9869891826049544,0.3680668020411735,0.3486658322764545,0.0113207547169811,0.0039840637450199,-0.0073366909719612,0.0,0.0,0.0,0.7284392282030006,-0.0462001052394196,0.0,False,False,1.0,False
re2tt_ts-order-service_delay_3,delay,ts-order-service,direct::POST /api/v1/users/login,POST /api/v1/users/login (direct),POST /api/v1/users/login,1080,1064,217203.5,781573.3999999994,1110947.49,217327.0,626921.9999999994,1020813.5999999982,0.8021281174615204,1.5000458347338392,1.4780097431958072,0.0101851851851851,0.0075187969924812,-0.0026663881927039,0.0,0.0,0.0,0.7062769121759429,-0.0231620718462823,0.0,False,False,1.0,False
re2tt_ts-order-service_delay_3,delay,ts-order-service,direct::PUT /api/v1/consignservice/consigns,PUT /api/v1/consignservice/consigns (direct),PUT /api/v1/consignservice/consigns,82,81,20924.5,30270.35000000001,98032.61999999998,19967.0,24683.0,30393.200000000004,0.8154183879604957,0.1138923689334951,0.1125176590214853,0.0121951219512195,0.0,-0.0121951219512195,0.0,0.0,0.0,0.0648460496356608,-0.1942186088527552,0.0,False,False,0.453922347449626,False
re2tt_ts-order-service_disk_1,disk,ts-order-service,direct::GET /api/v1/adminbasicservice/adminbasic/configs,GET /api/v1/adminbasicservice/adminbasic/configs (direct),GET /api/v1/adminbasicservice/adminbasic/configs,111,113,10250.0,12251.5,13461.3,10282.0,12494.4,14822.759999999997,1.0198261437375016,0.1541985772055606,0.1569446624231422,0.018018018018018,0.0265486725663716,0.0085306545483536,0.0,0.0,0.0,1.0,0.0064577852188472,0.0064577852188472,False,False,1.0,False
re2tt_ts-order-service_disk_1,disk,ts-order-service,direct::GET /api/v1/adminbasicservice/adminbasic/prices,GET /api/v1/adminbasicservice/adminbasic/prices (direct),GET /api/v1/adminbasicservice/adminbasic/prices,111,113,10775.0,13254.0,17292.800000000003,10694.0,13439.799999999996,20654.75999999999,1.0140184095367433,0.1541985772055606,0.1569446624231422,0.018018018018018,0.0353982300884955,0.0173802120704775,0.0,0.0,0.0,1.0,0.0058997050147493,0.0058997050147493,False,False,1.0,False
re2tt_ts-order-service_disk_1,disk,ts-order-service,direct::GET /api/v1/admintravelservice/admintravel,GET /api/v1/admintravelservice/admintravel (direct),GET /api/v1/admintravelservice/admintravel,112,113,158359.0,177551.84999999998,212350.88,162878.0,188666.6,214518.55999999997,1.0626000235987405,0.1555877535767818,0.1569446624231422,0.0178571428571428,0.0176991150442477,-0.000158027812895,0.0,0.0,0.0,0.0002424967718419,0.2966182048040455,0.2966182048040455,False,False,0.0024249677184193,True
re2tt_ts-order-service_disk_1,disk,ts-order-service,direct::GET /api/v1/assuranceservice/assurances/types,GET /api/v1/assuranceservice/assurances/types (direct),GET /api/v1/assuranceservice/assurances/types,75,80,3430.0,4036.4,8645.820000000049,3412.5,4210.799999999998,7141.789999999994,1.0432068179565943,0.104188227841595,0.1111112654323131,0.0133333333333333,0.0,-0.0133333333333333,0.0,0.0,0.0,1.0,-0.0376666666666666,0.0,False,False,1.0,False
re2tt_ts-order-service_disk_1,disk,ts-order-service,direct::GET /api/v1/contactservice/contacts/account/{accountId},GET /api/v1/contactservice/contacts/account/{accountId} (direct),GET /api/v1/contactservice/contacts/account/{accountId},73,80,6321.0,7836.599999999998,9916.08,6138.5,7499.299999999999,10850.359999999966,0.9569583748054004,0.1014098750991524,0.1111112654323131,0.0136986301369863,0.0125,-0.0011986301369863,0.0,0.0,0.0,0.1967066207274391,-0.1551369863013698,0.0,False,False,1.0,False
re2tt_ts-order-service_disk_1,disk,ts-order-service,direct::GET /api/v1/foodservice/foods/{date}/{startStation}/{endStation}/{tripId},GET /api/v1/foodservice/foods/{date}/{startStation}/{endStation}/{tripId} (direct),GET /api/v1/foodservice/foods/{date}/{startStation}/{endStation}/{tripId},228,268,45108.5,63681.39999999997,104060.06999999998,45055.5,58250.54999999995,76332.18999999997,0.9147184264165044,0.3167322126384488,0.3722227391982489,0.0131578947368421,0.003731343283582,-0.00942655145326,0.0,0.0,0.0,1.0,-0.0194913589945011,0.0,False,False,1.0,False
re2tt_ts-order-service_disk_1,disk,ts-order-service,direct::OrderRepository.findById,OrderRepository.findById (direct),OrderRepository.findById,3,0,94064.0,905061.2,977149.84,,,,,0.0041675291136638,0.0,0.3333333333333333,,,0.0,,,,,0.0,True,False,,False
re2tt_ts-order-service_disk_1,disk,ts-order-service,direct::POST /api/v1/inside_pay_service/inside_payment,POST /api/v1/inside_pay_service/inside_payment (direct),POST /api/v1/inside_pay_service/inside_payment,69,70,54059.0,151578.59999999995,485937.919999998,59466.5,197299.7,257056.8200000004,1.3016329481866178,0.0958531696142674,0.0972223572532739,0.0144927536231884,0.0,-0.0144927536231884,0.0,0.0,0.0,0.0968503673070055,0.1942028985507247,0.1942028985507247,False,False,0.6779525711490386,False
re2tt_ts-order-service_disk_1,disk,ts-order-service,direct::POST /api/v1/orderOtherService/orderOther/refresh,POST /api/v1/orderOtherService/orderOther/refresh (direct),POST /api/v1/orderOtherService/orderOther/refresh,51,50,565504.0,661006.0,732447.0,649286.0,733521.9,758259.7999999999,1.109705358196446,0.0708479949322846,0.0694445408951956,0.0196078431372549,0.06,0.040392156862745,0.0,0.0,0.0,3.7808746435683806e-11,0.7756862745098039,0.7756862745098039,False,False,5.293224500995734e-10,True
re2tt_ts-order-service_disk_1,disk,ts-order-service,direct::POST /api/v1/orderservice/order/refresh,POST /api/v1/orderservice/order/refresh (direct),POST /api/v1/orderservice/order/refresh,93,100,880078.0,1023866.3999999998,1564103.479999991,1010837.5,1187551.3,1224748.480000001,1.1598693931161337,0.1291934025235778,0.1388890817903913,0.010752688172043,0.0,-0.010752688172043,0.0,0.0,0.0,1.206132630160073e-19,0.7625806451612904,0.7625806451612904,False,False,1.8091989452401095e-18,True
re2tt_ts-order-service_disk_1,disk,ts-order-service,direct::POST /api/v1/preserveotherservice/preserveOther,POST /api/v1/preserveotherservice/preserveOther (direct),POST /api/v1/preserveotherservice/preserveOther,33,32,565490.0,734457.1999999998,1877269.52,636965.0,746266.25,761684.54,1.0160786088011666,0.0458428202503018,0.0444445061729252,0.0303030303030303,0.0,-0.0303030303030303,0.0,0.0,0.0,0.0013880290257013,0.490530303030303,0.490530303030303,False,False,0.0124922612313124,True
re2tt_ts-order-service_disk_1,disk,ts-order-service,direct::POST /api/v1/preserveservice/preserve,POST /api/v1/preserveservice/preserve (direct),POST /api/v1/preserveservice/preserve,40,48,615108.0,1385008.099999999,1857669.82,1233808.5,1685682.9,2175053.1900000004,1.2170924487734052,0.0555670548488506,0.0666667592593878,0.025,0.0416666666666666,0.0166666666666666,0.0,0.0,0.0,6.7450704582009e-06,0.578125,0.578125,False,False,7.41957750402099e-05,True
re2tt_ts-order-service_disk_1,disk,ts-order-service,direct::POST /api/v1/travel2service/trips/left,POST /api/v1/travel2service/trips/left (direct),POST /api/v1/travel2service/trips/left,922,899,330272.5,372720.6,396814.13,337370.0,381513.1,397368.58,1.0235900564658889,1.280820614266008,1.2486128452956184,0.0108459869848156,0.0111234705228031,0.0002774835379874,0.0,0.0,0.0,1.3548964185356574e-07,0.1460926698500864,0.1460926698500864,False,False,1.6258757022427886e-06,False
re2tt_ts-order-service_disk_1,disk,ts-order-service,direct::POST /api/v1/travelservice/trips/left,POST /api/v1/travelservice/trips/left (direct),POST /api/v1/travelservice/trips/left,260,265,747710.5,1067191.75,2221330.2700000266,790100.0,1171760.8,1277502.000000001,1.0979852496048623,0.3611858565175293,0.3680560667445371,0.0115384615384615,0.0,-0.0115384615384615,0.0,0.0,0.0,6.6765599157356e-10,0.3169230769230768,0.3169230769230768,False,False,8.67952789045628e-09,True
re2tt_ts-order-service_disk_1,disk,ts-order-service,direct::POST /api/v1/users/login,POST /api/v1/users/login (direct),POST /api/v1/users/login,1002,979,221799.5,705660.85,1117659.9300000002,227590.0,803048.8999999999,1009486.28,1.1380097110389502,1.3919547239637091,1.3597241107279314,0.0109780439121756,0.0020429009193054,-0.0089351429928702,0.0,0.0,0.0,0.0095487453361924,0.0732335125458989,0.0732335125458989,False,False,0.0763899626895396,False
re2tt_ts-order-service_disk_1,disk,ts-order-service,direct::PUT /api/v1/consignservice/consigns,PUT /api/v1/consignservice/consigns (direct),PUT /api/v1/consignservice/consigns,75,79,21469.0,27838.799999999992,32589.48000000001,21513.0,27412.49999999998,113520.93999999958,0.9846868399499976,0.104188227841595,0.1097223746144091,0.0133333333333333,0.0126582278481012,-0.000675105485232,0.0,0.0,0.0,1.0,-0.0086075949367088,0.0,False,False,1.0,False
re2tt_ts-order-service_disk_2,disk,ts-order-service,direct::GET /api/v1/adminbasicservice/adminbasic/configs,GET /api/v1/adminbasicservice/adminbasic/configs (direct),GET /api/v1/adminbasicservice/adminbasic/configs,115,112,13451.0,16142.5,21503.3,13148.5,16704.95,22605.6,1.0348428062567756,0.1597452965428339,0.1556971967553816,0.017391304347826,0.0178571428571428,0.0004658385093167,0.0,0.0,0.0,0.1258431881648793,-0.1429347826086956,0.0,False,False,0.5219553456268651,False
re2tt_ts-order-service_disk_2,disk,ts-order-service,direct::GET /api/v1/adminbasicservice/adminbasic/prices,GET /api/v1/adminbasicservice/adminbasic/prices (direct),GET /api/v1/adminbasicservice/adminbasic/prices,115,112,14350.0,20232.1,24141.32,14013.5,17474.349999999995,23000.58,0.8636943273313198,0.1597452965428339,0.1556971967553816,0.017391304347826,0.0089285714285714,-0.0084627329192546,0.0,0.0,0.0,0.0253720806934698,-0.1915372670807453,0.0,False,False,0.253720806934698,False
re2tt_ts-order-service_disk_2,disk,ts-order-service,direct::GET /api/v1/admintravelservice/admintravel,GET /api/v1/admintravelservice/admintravel (direct),GET /api/v1/admintravelservice/admintravel,115,111,143125.0,232914.59999999995,312579.46,141564.0,181822.5,310260.4,0.7806402003137632,0.1597452965428339,0.1543070432129228,0.017391304347826,0.009009009009009,-0.008382295338817,0.0,0.0,0.0,0.0679304956209669,-0.163337250293772,0.0,False,False,0.4234985828760956,False
re2tt_ts-order-service_disk_2,disk,ts-order-service,direct::GET /api/v1/assuranceservice/assurances/types,GET /api/v1/assuranceservice/assurances/types (direct),GET /api/v1/assuranceservice/assurances/types,94,84,4546.5,5837.749999999998,7078.669999999967,4247.5,5249.55,12518.55,0.899242002483834,0.1305744163045773,0.1167728975665362,0.0106382978723404,0.0238095238095238,0.0131712259371833,0.0,0.0,0.0,1.2929373479953149e-05,-0.3922239108409321,0.0,False,False,0.0001551524817594,False
re2tt_ts-order-service_disk_2,disk,ts-order-service,direct::GET /api/v1/foodservice/foods/{date}/{startStation}/{endStation}/{tripId},GET /api/v1/foodservice/foods/{date}/{startStation}/{endStation}/{tripId} (direct),GET /api/v1/foodservice/foods/{date}/{startStation}/{endStation}/{tripId},215,233,47240.0,57210.49999999999,71704.47999999988,46616.0,55599.39999999999,94033.84000000008,0.97183908548256,0.2986542500583418,0.3239057753928921,0.013953488372093,0.0300429184549356,0.0160894300828426,0.0,0.0,0.0,0.0222386028125179,-0.1387962870545962,0.0,False,False,0.2446246309376974,False
re2tt_ts-order-service_disk_2,disk,ts-order-service,direct::POST /api/v1/inside_pay_service/inside_payment,POST /api/v1/inside_pay_service/inside_payment (direct),POST /api/v1/inside_pay_service/inside_payment,76,89,18327.0,91367.25,124535.25,17001.0,102872.6,200947.16000000003,1.1259242233951443,0.1055708046717859,0.12372366527883,0.0131578947368421,0.0224719101123595,0.0093140153755174,0.0,0.0,0.0,0.0442274019260228,-0.2071259609698403,0.0,False,False,0.3980466173342052,False
re2tt_ts-order-service_disk_2,disk,ts-order-service,direct::POST /api/v1/orderOtherService/orderOther/refresh,POST /api/v1/orderOtherService/orderOther/refresh (direct),POST /api/v1/orderOtherService/orderOther/refresh,63,73,17866.0,20293.4,21502.7,17678.0,20891.39999999999,25512.56,1.0294677087131772,0.0875126407147699,0.1014812085994898,0.0158730158730158,0.0547945205479452,0.0389215046749293,0.0,0.0,0.0,0.8874617013323589,-0.0765383779082409,0.0,False,False,1.0,False
re2tt_ts-order-service_disk_2,disk,ts-order-service,direct::POST /api/v1/orderservice/order/refresh,POST /api/v1/orderservice/order/refresh (direct),POST /api/v1/orderservice/order/refresh,100,86,23598.0,59884.39999999998,99530.17000000106,29045.5,127286.75,238620.3000000002,2.1255410424083743,0.1389089535155078,0.1195532046514537,0.01,0.2790697674418604,0.2690697674418604,0.0,0.0,0.0,0.0525430358197919,0.1893023255813952,0.1893023255813952,False,False,0.4203442865583355,False
re2tt_ts-order-service_disk_2,disk,ts-order-service,direct::POST /api/v1/travel2service/trips/left,POST /api/v1/travel2service/trips/left (direct),POST /api/v1/travel2service/trips/left,995,984,43553.0,55432.3,93447.91999999984,44052.0,54895.05,61924.36999999996,0.9903079973228603,1.3821440874793027,1.3679110857794243,0.0100502512562814,0.0071138211382113,-0.00293643011807,0.0,0.0,0.0,0.104391069125373,0.0504095681660334,0.0504095681660334,False,False,0.5219553456268651,False
re2tt_ts-order-service_disk_2,disk,ts-order-service,direct::POST /api/v1/travelservice/trips/left,POST /api/v1/travelservice/trips/left (direct),POST /api/v1/travelservice/trips/left,279,257,58282.0,70847.4,89307.35999999881,56620.0,70696.0,91132.43999999994,0.9978630126158476,0.3875559803082667,0.3572694604119025,0.010752688172043,0.0116731517509727,0.0009204635789297,0.0,0.0,0.0,1.0,-0.0106829560827301,0.0,False,False,1.0,False
re2tt_ts-order-service_disk_2,disk,ts-order-service,direct::POST /api/v1/users/login,POST /api/v1/users/login (direct),POST /api/v1/users/login,1076,1060,215862.5,803189.5,1202327.0,217857.5,766504.8999999993,1108625.5300000005,0.9543263451526686,1.494660339826864,1.4735627550062904,0.0102230483271375,0.0066037735849056,-0.0036192747422318,0.0,0.0,0.0,0.652635297824476,0.024530932173669,0.024530932173669,False,False,1.0,False
re2tt_ts-order-service_disk_2,disk,ts-order-service,direct::PUT /api/v1/consignservice/consigns,PUT /api/v1/consignservice/consigns (direct),PUT /api/v1/consignservice/consigns,89,70,23675.0,82826.79999999993,94074.32,22867.0,35685.19999999998,94586.59000000004,0.4308412253038873,0.1236289686288019,0.0973107479721135,0.0112359550561797,0.0142857142857142,0.0030497592295345,0.0,0.0,0.0,0.0604997975537279,-0.2006420545746388,0.0,False,False,0.4234985828760956,False
re2tt_ts-order-service_disk_3,disk,ts-order-service,direct::GET /api/v1/adminbasicservice/adminbasic/configs,GET /api/v1/adminbasicservice/adminbasic/configs (direct),GET /api/v1/adminbasicservice/adminbasic/configs,117,114,11837.0,16372.59999999998,22851.160000000003,12173.0,15000.249999999998,24206.220000000016,0.9161800813554364,0.1625004513901427,0.1583687463446687,0.017094017094017,0.0175438596491228,0.0004498425551057,0.0,0.0,0.0,0.5233211041284316,0.0855450592292697,0.0855450592292697,False,False,1.0,False
re2tt_ts-order-service_disk_3,disk,ts-order-service,direct::GET /api/v1/adminbasicservice/adminbasic/prices,GET /api/v1/adminbasicservice/adminbasic/prices (direct),GET /api/v1/adminbasicservice/adminbasic/prices,118,113,12589.5,15968.65,18440.99,12325.0,15691.999999999998,21743.39999999997,0.9826754296700096,0.163889344137067,0.1569795468153295,0.0169491525423728,0.0176991150442477,0.0007499625018749,0.0,0.0,0.0,0.2329557340292023,-0.1196190190490475,0.0,False,False,1.0,False
re2tt_ts-order-service_disk_3,disk,ts-order-service,direct::GET /api/v1/admintravelservice/admintravel,GET /api/v1/admintravelservice/admintravel (direct),GET /api/v1/admintravelservice/admintravel,118,113,138571.0,196673.7,292930.98999999993,136394.0,151062.0,257660.3999999998,0.7680843956258514,0.163889344137067,0.1569795468153295,0.0169491525423728,0.0088495575221238,-0.0080995950202489,0.0,0.0,0.0,0.2270565266723666,-0.1205939703014848,0.0,False,False,1.0,False
re2tt_ts-order-service_disk_3,disk,ts-order-service,direct::GET /api/v1/assuranceservice/assurances/types,GET /api/v1/assuranceservice/assurances/types (direct),GET /api/v1/assuranceservice/assurances/types,83,95,3966.0,4800.9,6721.259999999955,3687.0,4287.4,4852.160000000007,0.893040888166802,0.1152780979947166,0.1319739552872239,0.0120481927710843,0.0105263157894736,-0.0015218769816106,0.0,0.0,0.0,8.558376101033771e-07,-0.4399492707672796,0.0,False,False,1.0270051321240524e-05,False
re2tt_ts-order-service_disk_3,disk,ts-order-service,direct::GET /api/v1/foodservice/foods/{date}/{startStation}/{endStation}/{tripId},GET /api/v1/foodservice/foods/{date}/{startStation}/{endStation}/{tripId} (direct),GET /api/v1/foodservice/foods/{date}/{startStation}/{endStation}/{tripId},212,209,44722.0,58607.749999999935,109040.51999999996,43183.0,52204.2,103550.07999999986,0.8907388527967727,0.2944452623479509,0.2903427016318927,0.0141509433962264,0.0095693779904306,-0.0045815654057957,0.0,0.0,0.0,0.0005628092625747,-0.2046583009840209,0.0,False,False,0.005065283363173,False
re2tt_ts-order-service_disk_3,disk,ts-order-service,direct::POST /api/v1/inside_pay_service/inside_payment,POST /api/v1/inside_pay_service/inside_payment (direct),POST /api/v1/inside_pay_service/inside_payment,82,81,14606.0,18701.85,25358.389999999992,14525.0,97268.0,100426.2,5.200982790472601,0.1138892052477923,0.1125251618764751,0.0121951219512195,0.1481481481481481,0.1359530261969286,0.0,0.0,0.0,0.4488935837789267,0.1103583258054803,0.1103583258054803,False,False,1.0,False
re2tt_ts-order-service_disk_3,disk,ts-order-service,direct::POST /api/v1/orderOtherService/orderOther/refresh,POST /api/v1/orderOtherService/orderOther/refresh (direct),POST /api/v1/orderOtherService/orderOther/refresh,53,83,16860.0,20674.6,24108.2,16525.0,23095.59999999997,31118.99999999982,1.1171002099194165,0.0736113155869877,0.1153035609351535,0.0188679245283018,0.0481927710843373,0.0293248465560354,0.0,0.0,0.0,0.0284124387232776,-0.2500568310979768,0.0,False,False,0.227299509786221,False
re2tt_ts-order-service_disk_3,disk,ts-order-service,direct::POST /api/v1/orderservice/order/refresh,POST /api/v1/orderservice/order/refresh (direct),POST /api/v1/orderservice/order/refresh,101,93,19736.0,23639.0,26170.0,21520.0,130020.39999999998,141886.83999999994,5.500249587546004,0.1402781674393539,0.1291955562285455,0.0099009900990099,0.4731182795698925,0.4632172894708826,0.0,0.0,0.0,2.6618441829330344e-06,0.4023208772490152,0.4023208772490152,False,False,2.9280286012263377e-05,True
re2tt_ts-order-service_disk_3,disk,ts-order-service,direct::POST /api/v1/travel2service/trips/left,POST /api/v1/travel2service/trips/left (direct),POST /api/v1/travel2service/trips/left,994,980,42797.0,57284.64999999993,104292.99,42853.0,53054.45,75306.78000000001,0.9261547377875236,1.380559390442751,1.3614155387524154,0.0100603621730382,0.0051020408163265,-0.0049583213567116,0.0,0.0,0.0,0.9264597964806952,0.0190705457233195,0.0190705457233195,False,False,1.0,False
re2tt_ts-order-service_disk_3,disk,ts-order-service,direct::POST /api/v1/travelservice/trips/left,POST /api/v1/travelservice/trips/left (direct),POST /api/v1/travelservice/trips/left,265,303,44532.0,69167.8,74602.64000000007,53758.0,65906.7,71563.14000000003,0.9528523388050508,0.3680565779349387,0.4209274573897774,0.0113207547169811,0.0033003300330033,-0.0080204246839778,0.0,0.0,0.0,1.0,-0.0019054735662245,0.0,False,False,1.0,False
re2tt_ts-order-service_disk_3,disk,ts-order-service,direct::POST /api/v1/users/login,POST /api/v1/users/login (direct),POST /api/v1/users/login,1075,1062,217725.0,711664.1,1073969.3399999996,219129.0,700445.6999999994,906937.4600000012,0.984236383428642,1.4930597029436192,1.4753299001582296,0.0102325581395348,0.0037664783427495,-0.0064660797967853,0.0,0.0,0.0,0.9312298352933628,0.0182306311041036,0.0182306311041036,False,False,1.0,False
re2tt_ts-order-service_disk_3,disk,ts-order-service,direct::PUT /api/v1/consignservice/consigns,PUT /api/v1/consignservice/consigns (direct),PUT /api/v1/consignservice/consigns,72,95,22185.5,26615.3,31161.580000000027,20299.0,31610.1,37679.80000000013,1.1876664925813347,0.1000002777785493,0.1319739552872239,0.0138888888888888,0.0631578947368421,0.0492690058479532,0.0,0.0,0.0,8.446446358652627e-06,-0.4163742690058479,0.0,False,False,8.446446358652627e-05,False
re2tt_ts-order-service_loss_1,loss,ts-order-service,direct::GET /api/v1/adminbasicservice/adminbasic/configs,GET /api/v1/adminbasicservice/adminbasic/configs (direct),GET /api/v1/adminbasicservice/adminbasic/configs,113,113,9481.0,11899.8,14790.839999999993,9500.0,11941.6,15943.56,1.003512664078388,0.1569444444444444,0.1569444444444444,0.0176991150442477,0.0265486725663716,0.0088495575221238,0.0,0.0,0.0,0.914138149231841,-0.0573263372229618,0.0,False,False,1.0,False
re2tt_ts-order-service_loss_1,loss,ts-order-service,direct::GET /api/v1/adminbasicservice/adminbasic/prices,GET /api/v1/adminbasicservice/adminbasic/prices (direct),GET /api/v1/adminbasicservice/adminbasic/prices,114,112,9954.5,12014.7,17182.020000000004,9941.5,12217.249999999998,18837.28,1.016858514985809,0.1583333333333333,0.1555555555555555,0.0175438596491228,0.0178571428571428,0.00031328320802,0.0,0.0,0.0,1.0,0.0075187969924812,0.0075187969924812,False,False,1.0,False
re2tt_ts-order-service_loss_1,loss,ts-order-service,direct::GET /api/v1/admintravelservice/admintravel,GET /api/v1/admintravelservice/admintravel (direct),GET /api/v1/admintravelservice/admintravel,114,112,161693.5,184324.75,199041.5,159592.0,233987.4499999999,315705.57,1.2694304481628207,0.1583333333333333,0.1555555555555555,0.0175438596491228,0.0625,0.0449561403508771,0.0,0.0,0.0,0.1793924661635871,-0.1307174185463658,0.0,False,False,1.0,False
re2tt_ts-order-service_loss_1,loss,ts-order-service,direct::GET /api/v1/assuranceservice/assurances/types,GET /api/v1/assuranceservice/assurances/types (direct),GET /api/v1/assuranceservice/assurances/types,75,82,3117.0,3859.7,11080.540000000012,3068.5,4113.950000000001,11696.979999999998,1.0658729953105168,0.1041666666666666,0.1138888888888888,0.0133333333333333,0.024390243902439,0.0110569105691056,0.0,0.0,0.0,0.4980951505994369,-0.1068292682926829,0.0,False,False,1.0,False
re2tt_ts-order-service_loss_1,loss,ts-order-service,direct::GET /api/v1/contactservice/contacts/account/{accountId},GET /api/v1/contactservice/contacts/account/{accountId} (direct),GET /api/v1/contactservice/contacts/account/{accountId},75,82,5401.0,6779.399999999998,10130.140000000012,5369.0,6170.3,7812.769999999999,0.9101542909402016,0.1041666666666666,0.1138888888888888,0.0133333333333333,0.0,-0.0133333333333333,0.0,0.0,0.0,0.7960379153270569,-0.0783739837398374,0.0,False,False,1.0,False
re2tt_ts-order-service_loss_1,loss,ts-order-service,direct::GET /api/v1/foodservice/foods/{date}/{startStation}/{endStation}/{tripId},GET /api/v1/foodservice/foods/{date}/{startStation}/{endStation}/{tripId} (direct),GET /api/v1/foodservice/foods/{date}/{startStation}/{endStation}/{tripId},246,236,43164.0,52474.75,64951.85000000005,42913.0,57244.5,100243.40000000008,1.0908960976469635,0.3416666666666667,0.3277777777777778,0.0121951219512195,0.0169491525423728,0.0047540305911533,0.0,0.0,0.0,1.0,-0.0327614716825134,0.0,False,False,1.0,False
re2tt_ts-order-service_loss_1,loss,ts-order-service,direct::POST /api/v1/inside_pay_service/inside_payment,POST /api/v1/inside_pay_service/inside_payment (direct),POST /api/v1/inside_pay_service/inside_payment,87,66,18835.0,63780.4,79077.50000000001,47424.0,273263.75,464201.85,4.284447102871728,0.1208333333333333,0.0916666666666666,0.0114942528735632,0.1515151515151515,0.1400208986415883,0.0,0.0,0.0,1.0,0.0411006617903169,0.0411006617903169,False,False,1.0,False
re2tt_ts-order-service_loss_1,loss,ts-order-service,direct::POST /api/v1/orderOtherService/orderOther/refresh,POST /api/v1/orderOtherService/orderOther/refresh (direct),POST /api/v1/orderOtherService/orderOther/refresh,63,46,834879.0,949659.9,1084354.02,911526.0,993264.25,1018478.25,1.045915753629273,0.0875,0.0638888888888888,0.0158730158730158,0.0,-0.0158730158730158,0.0,0.0,0.0,4.124379160812196e-07,0.5845410628019323,0.5845410628019323,False,False,4.949254992974635e-06,True
re2tt_ts-order-service_loss_1,loss,ts-order-service,direct::POST /api/v1/orderservice/order/refresh,POST /api/v1/orderservice/order/refresh (direct),POST /api/v1/orderservice/order/refresh,100,101,1183530.5,1347566.95,1423432.63,1343317.0,1867162.0,2263849.0,1.38558013759539,0.1388888888888889,0.1402777777777777,0.01,0.3267326732673267,0.3167326732673267,0.0,0.0,0.0,5.948981323138912e-24,0.8297029702970298,0.8297029702970298,False,False,8.328573852394476e-23,True
re2tt_ts-order-service_loss_1,loss,ts-order-service,direct::POST /api/v1/preserveotherservice/preserveOther,POST /api/v1/preserveotherservice/preserveOther (direct),POST /api/v1/preserveotherservice/preserveOther,33,36,582941.0,621564.4,632196.76,621236.0,1218353.75,1442196.8999999994,1.9601408156580395,0.0458333333333333,0.05,0.0303030303030303,0.4444444444444444,0.4141414141414141,0.0,0.0,0.0,0.0004854453046061,0.5151515151515151,0.5151515151515151,False,False,0.0048544530460616,True
re2tt_ts-order-service_loss_1,loss,ts-order-service,direct::POST /api/v1/preserveservice/preserve,POST /api/v1/preserveservice/preserve (direct),POST /api/v1/preserveservice/preserve,42,46,572612.5,625336.2,651340.3999999999,1014082.5,1680463.5,1828103.95,2.687296049708941,0.0583333333333333,0.0638888888888888,0.0238095238095238,0.8695652173913043,0.8457556935817805,0.0,0.0,0.0,1.0246230775649882e-12,0.8954451345755694,0.8954451345755694,False,False,1.3320100008344849e-11,True
re2tt_ts-order-service_loss_1,loss,ts-order-service,direct::POST /api/v1/travel2service/trips/left,POST /api/v1/travel2service/trips/left (direct),POST /api/v1/travel2service/trips/left,901,894,332555.0,383169.0,401060.0,339909.0,491634.04999999993,808275.3999999999,1.2830736567937384,1.2513888888888889,1.2416666666666667,0.0099889012208657,0.0738255033557047,0.063836602134839,0.0,0.0,0.0,0.1057433652223139,0.0527800331225309,0.0527800331225309,False,False,0.8459469217785119,False
re2tt_ts-order-service_loss_1,loss,ts-order-service,direct::POST /api/v1/travelservice/trips/left,POST /api/v1/travelservice/trips/left (direct),POST /api/v1/travelservice/trips/left,254,267,731883.0,835139.4999999999,953569.67,835754.0,1789164.6,2381210.22,2.142354181546916,0.3527777777777778,0.3708333333333333,0.0118110236220472,0.3558052434456928,0.3439942198236456,0.0,0.0,0.0,2.106985202324229e-24,0.5197735114571354,0.5197735114571354,False,False,3.1604778034863435e-23,True
re2tt_ts-order-service_loss_1,loss,ts-order-service,direct::POST /api/v1/users/login,POST /api/v1/users/login (direct),POST /api/v1/users/login,983,972,230628.0,766834.7,998963.0999999996,221820.5,753841.0999999999,1098461.49,0.9830555398705874,1.3652777777777778,1.35,0.0101729399796541,0.0195473251028806,0.0093743851232265,0.0,0.0,0.0,0.0001554549600066,-0.1032187098367725,0.0,False,False,0.0017100045600734,False
re2tt_ts-order-service_loss_1,loss,ts-order-service,direct::PUT /api/v1/consignservice/consigns,PUT /api/v1/consignservice/consigns (direct),PUT /api/v1/consignservice/consigns,78,81,20270.5,24752.64999999999,28325.570000000003,19372.0,24254.0,29229.400000000016,0.979854682225944,0.1083333333333333,0.1125,0.0128205128205128,0.0123456790123456,-0.0004748338081671,0.0,0.0,0.0,0.0647740889214606,-0.1967394745172522,0.0,False,False,0.5829668002931463,False
re2tt_ts-order-service_loss_2,loss,ts-order-service,direct::GET /api/v1/adminbasicservice/adminbasic/configs,GET /api/v1/adminbasicservice/adminbasic/configs (direct),GET /api/v1/adminbasicservice/adminbasic/configs,110,116,12921.5,16256.5,23188.999999999996,12532.5,16628.5,25641.349999999984,1.0228831544305357,0.1527928448499782,0.16123786198595,0.0181818181818181,0.0258620689655172,0.007680250783699,0.0,0.0,0.0,0.2224494170200992,-0.1227272727272726,0.0,False,False,1.0,False
re2tt_ts-order-service_loss_2,loss,ts-order-service,direct::GET /api/v1/adminbasicservice/adminbasic/prices,GET /api/v1/adminbasicservice/adminbasic/prices (direct),GET /api/v1/adminbasicservice/adminbasic/prices,111,116,12297.0,14695.0,21305.60000000001,12130.0,14769.5,23149.09999999997,1.005069751616196,0.1541818707122507,0.16123786198595,0.018018018018018,0.0172413793103448,-0.0007766387076731,0.0,0.0,0.0,0.1906444015674384,-0.1282230506368437,0.0,False,False,1.0,False
re2tt_ts-order-service_loss_2,loss,ts-order-service,direct::GET /api/v1/admintravelservice/admintravel,GET /api/v1/admintravelservice/admintravel (direct),GET /api/v1/admintravelservice/admintravel,110,116,152152.5,193277.4,290139.93999999977,147751.5,169906.25,278891.5999999996,0.8790797579023726,0.1527928448499782,0.16123786198595,0.0181818181818181,0.0172413793103448,-0.0009404388714733,0.0,0.0,0.0,0.0437083375814926,-0.1766457680250783,0.0,False,False,0.4370833758149265,False
re2tt_ts-order-service_loss_2,loss,ts-order-service,direct::GET /api/v1/assuranceservice/assurances/types,GET /api/v1/assuranceservice/assurances/types (direct),GET /api/v1/assuranceservice/assurances/types,82,96,3904.0,5156.5,8916.88999999999,3702.0,4583.25,5882.449999999979,0.8888296325026666,0.1139001207063474,0.1334382306090621,0.0121951219512195,0.0104166666666666,-0.0017784552845528,0.0,0.0,0.0,5.3875445963777024e-05,-0.3655995934959349,0.0,False,False,0.0006465053515653,False
re2tt_ts-order-service_loss_2,loss,ts-order-service,direct::GET /api/v1/foodservice/foods/{date}/{startStation}/{endStation}/{tripId},GET /api/v1/foodservice/foods/{date}/{startStation}/{endStation}/{tripId} (direct),GET /api/v1/foodservice/foods/{date}/{startStation}/{endStation}/{tripId},218,227,41881.0,50365.79999999999,56885.10999999997,40936.0,49092.8,53012.380000000005,0.9747249125398584,0.3028076379754115,0.3155258161276781,0.0137614678899082,0.0,-0.0137614678899082,0.0,0.0,0.0,0.0021242653938593,-0.1794446914278785,0.0,False,False,0.0233669193324525,False
re2tt_ts-order-service_loss_2,loss,ts-order-service,direct::POST /api/v1/inside_pay_service/inside_payment,POST /api/v1/inside_pay_service/inside_payment (direct),POST /api/v1/inside_pay_service/inside_payment,83,83,13794.0,17067.1,26787.919999999976,13883.0,222020.1,540517.0399999953,13.008659936368804,0.1152891465686199,0.1153684702140849,0.0120481927710843,0.1204819277108433,0.108433734939759,0.0,0.0,0.0,0.4098548315082613,0.1140949339526782,0.1140949339526782,False,False,1.0,False
re2tt_ts-order-service_loss_2,loss,ts-order-service,direct::POST /api/v1/orderOtherService/orderOther/refresh,POST /api/v1/orderOtherService/orderOther/refresh (direct),POST /api/v1/orderOtherService/orderOther/refresh,57,63,15768.0,20780.199999999997,26308.23999999999,15853.0,19150.0,24441.800000000003,0.9215503219410788,0.0791744741495342,0.087568838837197,0.0175438596491228,0.0,-0.0175438596491228,0.0,0.0,0.0,1.0,-0.0080757449178502,0.0,False,False,1.0,False
re2tt_ts-order-service_loss_2,loss,ts-order-service,direct::POST /api/v1/orderservice/order/refresh,POST /api/v1/orderservice/order/refresh (direct),POST /api/v1/orderservice/order/refresh,95,104,18482.0,22049.2,29459.82000000003,18967.5,232681.1,2520954.18,10.552813707526804,0.1319574569158903,0.1445580831598173,0.0105263157894736,0.2019230769230769,0.1913967611336032,0.0,0.0,0.0,0.226693632946226,0.130161943319838,0.130161943319838,False,False,1.0,False
re2tt_ts-order-service_loss_2,loss,ts-order-service,direct::POST /api/v1/travel2service/trips/left,POST /api/v1/travel2service/trips/left (direct),POST /api/v1/travel2service/trips/left,994,1000,43059.5,53208.24999999999,61120.57999999941,42818.5,52476.25,57845.69999999999,0.9862427349142286,1.3806917070988944,1.3899815688443973,0.0100603621730382,0.007,-0.0030603621730382,0.0,0.0,0.0,0.3865397447985863,-0.0336509054325955,0.0,False,False,1.0,False
re2tt_ts-order-service_loss_2,loss,ts-order-service,direct::POST /api/v1/travelservice/trips/left,POST /api/v1/travelservice/trips/left (direct),POST /api/v1/travelservice/trips/left,281,279,43165.0,67503.0,77850.19999999998,45580.0,65648.69999999998,68743.65999999999,0.9725301097728988,0.3903162672985808,0.3878048577075868,0.0106761565836298,0.003584229390681,-0.0070919271929488,0.0,0.0,0.0,1.0,0.02872485618439,0.02872485618439,False,False,1.0,False
re2tt_ts-order-service_loss_2,loss,ts-order-service,direct::POST /api/v1/users/login,POST /api/v1/users/login (direct),POST /api/v1/users/login,1068,1083,217854.5,672653.5499999998,1299543.06,217618.0,786670.5999999989,1079175.0400000017,1.1695033795629253,1.4834796209070618,1.5053500390584822,0.0102996254681647,0.0,-0.0102996254681647,0.0,0.0,0.0,0.3474208859128693,0.0338790500793675,0.0338790500793675,False,False,1.0,False
re2tt_ts-order-service_loss_2,loss,ts-order-service,direct::PUT /api/v1/consignservice/consigns,PUT /api/v1/consignservice/consigns (direct),PUT /api/v1/consignservice/consigns,69,84,19418.0,23053.4,26728.559999999987,18573.0,28848.44999999999,45993.95000000011,1.25137506831964,0.0958427844968045,0.1167584517829293,0.0144927536231884,0.0714285714285714,0.056935817805383,0.0,0.0,0.0,0.2206121233945419,-0.1504485852311939,0.0,False,False,1.0,False
re2tt_ts-order-service_loss_3,loss,ts-order-service,direct::GET /api/v1/adminbasicservice/adminbasic/configs,GET /api/v1/adminbasicservice/adminbasic/configs (direct),GET /api/v1/adminbasicservice/adminbasic/configs,121,115,12114.0,14718.0,18401.2,11602.0,14128.5,19317.72,0.9599470036689768,0.1681076222218826,0.1597226658962941,0.0165289256198347,0.0260869565217391,0.0095580309019044,0.0,0.0,0.0,0.0191170881896436,-0.1953287818900467,0.0,False,False,0.21028797008608,False
re2tt_ts-order-service_loss_3,loss,ts-order-service,direct::GET /api/v1/adminbasicservice/adminbasic/prices,GET /api/v1/adminbasicservice/adminbasic/prices (direct),GET /api/v1/adminbasicservice/adminbasic/prices,121,115,11869.0,14957.0,18383.8,11636.0,15945.39999999999,23386.06,1.0660827706090787,0.1681076222218826,0.1597226658962941,0.0165289256198347,0.0434782608695652,0.0269493352497305,0.0,0.0,0.0,0.3362802700627481,-0.1039166367229608,0.0,False,False,1.0,False
re2tt_ts-order-service_loss_3,loss,ts-order-service,direct::GET /api/v1/admintravelservice/admintravel,GET /api/v1/admintravelservice/admintravel (direct),GET /api/v1/admintravelservice/admintravel,122,115,143476.0,161323.14999999997,204721.14999999988,144677.0,172716.79999999996,274464.38,1.0706262554382306,0.1694969414137989,0.1597226658962941,0.0163934426229508,0.0260869565217391,0.0096935138987883,0.0,0.0,0.0,1.0,0.0171774768353527,0.0171774768353527,False,False,1.0,False
re2tt_ts-order-service_loss_3,loss,ts-order-service,direct::GET /api/v1/assuranceservice/assurances/types,GET /api/v1/assuranceservice/assurances/types (direct),GET /api/v1/assuranceservice/assurances/types,74,99,3562.5,4604.349999999999,7999.459999999957,3461.0,4517.099999999999,5058.419999999972,0.9810505283047556,0.1028096202018125,0.1375003819455054,0.0135135135135135,0.0101010101010101,-0.0034125034125034,0.0,0.0,0.0,0.0642021853266225,-0.1908271908271908,0.0,False,False,0.5867883803373003,False
re2tt_ts-order-service_loss_3,loss,ts-order-service,direct::GET /api/v1/foodservice/foods/{date}/{startStation}/{endStation}/{tripId},GET /api/v1/foodservice/foods/{date}/{startStation}/{endStation}/{tripId} (direct),GET /api/v1/foodservice/foods/{date}/{startStation}/{endStation}/{tripId},236,198,40664.5,49283.0,104552.70000000004,40457.5,48007.0,79974.06000000001,0.9741087190309032,0.3278793292922669,0.2750007638910108,0.0127118644067796,0.0,-0.0127118644067796,0.0,0.0,0.0,1.0,-0.035738743365862,0.0,False,False,1.0,False
re2tt_ts-order-service_loss_3,loss,ts-order-service,direct::POST /api/v1/inside_pay_service/inside_payment,POST /api/v1/inside_pay_service/inside_payment (direct),POST /api/v1/inside_pay_service/inside_payment,83,88,12610.0,15578.699999999995,23757.139999999978,13249.0,220484.1,1102995.8099999982,14.152920333532323,0.1153134929290599,0.1222225617293381,0.0120481927710843,0.1136363636363636,0.1015881708652793,0.0,0.0,0.0,0.05867883803373,0.1931818181818181,0.1931818181818181,False,False,0.5867883803373003,False
re2tt_ts-order-service_loss_3,loss,ts-order-service,direct::POST /api/v1/orderOtherService/orderOther/refresh,POST /api/v1/orderOtherService/orderOther/refresh (direct),POST /api/v1/orderOtherService/orderOther/refresh,60,75,15303.5,16923.25,23634.94999999999,15010.0,19355.5,25319.620000000003,1.1437223937482457,0.0833591515149831,0.1041669560193222,0.0166666666666666,0.0266666666666666,0.01,0.0,0.0,0.0,0.1277200252436339,-0.1862222222222221,0.0,False,False,0.8940401767054373,False
re2tt_ts-order-service_loss_3,loss,ts-order-service,direct::POST /api/v1/orderservice/order/refresh,POST /api/v1/orderservice/order/refresh (direct),POST /api/v1/orderservice/order/refresh,103,96,17626.0,23196.999999999996,27053.480000000003,18286.5,244626.5,2520549.55,10.545609346036128,0.1430998767673876,0.1333337037047325,0.0194174757281553,0.2291666666666666,0.2097491909385113,0.0,0.0,0.0,0.0030585118623727,0.2603155339805825,0.2603155339805825,False,False,0.0367021423484733,True
re2tt_ts-order-service_loss_3,loss,ts-order-service,direct::POST /api/v1/travel2service/trips/left,POST /api/v1/travel2service/trips/left (direct),POST /api/v1/travel2service/trips/left,983,1000,42383.0,52024.6,57444.62,42481.0,51582.6,56885.6,0.9915040192524306,1.3657007656538065,1.3888927469242969,0.0101729399796541,0.008,-0.0021729399796541,0.0,0.0,0.0,1.0,0.007261444557477,0.007261444557477,False,False,1.0,False
re2tt_ts-order-service_loss_3,loss,ts-order-service,direct::POST /api/v1/travelservice/trips/left,POST /api/v1/travelservice/trips/left (direct),POST /api/v1/travelservice/trips/left,263,262,47076.0,65055.8,71360.76,54196.0,66615.09999999999,128920.30999999992,1.0239686546011268,0.3653909474740093,0.3638898996941658,0.0114068441064638,0.0267175572519083,0.0153107131454445,0.0,0.0,0.0,0.8698204996499481,0.0394015034975183,0.0394015034975183,False,False,1.0,False
re2tt_ts-order-service_loss_3,loss,ts-order-service,direct::POST /api/v1/users/login,POST /api/v1/users/login (direct),POST /api/v1/users/login,1081,1075,215030.0,622757.0,855438.6000000002,216721.0,703930.2,1052309.6399999994,1.1303449017835203,1.5018540464616124,1.4930597029436192,0.0101757631822386,0.0241860465116279,0.0140102833293892,0.0,0.0,0.0,0.4545185590810952,0.030035066583482,0.030035066583482,False,False,1.0,False
re2tt_ts-order-service_loss_3,loss,ts-order-service,direct::PUT /api/v1/consignservice/consigns,PUT /api/v1/consignservice/consigns (direct),PUT /api/v1/consignservice/consigns,80,83,18102.0,22199.5,29393.44999999997,17771.0,20649.2,28782.359999999968,0.9301650938084192,0.1111455353533108,0.1152780979947166,0.0125,0.0120481927710843,-0.0004518072289156,0.0,0.0,0.0,0.1022896135084391,-0.1771084337349397,0.0,False,False,0.818316908067513,False
re2tt_ts-order-service_mem_1,mem,ts-order-service,direct::GET /api/v1/adminbasicservice/adminbasic/configs,GET /api/v1/adminbasicservice/adminbasic/configs (direct),GET /api/v1/adminbasicservice/adminbasic/configs,113,114,13086.0,17883.999999999996,21290.71999999999,11309.0,21774.15,75686.61000000003,1.2175212480429436,0.1570251379180968,0.1583405906104029,0.0176991150442477,0.0614035087719298,0.043704393727682,0.0,0.0,0.0,5.109013305825618e-10,-0.4857941313460643,0.0,False,False,4.087210644660494e-09,False
re2tt_ts-order-service_mem_1,mem,ts-order-service,direct::GET /api/v1/adminbasicservice/adminbasic/prices,GET /api/v1/adminbasicservice/adminbasic/prices (direct),GET /api/v1/adminbasicservice/adminbasic/prices,113,114,14930.0,65451.19999999994,90842.2,12281.0,22920.79999999995,64090.14000000015,0.3501967878358222,0.1570251379180968,0.1583405906104029,0.0176991150442477,0.0,-0.0176991150442477,0.0,0.0,0.0,2.2296260027292904e-14,-0.5934637478652383,0.0,False,False,2.0066634024563613e-13,False
re2tt_ts-order-service_mem_1,mem,ts-order-service,direct::GET /api/v1/admintravelservice/admintravel,GET /api/v1/admintravelservice/admintravel (direct),GET /api/v1/admintravelservice/admintravel,112,115,179174.5,547229.65,959137.3000000002,143696.0,398582.2,465518.66,0.7283636769316135,0.1556355349276711,0.159729543159617,0.0178571428571428,0.0,-0.0178571428571428,0.0,0.0,0.0,4.944856106401464e-07,-0.3964285714285714,0.0,False,False,2.472428053200732e-06,False
re2tt_ts-order-service_mem_1,mem,ts-order-service,direct::GET /api/v1/assuranceservice/assurances/types,GET /api/v1/assuranceservice/assurances/types (direct),GET /api/v1/assuranceservice/assurances/types,76,74,6955.5,9953.5,11962.5,5380.5,6588.2,6973.87,0.6618978248857186,0.1056098272723482,0.1027824886418405,0.0131578947368421,0.0,-0.0131578947368421,0.0,0.0,0.0,1.798579470047519e-18,-0.837126600284495,0.0,False,False,1.9784374170522707e-17,False
re2tt_ts-order-service_mem_1,mem,ts-order-service,direct::GET /api/v1/contactservice/contacts/account/{accountId},GET /api/v1/contactservice/contacts/account/{accountId} (direct),GET /api/v1/contactservice/contacts/account/{accountId},76,74,10253.0,14456.5,65797.75,8033.5,9421.499999999998,9974.2,0.6517137619755818,0.1056098272723482,0.1027824886418405,0.0131578947368421,0.0,-0.0131578947368421,0.0,0.0,0.0,3.3392869418559494e-19,-0.8547297297297297,0.0,False,False,4.007144330227139e-18,False
re2tt_ts-order-service_mem_1,mem,ts-order-service,direct::GET /api/v1/foodservice/foods/{date}/{startStation}/{endStation}/{tripId},GET /api/v1/foodservice/foods/{date}/{startStation}/{endStation}/{tripId} (direct),GET /api/v1/foodservice/foods/{date}/{startStation}/{endStation}/{tripId},264,247,61107.5,169826.84999999992,258609.6500000001,49459.0,104112.2,169467.57999999993,0.6130491144362629,0.3668551894723677,0.3430712796558731,0.0113636363636363,0.0,-0.0113636363636363,0.0,0.0,0.0,4.9530606921347965e-22,-0.4972856091277143,0.0,False,False,6.438978899775234e-21,False
re2tt_ts-order-service_mem_1,mem,ts-order-service,direct::POST /api/v1/inside_pay_service/inside_payment,POST /api/v1/inside_pay_service/inside_payment (direct),POST /api/v1/inside_pay_service/inside_payment,73,68,56409.0,198007.19999999992,234308.3200000001,87575.5,192688.4,201194.74,0.9731383505246276,0.1014410183010713,0.0944487733465561,0.0136986301369863,0.0,-0.0136986301369863,0.0,0.0,0.0,0.5147725227409323,0.1107977437550362,0.1107977437550362,False,False,0.5147725227409323,False
re2tt_ts-order-service_mem_1,mem,ts-order-service,direct::POST /api/v1/orderOtherService/orderOther/refresh,POST /api/v1/orderOtherService/orderOther/refresh (direct),POST /api/v1/orderOtherService/orderOther/refresh,64,63,44797.0,59211.15,128634.49999999978,70447.0,101386.5,165121.78,1.7122872972404692,0.0889345913872406,0.0875040106004858,0.015625,0.0317460317460317,0.0161210317460317,0.0,0.0,0.0,6.849150270214353e-18,0.8948412698412698,0.8948412698412698,False,False,6.849150270214353e-17,True
re2tt_ts-order-service_mem_1,mem,ts-order-service,direct::POST /api/v1/orderservice/order/refresh,POST /api/v1/orderservice/order/refresh (direct),POST /api/v1/orderservice/order/refresh,96,77,93561.0,129504.5,177660.19999999998,253065.0,1185282.6000000006,1437369.48,9.15244335138934,0.133401887080861,0.1069493462894827,0.0104166666666666,0.8961038961038961,0.8856872294372294,0.0,0.0,0.0,1.581691719091654e-28,0.9870129870129872,0.9870129870129872,False,False,2.214368406728316e-27,True
re2tt_ts-order-service_mem_1,mem,ts-order-service,direct::POST /api/v1/preserveotherservice/preserveOther,POST /api/v1/preserveotherservice/preserveOther (direct),POST /api/v1/preserveotherservice/preserveOther,18,25,722427.5,1152099.5999999996,1378202.3199999994,596891.0,1130736.2,1297497.0399999996,0.9814569851426044,0.0250128538276614,0.0347238137303515,0.0555555555555555,0.0,-0.0555555555555555,0.0,0.0,0.0,0.213706998317577,-0.2933333333333333,0.0,False,False,0.4274139966351541,False
re2tt_ts-order-service_mem_1,mem,ts-order-service,direct::POST /api/v1/preserveservice/preserve,POST /api/v1/preserveservice/preserve (direct),POST /api/v1/preserveservice/preserve,58,49,757517.0,1828390.05,2200623.56,819678.0,1831060.2,2034993.3199999996,1.0014603831387072,0.0805969734446868,0.068058674911489,0.0172413793103448,0.0,-0.0172413793103448,0.0,0.0,0.0,0.0475995142845447,0.254750175932442,0.254750175932442,False,False,0.1427985428536342,False
re2tt_ts-order-service_mem_1,mem,ts-order-service,direct::POST /api/v1/travel2service/trips/left,POST /api/v1/travel2service/trips/left (direct),POST /api/v1/travel2service/trips/left,803,831,374904.0,956672.4999999997,1133969.04,300310.0,613325.0,785394.3000000006,0.6411023626162561,1.1158512013117852,1.1542195683968848,0.0112079701120797,0.0,-0.0112079701120797,0.0,0.0,0.0,5.711633584666338e-48,-0.4172155260133104,0.0,False,False,8.567450376999508e-47,False
re2tt_ts-order-service_mem_1,mem,ts-order-service,direct::POST /api/v1/travelservice/trips/left,POST /api/v1/travelservice/trips/left (direct),POST /api/v1/travelservice/trips/left,254,261,758313.5,1842766.85,3132465.84,1004577.0,2090882.0,2437961.399999997,1.134642724878625,0.3529591595681114,0.36251661534487,0.0118110236220472,0.0,-0.0118110236220472,0.0,0.0,0.0,7.548558004784326e-10,0.319033396687483,0.319033396687483,False,False,5.283990603349029e-09,True
re2tt_ts-order-service_mem_1,mem,ts-order-service,direct::POST /api/v1/users/login,POST /api/v1/users/login (direct),POST /api/v1/users/login,901,917,239638.0,889336.0,1647882.0,219075.0,725996.7999999998,1089763.160000002,0.8163357831010999,1.2520322943734974,1.2736694876292942,0.0099889012208657,0.0010905125408942,-0.0088983886799714,0.0,0.0,0.0,6.458772399198975e-06,-0.1261230403150746,0.0,False,False,2.58350895967959e-05,False
re2tt_ts-order-service_mem_1,mem,ts-order-service,direct::PUT /api/v1/consignservice/consigns,PUT /api/v1/consignservice/consigns (direct),PUT /api/v1/consignservice/consigns,87,72,33356.0,107093.2,136771.70000000004,27971.0,202608.35,250618.0400000003,1.8918880937351763,0.1208954601670302,0.1000045835434124,0.0114942528735632,0.0694444444444444,0.0579501915708812,0.0,0.0,0.0,1.0279461446243482e-07,-0.5027139208173691,0.0,False,False,6.167676867746089e-07,False
re2tt_ts-order-service_mem_2,mem,ts-order-service,direct::GET /api/v1/adminbasicservice/adminbasic/configs,GET /api/v1/adminbasicservice/adminbasic/configs (direct),GET /api/v1/adminbasicservice/adminbasic/configs,113,112,16359.0,29996.799999999963,91775.35999999986,13626.5,22946.55,52415.91000000002,0.7649665964369542,0.1569564341720548,0.1555559876555212,0.0176991150442477,0.0089285714285714,-0.0087705436156763,0.0,0.0,0.0,3.7473862251138903e-17,-0.6559734513274336,0.0,False,False,4.122124847625279e-16,False
re2tt_ts-order-service_mem_2,mem,ts-order-service,direct::GET /api/v1/adminbasicservice/adminbasic/prices,GET /api/v1/adminbasicservice/adminbasic/prices (direct),GET /api/v1/adminbasicservice/adminbasic/prices,113,112,16678.0,27337.399999999983,66924.15999999999,13722.0,17495.449999999997,90804.19,0.6399822221571916,0.1569564341720548,0.1555559876555212,0.0176991150442477,0.0267857142857142,0.0090865992414664,0.0,0.0,0.0,6.456263572450429e-20,-0.7107300884955752,0.0,False,False,7.747516286940515e-19,False
re2tt_ts-order-service_mem_2,mem,ts-order-service,direct::GET /api/v1/admintravelservice/admintravel,GET /api/v1/admintravelservice/admintravel (direct),GET /api/v1/admintravelservice/admintravel,112,112,199663.0,768810.5499999992,914878.34,154305.5,283045.39999999985,405593.26,0.3681601403622779,0.1555674391793817,0.1555559876555212,0.0178571428571428,0.0,-0.0178571428571428,0.0,0.0,0.0,6.345139543230299e-15,-0.6096938775510203,0.0,False,False,5.076111634584239e-14,False
re2tt_ts-order-service_mem_2,mem,ts-order-service,direct::GET /api/v1/assuranceservice/assurances/types,GET /api/v1/assuranceservice/assurances/types (direct),GET /api/v1/assuranceservice/assurances/types,84,84,5874.0,10546.699999999995,30723.04000000009,4624.0,6837.599999999995,8614.700000000012,0.6483165350299144,0.1166755793845363,0.1166669907416409,0.0119047619047619,0.0,-0.0119047619047619,0.0,0.0,0.0,8.026034719558147e-15,-0.7019557823129252,0.0,False,False,5.6182243036907034e-14,False
re2tt_ts-order-service_mem_2,mem,ts-order-service,direct::GET /api/v1/contactservice/contacts/account/{accountId},GET /api/v1/contactservice/contacts/account/{accountId} (direct),GET /api/v1/contactservice/contacts/account/{accountId},84,84,12271.0,19549.94999999999,95302.06,9507.0,12087.25,40738.95000000014,0.6182752385555976,0.1166755793845363,0.1166669907416409,0.0119047619047619,0.0119047619047619,0.0,0.0,0.0,0.0,1.7944016552777258e-16,-0.7433390022675737,0.0,False,False,1.794401655277726e-15,False
re2tt_ts-order-service_mem_2,mem,ts-order-service,direct::GET /api/v1/foodservice/foods/{date}/{startStation}/{endStation}/{tripId},GET /api/v1/foodservice/foods/{date}/{startStation}/{endStation}/{tripId} (direct),GET /api/v1/foodservice/foods/{date}/{startStation}/{endStation}/{tripId},265,256,60919.0,170251.19999999998,231730.56000000003,49088.5,94863.25,209182.7999999996,0.5571957789431147,0.3680836730583586,0.35555654321262,0.0113207547169811,0.0078125,-0.0035082547169811,0.0,0.0,0.0,2.8575665183194846e-32,-0.6018867924528302,0.0,False,False,3.714836473815331e-31,False
re2tt_ts-order-service_mem_2,mem,ts-order-service,direct::POST /api/v1/inside_pay_service/inside_payment,POST /api/v1/inside_pay_service/inside_payment (direct),POST /api/v1/inside_pay_service/inside_payment,101,79,53651.0,195487.0,290153.0,54747.0,192932.4,332865.65999999933,0.9869321233637016,0.1402884942599782,0.1097225270070194,0.0099009900990099,0.0126582278481012,0.0027572377490913,0.0,0.0,0.0,1.0,-0.0530141621757112,0.0,False,False,1.0,False
re2tt_ts-order-service_mem_2,mem,ts-order-service,direct::POST /api/v1/orderOtherService/orderOther/refresh,POST /api/v1/orderOtherService/orderOther/refresh (direct),POST /api/v1/orderOtherService/orderOther/refresh,75,67,63651.0,124989.09999999998,196538.5400000001,99395.0,136940.19999999995,154127.36000000004,1.0956171378144173,0.1041746244504788,0.0930558140439278,0.0133333333333333,0.0,-0.0133333333333333,0.0,0.0,0.0,2.159795758464472e-16,0.8081592039800995,0.8081592039800995,False,False,1.943816182618025e-15,True
re2tt_ts-order-service_mem_2,mem,ts-order-service,direct::POST /api/v1/orderservice/order/refresh,POST /api/v1/orderservice/order/refresh (direct),POST /api/v1/orderservice/order/refresh,117,81,80732.0,117803.6,144842.92000000007,247637.0,1251628.0,1633648.200000003,10.624700773151243,0.162512414142747,0.112500312500868,0.017094017094017,1.0,0.9829059829059827,0.0,0.0,0.0,1.274734452765711e-32,1.0,1.0,False,False,1.7846282338719958e-31,True
re2tt_ts-order-service_mem_2,mem,ts-order-service,direct::POST /api/v1/preserveotherservice/preserveOther,POST /api/v1/preserveotherservice/preserveOther (direct),POST /api/v1/preserveotherservice/preserveOther,29,28,838934.0,1370710.6,1501666.0399999998,699602.5,1585080.4999999998,1647242.67,1.1563932605467555,0.0402808547875184,0.0388889969138803,0.0344827586206896,0.1071428571428571,0.0726600985221674,0.0,0.0,0.0,0.8220804920613634,-0.1280788177339901,0.0,False,False,1.0,False
re2tt_ts-order-service_mem_2,mem,ts-order-service,direct::POST /api/v1/preserveservice/preserve,POST /api/v1/preserveservice/preserve (direct),POST /api/v1/preserveservice/preserve,55,56,673325.0,1309678.999999999,1543606.18,810438.5,1730354.0,1750471.65,1.3212046616002862,0.0763947245970178,0.0777779938277606,0.0181818181818181,0.1607142857142857,0.1425324675324675,0.0,0.0,0.0,3.1115093072941527e-06,0.5292207792207793,0.5292207792207793,False,False,1.5557546536470764e-05,True
re2tt_ts-order-service_mem_2,mem,ts-order-service,direct::POST /api/v1/travel2service/trips/left,POST /api/v1/travel2service/trips/left (direct),POST /api/v1/travel2service/trips/left,891,884,397727.0,1068749.0,1431343.8000000005,319842.5,595176.4499999998,798603.1699999999,0.556890766681419,1.2375945384716889,1.2277811882810783,0.0101010101010101,0.0,-0.0101010101010101,0.0,0.0,0.0,1.2068857429878118e-67,-0.4775215706588256,0.0,False,False,1.8103286144817178e-66,False
re2tt_ts-order-service_mem_2,mem,ts-order-service,direct::POST /api/v1/travelservice/trips/left,POST /api/v1/travelservice/trips/left (direct),POST /api/v1/travelservice/trips/left,254,285,764172.5,2473009.8,4439399.51,999382.0,2086461.2,2436242.280000002,0.8436930577468801,0.352804728138955,0.3958344328734246,0.0118110236220472,0.0,-0.0118110236220472,0.0,0.0,0.0,5.870797682289508e-05,0.2083713220058018,0.2083713220058018,False,False,0.0002348319072915,True
re2tt_ts-order-service_mem_2,mem,ts-order-service,direct::POST /api/v1/users/login,POST /api/v1/users/login (direct),POST /api/v1/users/login,975,967,228300.0,807448.0999999999,1115267.7799999998,220024.0,701706.2999999998,901433.64,0.8690419854848874,1.354270117856225,1.343059286275795,0.0102564102564102,0.0,-0.0102564102564102,0.0,0.0,0.0,0.0021353566065368,-0.0857603478906477,0.0,False,False,0.0064060698196104,False
re2tt_ts-order-service_mem_2,mem,ts-order-service,direct::PUT /api/v1/consignservice/consigns,PUT /api/v1/consignservice/consigns (direct),PUT /api/v1/consignservice/consigns,91,69,36693.0,96715.0,107617.5,28009.0,54654.599999999984,135485.99999999933,0.5651098588636715,0.1263985443332476,0.0958335995377764,0.0109890109890109,0.0144927536231884,0.0035037426341774,0.0,0.0,0.0,4.6237459040124205e-09,-0.5524765089982482,0.0,False,False,2.7742475424074523e-08,False
re2tt_ts-order-service_mem_3,mem,ts-order-service,direct::GET /api/v1/adminbasicservice/adminbasic/configs,GET /api/v1/adminbasicservice/adminbasic/configs (direct),GET /api/v1/adminbasicservice/adminbasic/configs,116,116,10171.0,12451.75,15451.999999999998,10174.0,14409.0,101302.79999999994,1.1571867408195635,0.1611111111111111,0.1611111111111111,0.0172413793103448,0.043103448275862,0.0258620689655172,0.0,0.0,0.0,1.0,-0.0476367419738407,0.0,False,False,1.0,False
re2tt_ts-order-service_mem_3,mem,ts-order-service,direct::GET /api/v1/adminbasicservice/adminbasic/prices,GET /api/v1/adminbasicservice/adminbasic/prices (direct),GET /api/v1/adminbasicservice/adminbasic/prices,117,115,10958.0,16448.399999999998,21133.76,10762.0,15440.2,37722.04,0.9387052844045622,0.1625,0.1597222222222222,0.017094017094017,0.0347826086956521,0.017688591601635,0.0,0.0,0.0,0.2083930568689562,-0.1235228539576365,0.0,False,False,0.8172130758938447,False
re2tt_ts-order-service_mem_3,mem,ts-order-service,direct::GET /api/v1/admintravelservice/admintravel,GET /api/v1/admintravelservice/admintravel (direct),GET /api/v1/admintravelservice/admintravel,117,115,138000.0,158817.4,227021.84000000003,143124.0,382843.4999999999,465855.64,2.4105891419957755,0.1625,0.1597222222222222,0.017094017094017,0.1565217391304348,0.1394277220364177,0.0,0.0,0.0,1.3599812172464766e-05,0.3419546636937942,0.3419546636937942,False,False,0.0001223983095521,True
re2tt_ts-order-service_mem_3,mem,ts-order-service,direct::GET /api/v1/assuranceservice/assurances/types,GET /api/v1/assuranceservice/assurances/types (direct),GET /api/v1/assuranceservice/assurances/types,75,79,4548.0,5706.499999999999,15812.580000000016,4346.0,5467.4,6535.819999999996,0.9581004118110928,0.1041666666666666,0.1097222222222222,0.0133333333333333,0.0,-0.0133333333333333,0.0,0.0,0.0,0.0014602467889047,-0.3156118143459916,0.0,False,False,0.0102217275223331,False
re2tt_ts-order-service_mem_3,mem,ts-order-service,direct::GET /api/v1/contactservice/contacts/account/{accountId},GET /api/v1/contactservice/contacts/account/{accountId} (direct),GET /api/v1/contactservice/contacts/account/{accountId},75,79,7369.0,8851.699999999999,11187.72000000004,6958.0,8611.099999999999,29975.53999999993,0.9728187805732232,0.1041666666666666,0.1097222222222222,0.0133333333333333,0.0253164556962025,0.0119831223628691,0.0,0.0,0.0,0.0020864189915966,-0.3063291139240506,0.0,False,False,0.0104320949579834,False
re2tt_ts-order-service_mem_3,mem,ts-order-service,direct::GET /api/v1/foodservice/foods/{date}/{startStation}/{endStation}/{tripId},GET /api/v1/foodservice/foods/{date}/{startStation}/{endStation}/{tripId} (direct),GET /api/v1/foodservice/foods/{date}/{startStation}/{endStation}/{tripId},261,233,46089.0,59877.0,98867.19999999984,44948.0,97134.59999999985,158095.2,1.6222355829450348,0.3625,0.3236111111111111,0.0114942528735632,0.0515021459227467,0.0400078930491835,0.0,0.0,0.0,0.0015453209217968,-0.1751599164652294,0.0,False,False,0.0102217275223331,False
re2tt_ts-order-service_mem_3,mem,ts-order-service,direct::POST /api/v1/inside_pay_service/inside_payment,POST /api/v1/inside_pay_service/inside_payment (direct),POST /api/v1/inside_pay_service/inside_payment,59,78,48538.0,104903.99999999988,170399.7600000001,80196.5,195912.05,527507.7100000014,1.8675365095706573,0.0819444444444444,0.1083333333333333,0.0169491525423728,0.1923076923076923,0.1753585397653194,0.0,0.0,0.0,0.0006019946364798,0.3615819209039548,0.3615819209039548,False,False,0.0048159570918391,True
re2tt_ts-order-service_mem_3,mem,ts-order-service,direct::POST /api/v1/orderOtherService/orderOther/refresh,POST /api/v1/orderOtherService/orderOther/refresh (direct),POST /api/v1/orderOtherService/orderOther/refresh,57,56,129424.0,163752.19999999998,172132.6,174572.0,215319.0,240993.15,1.3149075249065358,0.0791666666666666,0.0777777777777777,0.0175438596491228,0.5714285714285714,0.5538847117794485,0.0,0.0,0.0,5.0174008107057744e-17,0.9241854636591478,0.9241854636591478,False,False,6.020880972846929e-16,True
re2tt_ts-order-service_mem_3,mem,ts-order-service,direct::POST /api/v1/orderservice/order/refresh,POST /api/v1/orderservice/order/refresh (direct),POST /api/v1/orderservice/order/refresh,81,91,251965.0,301300.0,311505.60000000003,400714.0,1412527.0,1587530.099999998,4.688108197809492,0.1125,0.1263888888888888,0.0123456790123456,0.934065934065934,0.9217202550535885,0.0,0.0,0.0,5.768335649056664e-29,0.9934879934879934,0.9934879934879934,False,False,8.075669908679332e-28,True
re2tt_ts-order-service_mem_3,mem,ts-order-service,direct::POST /api/v1/preserveotherservice/preserveOther,POST /api/v1/preserveotherservice/preserveOther (direct),POST /api/v1/preserveotherservice/preserveOther,32,34,483498.5,522816.5,557061.31,742213.5,1416191.4999999998,1537570.95,2.708773537177958,0.0444444444444444,0.0472222222222222,0.03125,0.7352941176470589,0.7040441176470589,0.0,0.0,0.0,4.8378517271747264e-11,0.9577205882352942,0.9577205882352942,False,False,4.837851727174726e-10,True
re2tt_ts-order-service_mem_3,mem,ts-order-service,direct::POST /api/v1/preserveservice/preserve,POST /api/v1/preserveservice/preserve (direct),POST /api/v1/preserveservice/preserve,43,45,496594.0,566721.3,730026.08,782354.0,1910380.8,1987878.84,3.3709352374791623,0.0597222222222222,0.0625,0.0232558139534883,0.7555555555555555,0.7322997416020671,0.0,0.0,0.0,5.356135806145844e-15,0.979328165374677,0.979328165374677,False,False,5.891749386760427e-14,True
re2tt_ts-order-service_mem_3,mem,ts-order-service,direct::POST /api/v1/travel2service/trips/left,POST /api/v1/travel2service/trips/left (direct),POST /api/v1/travel2service/trips/left,857,841,290654.0,326946.4,399544.3199999998,300441.0,580577.0,665080.0,1.775755903719998,1.1902777777777778,1.1680555555555556,0.0105017502917152,0.1403091557669441,0.1298074054752288,0.0,0.0,0.0,1.1278563937084231e-26,0.301469190564658,0.301469190564658,False,False,1.4662133118209502e-25,True
re2tt_ts-order-service_mem_3,mem,ts-order-service,direct::POST /api/v1/travelservice/trips/left,POST /api/v1/travelservice/trips/left (direct),POST /api/v1/travelservice/trips/left,249,229,658915.0,896685.4,1274543.480000001,988598.0,1966798.0,2153221.08,2.193409193458486,0.3458333333333333,0.3180555555555555,0.0120481927710843,0.3056768558951965,0.2936286631241122,0.0,0.0,0.0,1.8031809406580047e-33,0.6409919152592904,0.6409919152592904,False,False,2.7047714109870064e-32,True
re2tt_ts-order-service_mem_3,mem,ts-order-service,direct::POST /api/v1/users/login,POST /api/v1/users/login (direct),POST /api/v1/users/login,942,923,221137.0,716989.35,908873.96,220169.0,711038.2,1013954.28,0.9916998069776072,1.3083333333333331,1.2819444444444446,0.0106157112526539,0.0205850487540628,0.0099693375014089,0.0,0.0,0.0,0.2043032689734611,-0.0437187883137466,0.0,False,False,0.8172130758938447,False
re2tt_ts-order-service_mem_3,mem,ts-order-service,direct::PUT /api/v1/consignservice/consigns,PUT /api/v1/consignservice/consigns (direct),PUT /api/v1/consignservice/consigns,79,69,24387.0,35600.99999999998,47292.19999999999,24178.0,64583.59999999998,186885.55999999927,1.8140951096879303,0.1097222222222222,0.0958333333333333,0.0126582278481012,0.072463768115942,0.0598055402678407,0.0,0.0,0.0,1.0,-0.0508163639699137,0.0,False,False,1.0,False
re2tt_ts-order-service_socket_1,socket,ts-order-service,direct::GET /api/v1/adminbasicservice/adminbasic/configs,GET /api/v1/adminbasicservice/adminbasic/configs (direct),GET /api/v1/adminbasicservice/adminbasic/configs,117,113,9394.0,11322.399999999994,16857.160000000003,9600.0,13417.799999999996,17809.16,1.1850667702960505,0.1625704471937839,0.1569549081049847,0.017094017094017,0.0353982300884955,0.0183042129944784,0.0,0.0,0.0,0.0400218342232386,0.1775962483927085,0.1775962483927085,False,False,0.2001091711161931,False
re2tt_ts-order-service_socket_1,socket,ts-order-service,direct::GET /api/v1/adminbasicservice/adminbasic/prices,GET /api/v1/adminbasicservice/adminbasic/prices (direct),GET /api/v1/adminbasicservice/adminbasic/prices,116,112,10010.5,12459.75,17216.199999999986,9922.5,13613.7,17397.54,1.0926142177812557,0.1611809561921277,0.15556592661733,0.0172413793103448,0.0178571428571428,0.000615763546798,0.0,0.0,0.0,1.0,-0.0120073891625616,0.0,False,False,1.0,False
re2tt_ts-order-service_socket_1,socket,ts-order-service,direct::GET /api/v1/admintravelservice/admintravel,GET /api/v1/admintravelservice/admintravel (direct),GET /api/v1/admintravelservice/admintravel,117,111,154557.0,175215.6,190578.28,157798.0,184677.0,196672.10000000003,1.053998616561539,0.1625704471937839,0.1541769451296753,0.017094017094017,0.027027027027027,0.0099330099330099,0.0,0.0,0.0,0.0023816792889423,0.2485562485562484,0.2485562485562484,False,False,0.0142900757336542,True
re2tt_ts-order-service_socket_1,socket,ts-order-service,direct::GET /api/v1/assuranceservice/assurances/types,GET /api/v1/assuranceservice/assurances/types (direct),GET /api/v1/assuranceservice/assurances/types,71,84,3205.0,3808.0,6913.099999999973,3195.5,4202.5,6754.730000000014,1.1035976890756305,0.0986538611175954,0.1166744449629975,0.0140845070422535,0.0119047619047619,-0.0021797451374916,0.0,0.0,0.0,1.0,0.0427565392354125,0.0427565392354125,False,False,1.0,False
re2tt_ts-order-service_socket_1,socket,ts-order-service,direct::GET /api/v1/contactservice/contacts/account/{accountId},GET /api/v1/contactservice/contacts/account/{accountId} (direct),GET /api/v1/contactservice/contacts/account/{accountId},70,85,5781.5,7570.149999999996,14697.67,5552.0,7866.799999999999,19188.63999999979,1.0391868060738565,0.0972643701159391,0.1180634264506522,0.0142857142857142,0.0117647058823529,-0.0025210084033613,0.0,0.0,0.0,0.0469972435751181,-0.2119327731092437,0.0,False,False,0.2001091711161931,False
re2tt_ts-order-service_socket_1,socket,ts-order-service,direct::GET /api/v1/foodservice/foods/{date}/{startStation}/{endStation}/{tripId},GET /api/v1/foodservice/foods/{date}/{startStation}/{endStation}/{tripId} (direct),GET /api/v1/foodservice/foods/{date}/{startStation}/{endStation}/{tripId},272,260,42140.5,52048.45,86896.72000000038,43316.5,54034.349999999984,67848.17000000009,1.0381548345820093,0.3779415524505063,0.3611351867902304,0.0110294117647058,0.0038461538461538,-0.007183257918552,0.0,0.0,0.0,4.438689551205415e-05,0.2126131221719456,0.2126131221719456,False,False,0.0003107082685843,True
re2tt_ts-order-service_socket_1,socket,ts-order-service,direct::GET /error,GET /error (direct),GET /error,1,1,285797.0,285797.0,285797.0,193876.0,193876.0,193876.0,0.6783696119973268,0.0013894910016562,0.0013889814876547,0.0,0.0,0.0,0.0,0.0,0.0,1.0,,0.0,True,False,,False
re2tt_ts-order-service_socket_1,socket,ts-order-service,direct::POST /api/v1/inside_pay_service/inside_payment,POST /api/v1/inside_pay_service/inside_payment (direct),POST /api/v1/inside_pay_service/inside_payment,82,80,17027.0,73631.5,104301.13999999998,89318.5,315141.3499999998,408436.73999999935,4.279980035718406,0.1139382621358144,0.1111185190123786,0.0121951219512195,0.3875,0.3753048780487805,0.0,0.0,0.0,2.2648661321276848e-14,0.703048780487805,0.703048780487805,False,False,2.264866132127685e-13,True
re2tt_ts-order-service_socket_1,socket,ts-order-service,direct::POST /api/v1/orderOtherService/orderOther/refresh,POST /api/v1/orderOtherService/orderOther/refresh (direct),POST /api/v1/orderOtherService/orderOther/refresh,57,56,676416.0,738970.4,758367.6,754276.5,855433.25,876855.4500000001,1.1576015088019764,0.0792009870944075,0.077782963308665,0.0175438596491228,0.4821428571428571,0.4645989974937343,0.0,0.0,0.0,1.2826012373126471e-14,0.8508771929824561,0.8508771929824561,False,False,1.4108613610439118e-13,True
re2tt_ts-order-service_socket_1,socket,ts-order-service,direct::POST /api/v1/orderservice/order/refresh,POST /api/v1/orderservice/order/refresh (direct),POST /api/v1/orderservice/order/refresh,102,107,960801.5,1071620.8,1164006.11,1353318.0,1703666.6,1901544.96,1.5898035947043954,0.1417280821689398,0.1486210191790563,0.0196078431372549,0.9532710280373832,0.9336631849001282,0.0,0.0,0.0,2.8389386894985807e-35,0.997067986072934,0.997067986072934,False,False,3.9745141652980136e-34,True
re2tt_ts-order-service_socket_1,socket,ts-order-service,direct::POST /api/v1/preserveotherservice/preserveOther,POST /api/v1/preserveotherservice/preserveOther (direct),POST /api/v1/preserveotherservice/preserveOther,29,34,554380.0,589741.0,644212.6,788445.0,1004479.25,1027036.1,1.7032549034237063,0.0402952390480319,0.0472253705802609,0.0344827586206896,1.0,0.9655172413793104,0.0,0.0,0.0,2.9533885822790165e-11,0.9939148073022313,0.9939148073022313,False,False,2.658049724051115e-10,True
re2tt_ts-order-service_socket_1,socket,ts-order-service,direct::POST /api/v1/preserveservice/preserve,POST /api/v1/preserveservice/preserve (direct),POST /api/v1/preserveservice/preserve,41,51,540316.0,643628.0,700166.0,2069603.0,2742758.5,3311913.0,4.261403326144916,0.0569691310679072,0.0708380558703913,0.024390243902439,0.9803921568627452,0.956001912960306,0.0,0.0,0.0,8.556770394191853e-16,0.9904351984696318,0.9904351984696318,False,False,1.1123801512449406e-14,True
re2tt_ts-order-service_socket_1,socket,ts-order-service,direct::POST /api/v1/travel2service/trips/left,POST /api/v1/travel2service/trips/left (direct),POST /api/v1/travel2service/trips/left,897,885,318794.0,359545.4,373269.3599999999,328989.0,374390.79999999993,414365.2,1.0412893615103962,1.2463734284856771,1.2292486165744383,0.0100334448160535,0.0531073446327683,0.0430738998167148,0.0,0.0,0.0,4.157691901830223e-15,0.2171607807569486,0.2171607807569486,False,False,4.989230282196268e-14,True
re2tt_ts-order-service_socket_1,socket,ts-order-service,direct::POST /api/v1/travelservice/trips/left,POST /api/v1/travelservice/trips/left (direct),POST /api/v1/travelservice/trips/left,267,238,717895.0,845180.6,974581.9599999996,1093314.0,1505738.35,1682557.2099999995,1.7815581072258402,0.3709940974422249,0.3305775940618263,0.0112359550561797,0.819327731092437,0.8080917760362571,0.0,0.0,0.0,2.9671555497141537e-78,0.9667327605199384,0.9667327605199384,False,False,4.4507333245712294e-77,True
re2tt_ts-order-service_socket_1,socket,ts-order-service,direct::POST /api/v1/users/login,POST /api/v1/users/login (direct),POST /api/v1/users/login,985,964,220488.0,631442.9999999998,856154.3599999996,228067.0,874156.8999999999,1310640.44,1.384379746073676,1.3686486366314292,1.338978154099162,0.0101522842639593,0.0549792531120331,0.0448269688480738,0.0,0.0,0.0,3.018229372914262e-06,0.1258493586368136,0.1258493586368136,False,False,2.4145834983314096e-05,False
re2tt_ts-order-service_socket_1,socket,ts-order-service,direct::PUT /api/v1/consignservice/consigns,PUT /api/v1/consignservice/consigns (direct),PUT /api/v1/consignservice/consigns,77,83,20313.0,25988.6,32920.919999999984,19212.0,24481.5,26809.839999999986,0.9420091886442516,0.106990807127533,0.1152854634753428,0.0129870129870129,0.0,-0.0129870129870129,0.0,0.0,0.0,0.0799244495326497,-0.1883899233296824,0.0,False,False,0.2397733485979492,False
re2tt_ts-order-service_socket_2,socket,ts-order-service,direct::GET /api/v1/adminbasicservice/adminbasic/configs,GET /api/v1/adminbasicservice/adminbasic/configs (direct),GET /api/v1/adminbasicservice/adminbasic/configs,113,112,11622.0,16002.79999999999,21676.47999999999,10972.0,17416.049999999996,19473.67,1.0883126702827008,0.156946188290981,0.1557095349845959,0.0176991150442477,0.0089285714285714,-0.0087705436156763,0.0,0.0,0.0,0.0003799925724435,-0.2880056890012642,0.0,False,False,0.0034199331519917,False
re2tt_ts-order-service_socket_2,socket,ts-order-service,direct::GET /api/v1/adminbasicservice/adminbasic/prices,GET /api/v1/adminbasicservice/adminbasic/prices (direct),GET /api/v1/adminbasicservice/adminbasic/prices,113,113,12085.0,15079.6,18237.8,11524.0,13639.2,21655.079999999965,0.9044802249396536,0.156946188290981,0.1570997986898155,0.0176991150442477,0.0176991150442477,0.0,0.0,0.0,0.0,0.0028414096874891,-0.2456731145743598,0.0,False,False,0.0170484581249347,False
re2tt_ts-order-service_socket_2,socket,ts-order-service,direct::GET /api/v1/admintravelservice/admintravel,GET /api/v1/admintravelservice/admintravel (direct),GET /api/v1/admintravelservice/admintravel,114,112,135850.5,155206.19999999998,318722.6600000008,136963.0,149132.9,228412.28000000003,0.9608694755750736,0.1583350926121401,0.1557095349845959,0.0175438596491228,0.0,-0.0175438596491228,0.0,0.0,0.0,1.0,0.0381422305764411,0.0381422305764411,False,False,1.0,False
re2tt_ts-order-service_socket_2,socket,ts-order-service,direct::GET /api/v1/assuranceservice/assurances/types,GET /api/v1/assuranceservice/assurances/types (direct),GET /api/v1/assuranceservice/assurances/types,81,80,3671.0,4656.0,6665.200000000023,3526.5,4127.7,6769.639999999965,0.8865335051546391,0.112501250013889,0.1112210964175684,0.0123456790123456,0.0125,0.0001543209876543,0.0,0.0,0.0,0.0036293426687067,-0.2848765432098765,0.0,False,False,0.0181467133435335,False
re2tt_ts-order-service_socket_2,socket,ts-order-service,direct::GET /api/v1/foodservice/foods/{date}/{startStation}/{endStation}/{tripId},GET /api/v1/foodservice/foods/{date}/{startStation}/{endStation}/{tripId} (direct),GET /api/v1/foodservice/foods/{date}/{startStation}/{endStation}/{tripId},229,200,43494.0,52928.4,87476.35999999999,42404.5,50596.2,104897.15999999989,0.9559366993901194,0.3180590895454394,0.2780527410439212,0.0131004366812227,0.015,0.0018995633187772,0.0,0.0,0.0,0.0061683466599042,-0.1655676855895196,0.0,False,False,0.024673386639617,False
re2tt_ts-order-service_socket_2,socket,ts-order-service,direct::POST /api/v1/inside_pay_service/inside_payment,POST /api/v1/inside_pay_service/inside_payment (direct),POST /api/v1/inside_pay_service/inside_payment,74,81,13163.0,15673.4,19421.48999999996,98706.0,104082.0,196400.6,6.640677836334172,0.1027789197657751,0.112611360122788,0.0135135135135135,0.691358024691358,0.6778445111778445,0.0,0.0,0.0,2.9340696095124267e-16,0.7694361027694361,0.7694361027694361,False,False,3.227476570463669e-15,True
re2tt_ts-order-service_socket_2,socket,ts-order-service,direct::POST /api/v1/orderOtherService/orderOther/refresh,POST /api/v1/orderOtherService/orderOther/refresh (direct),POST /api/v1/orderOtherService/orderOther/refresh,54,58,16357.5,20354.399999999983,25816.88,15497.0,17681.15,18201.74,0.8686647604449169,0.0750008333425927,0.0806352949027371,0.0185185185185185,0.0,-0.0185185185185185,0.0,0.0,0.0,0.0009218312730947,-0.3844189016602809,0.0,False,False,0.007374650184758,False
re2tt_ts-order-service_socket_2,socket,ts-order-service,direct::POST /api/v1/orderservice/order/refresh,POST /api/v1/orderservice/order/refresh (direct),POST /api/v1/orderservice/order/refresh,99,102,18420.0,23173.69999999999,29701.839999999906,115318.5,201748.3,202297.98,8.705916620997082,0.1375015277947532,0.1418068979323998,0.0101010101010101,0.931372549019608,0.9212715389185978,0.0,0.0,0.0,3.0276837618583318e-33,0.9857397504456328,0.9857397504456328,False,False,3.633220514229999e-32,True
re2tt_ts-order-service_socket_2,socket,ts-order-service,direct::POST /api/v1/travel2service/trips/left,POST /api/v1/travel2service/trips/left (direct),POST /api/v1/travel2service/trips/left,990,980,41795.5,50650.05,57935.15,41559.5,50744.2,54601.240000000005,1.0018588333081604,1.3750152779475329,1.362458431115214,0.0101010101010101,0.0040816326530612,-0.0060193774479488,0.0,0.0,0.0,0.5831695600201676,-0.0274458874458874,0.0,False,False,1.0,False
re2tt_ts-order-service_socket_2,socket,ts-order-service,direct::POST /api/v1/travelservice/trips/left,POST /api/v1/travelservice/trips/left (direct),POST /api/v1/travelservice/trips/left,239,268,44596.0,65109.2,69251.76,54023.5,65292.09999999999,73681.96999999996,1.002809126820787,0.3319481327570306,0.3725906729988544,0.0125523012552301,0.0186567164179104,0.0061044151626803,0.0,0.0,0.0,1.0,0.0044651220883031,0.0044651220883031,False,False,1.0,False
re2tt_ts-order-service_socket_2,socket,ts-order-service,direct::POST /api/v1/users/login,POST /api/v1/users/login (direct),POST /api/v1/users/login,1067,1056,212500.0,668401.4999999992,883143.5999999997,218935.0,780437.25,1218276.6500000013,1.1676174425102293,1.4819609106767857,1.468118472711904,0.0103092783505154,0.0397727272727272,0.0294634489222118,0.0,0.0,0.0,2.6518571892263014e-05,0.1091872923234216,0.1091872923234216,False,False,0.0002651857189226,False
re2tt_ts-order-service_socket_2,socket,ts-order-service,direct::PUT /api/v1/consignservice/consigns,PUT /api/v1/consignservice/consigns (direct),PUT /api/v1/consignservice/consigns,79,79,19886.0,24148.3,30083.9,18745.0,23502.899999999998,28369.02,0.9732734809489696,0.1097234413715708,0.1098308327123488,0.0126582278481012,0.0,-0.0126582278481012,0.0,0.0,0.0,0.0018621667111183,-0.3052395449447204,0.0,False,False,0.0130351669778285,False
re2tt_ts-order-service_socket_3,socket,ts-order-service,direct::GET /api/v1/adminbasicservice/adminbasic/configs,GET /api/v1/adminbasicservice/adminbasic/configs (direct),GET /api/v1/adminbasicservice/adminbasic/configs,111,114,10708.0,13142.5,15679.400000000012,10167.0,12177.7,13196.440000000002,0.9265893094921058,0.1541675231529064,0.1583333333333333,0.018018018018018,0.0087719298245614,-0.0092460881934566,0.0,0.0,0.0,0.000604307212171,-0.2788841473051999,0.0,False,False,0.0048344576973685,False
re2tt_ts-order-service_socket_3,socket,ts-order-service,direct::GET /api/v1/adminbasicservice/adminbasic/prices,GET /api/v1/adminbasicservice/adminbasic/prices (direct),GET /api/v1/adminbasicservice/adminbasic/prices,111,114,10876.0,16024.5,32452.60000000008,10691.5,14073.0,18936.100000000013,0.8782177291023121,0.1541675231529064,0.1583333333333333,0.018018018018018,0.0,-0.018018018018018,0.0,0.0,0.0,0.5634468366916092,-0.0831357673462936,0.0,False,False,1.0,False
re2tt_ts-order-service_socket_3,socket,ts-order-service,direct::GET /api/v1/admintravelservice/admintravel,GET /api/v1/admintravelservice/admintravel (direct),GET /api/v1/admintravelservice/admintravel,112,113,157652.0,178339.15,210725.45,157002.0,175928.19999999998,181634.76,0.9864810951493264,0.1555564197578875,0.1569444444444444,0.0178571428571428,0.0,-0.0178571428571428,0.0,0.0,0.0,0.6470219627170284,-0.076248419721871,0.0,False,False,1.0,False
re2tt_ts-order-service_socket_3,socket,ts-order-service,direct::GET /api/v1/assuranceservice/assurances/types,GET /api/v1/assuranceservice/assurances/types (direct),GET /api/v1/assuranceservice/assurances/types,85,76,3845.0,4626.599999999999,7241.439999999965,3784.5,4907.25,8475.5,1.0606600959668009,0.1180562114233968,0.1055555555555555,0.0117647058823529,0.0131578947368421,0.0013931888544891,0.0,0.0,0.0,0.1400784620299611,-0.1657894736842105,0.0,False,False,0.5603138481198446,False
re2tt_ts-order-service_socket_3,socket,ts-order-service,direct::GET /api/v1/contactservice/contacts/account/{accountId},GET /api/v1/contactservice/contacts/account/{accountId} (direct),GET /api/v1/contactservice/contacts/account/{accountId},85,76,6853.0,8599.4,11615.839999999967,6573.5,7728.5,11017.5,0.8987254924762194,0.1180562114233968,0.1055555555555555,0.0117647058823529,0.0131578947368421,0.0013931888544891,0.0,0.0,0.0,0.0221904179655436,-0.2323529411764705,0.0,False,False,0.1109520898277184,False
re2tt_ts-order-service_socket_3,socket,ts-order-service,direct::GET /api/v1/foodservice/foods/{date}/{startStation}/{endStation}/{tripId},GET /api/v1/foodservice/foods/{date}/{startStation}/{endStation}/{tripId} (direct),GET /api/v1/foodservice/foods/{date}/{startStation}/{endStation}/{tripId},277,277,44701.0,55288.6,99069.2,43595.0,53484.19999999999,58976.12000000003,0.967363977384126,0.3847243595797754,0.3847222222222222,0.0108303249097472,0.0,-0.0108303249097472,0.0,0.0,0.0,0.0002223711484956,-0.1897848271188208,0.0,False,False,0.0020013403364612,False
re2tt_ts-order-service_socket_3,socket,ts-order-service,direct::POST /api/v1/inside_pay_service/inside_payment,POST /api/v1/inside_pay_service/inside_payment (direct),POST /api/v1/inside_pay_service/inside_payment,90,61,47466.5,95210.1,114543.36,93134.0,297082.0,334593.59999999986,3.1202782057785887,0.1250006944483025,0.0847222222222222,0.0111111111111111,0.3442622950819672,0.3331511839708561,0.0,0.0,0.0,2.0437742468668924e-10,0.6211293260473589,0.6211293260473589,False,False,2.043774246866892e-09,True
re2tt_ts-order-service_socket_3,socket,ts-order-service,direct::POST /api/v1/orderOtherService/orderOther/refresh,POST /api/v1/orderOtherService/orderOther/refresh (direct),POST /api/v1/orderOtherService/orderOther/refresh,78,64,453842.0,523747.0999999999,907730.4600000008,509009.5,559245.4,569218.59,1.0677775590547427,0.1083339351885288,0.0888888888888888,0.0128205128205128,0.0,-0.0128205128205128,0.0,0.0,0.0,1.0173330759089096e-13,0.7359775641025641,0.7359775641025641,False,False,1.1190663834998005e-12,True
re2tt_ts-order-service_socket_3,socket,ts-order-service,direct::POST /api/v1/orderservice/order/refresh,POST /api/v1/orderservice/order/refresh (direct),POST /api/v1/orderservice/order/refresh,96,79,658388.5,747537.0,820096.8499999986,967754.0,1101487.1,1135502.4,1.473488402580742,0.1333340740781893,0.1097222222222222,0.0104166666666666,0.8607594936708861,0.8503428270042195,0.0,0.0,0.0,4.078586350480499e-28,0.9725738396624471,0.9725738396624471,False,False,5.710020890672698e-27,True
re2tt_ts-order-service_socket_3,socket,ts-order-service,direct::POST /api/v1/preserveotherservice/preserveOther,POST /api/v1/preserveotherservice/preserveOther (direct),POST /api/v1/preserveotherservice/preserveOther,25,37,547900.0,1271068.1999999995,1588463.0799999994,702938.0,869524.9999999997,998589.96,0.6840899646454848,0.0347224151245284,0.0513888888888888,0.04,0.0,-0.04,0.0,0.0,0.0,0.0027482449365426,0.4832432432432432,0.4832432432432432,False,False,0.016489469619256,True
re2tt_ts-order-service_socket_3,socket,ts-order-service,direct::POST /api/v1/preserveservice/preserve,POST /api/v1/preserveservice/preserve (direct),POST /api/v1/preserveservice/preserve,60,39,542752.5,794991.95,1285823.3699999992,1573583.0,1758830.1,4426967.999999989,2.2123873078211678,0.0833337962988683,0.0541666666666666,0.0166666666666666,0.9230769230769232,0.9064102564102564,0.0,0.0,0.0,2.283521336428005e-16,0.9897435897435898,0.9897435897435898,False,False,2.9685777373564066e-15,True
re2tt_ts-order-service_socket_3,socket,ts-order-service,direct::POST /api/v1/travel2service/trips/left,POST /api/v1/travel2service/trips/left (direct),POST /api/v1/travel2service/trips/left,895,910,326676.0,636277.0999999999,977137.86,318701.0,359794.9,412304.5199999999,0.5654688814040298,1.2430624614581192,1.2638888888888888,0.0100558659217877,0.0,-0.0100558659217877,0.0,0.0,0.0,2.3285541748437822e-16,-0.2252943704340352,0.0,False,False,2.9685777373564066e-15,False
re2tt_ts-order-service_socket_3,socket,ts-order-service,direct::POST /api/v1/travelservice/trips/left,POST /api/v1/travelservice/trips/left (direct),POST /api/v1/travelservice/trips/left,253,244,718040.0,1172283.7999999998,1290169.76,970674.0,1254302.4,1491030.51,1.0699647986264078,0.3513908410602281,0.3388888888888889,0.0118577075098814,0.0450819672131147,0.0332242597032333,0.0,0.0,0.0,4.198229131207251e-40,0.6900796993455582,0.6900796993455582,False,False,6.297343696810875e-39,True
re2tt_ts-order-service_socket_3,socket,ts-order-service,direct::POST /api/v1/users/login,POST /api/v1/users/login (direct),POST /api/v1/users/login,982,986,221888.0,745587.4499999998,965799.1999999994,215695.5,605694.5,834517.6499999996,0.8123721771336148,1.3638964660914783,1.3694444444444445,0.010183299389002,0.0010141987829614,-0.0091691006060405,0.0,0.0,0.0,0.0007231311265361,-0.0928611559800547,0.0,False,False,0.0050619178857527,False
re2tt_ts-order-service_socket_3,socket,ts-order-service,direct::PUT /api/v1/consignservice/consigns,PUT /api/v1/consignservice/consigns (direct),PUT /api/v1/consignservice/consigns,84,81,23058.0,31551.399999999998,86638.41000000003,23104.0,29006.0,44955.60000000018,0.9193252914292236,0.1166673148184156,0.1125,0.0119047619047619,0.0123456790123456,0.0004409171075837,0.0,0.0,0.0,1.0,-0.0092592592592593,0.0,False,False,1.0,False
re2tt_ts-route-service_cpu_1,cpu,ts-route-service,direct::GET /api/v1/adminbasicservice/adminbasic/configs,GET /api/v1/adminbasicservice/adminbasic/configs (direct),GET /api/v1/adminbasicservice/adminbasic/configs,114,104,10260.5,12870.7,17962.120000000003,10085.5,11627.2,12737.96,0.9033852082637308,0.1583333333333333,0.1445020445649863,0.0175438596491228,0.0096153846153846,-0.0079284750337381,0.0,0.0,0.0,0.9924830833411388,-0.0534750337381916,0.0,False,False,1.0,False
re2tt_ts-route-service_cpu_1,cpu,ts-route-service,direct::GET /api/v1/adminbasicservice/adminbasic/prices,GET /api/v1/adminbasicservice/adminbasic/prices (direct),GET /api/v1/adminbasicservice/adminbasic/prices,114,105,10546.0,12070.55,17966.680000000004,10771.0,14106.199999999995,20004.48,1.1686460020463023,0.1583333333333333,0.1458914873011881,0.0175438596491228,0.0285714285714285,0.0110275689223057,0.0,0.0,0.0,0.1442058839101724,0.1408521303258145,0.1408521303258145,False,False,1.0,False
re2tt_ts-route-service_cpu_1,cpu,ts-route-service,direct::GET /api/v1/admintravelservice/admintravel,GET /api/v1/admintravelservice/admintravel (direct),GET /api/v1/admintravelservice/admintravel,115,105,151898.0,176714.3,224254.66,422961.0,616096.0,808289.9199999989,3.486395837801469,0.1597222222222222,0.1458914873011881,0.017391304347826,1.0,0.982608695652174,0.0,0.0,0.0,3.2912707046701813e-37,0.9998343685300206,0.9998343685300206,False,False,4.278651916071236e-36,True
re2tt_ts-route-service_cpu_1,cpu,ts-route-service,direct::GET /api/v1/assuranceservice/assurances/types,GET /api/v1/assuranceservice/assurances/types (direct),GET /api/v1/assuranceservice/assurances/types,73,51,3801.0,5036.599999999998,11045.160000000007,3736.0,4618.0,5348.5,0.9168883770797764,0.1013888888888888,0.0708615795462913,0.0136986301369863,0.0,-0.0136986301369863,0.0,0.0,0.0,0.3328686600424644,-0.1466559226430298,0.0,False,False,1.0,False
re2tt_ts-route-service_cpu_1,cpu,ts-route-service,direct::GET /api/v1/contactservice/contacts/account/{accountId},GET /api/v1/contactservice/contacts/account/{accountId} (direct),GET /api/v1/contactservice/contacts/account/{accountId},73,51,7296.0,8307.799999999996,15209.880000000005,7093.0,8444.5,18350.5,1.016454416331641,0.1013888888888888,0.0708615795462913,0.0136986301369863,0.0392156862745098,0.0255170561375235,0.0,0.0,0.0,0.2193905475985069,-0.1694869728713403,0.0,False,False,1.0,False
re2tt_ts-route-service_cpu_1,cpu,ts-route-service,direct::GET /api/v1/foodservice/foods/{date}/{startStation}/{endStation}/{tripId},GET /api/v1/foodservice/foods/{date}/{startStation}/{endStation}/{tripId} (direct),GET /api/v1/foodservice/foods/{date}/{startStation}/{endStation}/{tripId},277,231,45624.0,58502.39999999999,102363.72000000004,96954.0,114667.0,120323.2,1.9600392462531453,0.3847222222222222,0.3209612720626139,0.0108303249097472,0.3939393939393939,0.3831090690296466,0.0,0.0,0.0,2.9815789399844183e-43,0.7126134996171096,0.7126134996171096,False,False,4.174210515978186e-42,True
re2tt_ts-route-service_cpu_1,cpu,ts-route-service,direct::POST /api/v1/inside_pay_service/inside_payment,POST /api/v1/inside_pay_service/inside_payment (direct),POST /api/v1/inside_pay_service/inside_payment,79,79,14500.0,58821.1,88950.19999999988,15604.0,57837.3,79779.69999999998,0.9832747092454918,0.1097222222222222,0.1097659761599415,0.0126582278481012,0.0,-0.0126582278481012,0.0,0.0,0.0,1.0,-0.00721038295145,0.0,False,False,1.0,False
re2tt_ts-route-service_cpu_1,cpu,ts-route-service,direct::POST /api/v1/orderOtherService/orderOther/refresh,POST /api/v1/orderOtherService/orderOther/refresh (direct),POST /api/v1/orderOtherService/orderOther/refresh,54,54,269277.5,311063.3,331461.03,328743.5,363519.7,377552.33,1.1686357728475203,0.075,0.0750299077548967,0.0185185185185185,0.4629629629629629,0.4444444444444444,0.0,0.0,0.0,3.795308876108754e-15,0.887517146776406,0.887517146776406,False,False,3.795308876108754e-14,True
re2tt_ts-route-service_cpu_1,cpu,ts-route-service,direct::POST /api/v1/orderservice/order/refresh,POST /api/v1/orderservice/order/refresh (direct),POST /api/v1/orderservice/order/refresh,93,92,310340.0,360024.4,383528.08,381825.0,420476.9,438929.29,1.1679122303932734,0.1291666666666666,0.1278287317305648,0.010752688172043,0.4891304347826087,0.4783777466105657,0.0,0.0,0.0,3.954839741161875e-27,0.9237961664329126,0.9237961664329126,False,False,4.745807689394249e-26,True
re2tt_ts-route-service_cpu_1,cpu,ts-route-service,direct::POST /api/v1/preserveotherservice/preserveOther,POST /api/v1/preserveotherservice/preserveOther (direct),POST /api/v1/preserveotherservice/preserveOther,35,23,528734.0,652626.4999999999,734258.9399999997,721577.0,844483.1,928411.74,1.2939761103786012,0.0486111111111111,0.0319571829326412,0.0285714285714285,0.3043478260869565,0.2757763975155279,0.0,0.0,0.0,6.098713231776912e-09,0.927950310559006,0.927950310559006,False,False,4.8789705854215294e-08,True
re2tt_ts-route-service_cpu_1,cpu,ts-route-service,direct::POST /api/v1/preserveservice/preserve,POST /api/v1/preserveservice/preserve (direct),POST /api/v1/preserveservice/preserve,38,28,522571.5,634335.4,742119.1100000005,653615.0,736259.35,743254.81,1.1606783256933162,0.0527777777777777,0.0389043966136501,0.0263157894736842,0.0357142857142857,0.0093984962406015,0.0,0.0,0.0,1.4894354589631171e-09,0.8928571428571428,0.8928571428571428,False,False,1.3404919130668053e-08,True
re2tt_ts-route-service_cpu_1,cpu,ts-route-service,direct::POST /api/v1/travel2service/trips/left,POST /api/v1/travel2service/trips/left (direct),POST /api/v1/travel2service/trips/left,913,828,317534.0,372181.6,507474.16,513819.5,619646.3,807814.78,1.6649031010667912,1.2680555555555555,1.1504585855750835,0.0109529025191675,0.6147342995169082,0.6037813969977406,0.0,0.0,0.0,7.581843852633046e-269,0.9714298564481908,0.9714298564481908,False,False,1.1372765778949568e-267,True
re2tt_ts-route-service_cpu_1,cpu,ts-route-service,direct::POST /api/v1/travelservice/trips/left,POST /api/v1/travelservice/trips/left (direct),POST /api/v1/travelservice/trips/left,255,236,700323.0,910311.9999999998,1372395.2800000005,1092238.5,1299609.75,1458602.7500000007,1.4276531013542613,0.3541666666666667,0.3279084857436228,0.0117647058823529,0.0254237288135593,0.0136590229312063,0.0,0.0,0.0,7.277153346674415e-22,0.505383848454636,0.505383848454636,False,False,8.004868681341856e-21,True
re2tt_ts-route-service_cpu_1,cpu,ts-route-service,direct::POST /api/v1/users/login,POST /api/v1/users/login (direct),POST /api/v1/users/login,993,910,219706.0,701273.2,995527.8800000002,224120.0,818189.75,1548968.4899999949,1.1667204022626276,1.3791666666666669,1.2643928899436303,0.0100704934541792,0.0252747252747252,0.015204231820546,0.0,0.0,0.0,0.3262174897510204,0.0369631375673671,0.0369631375673671,False,False,1.0,False
re2tt_ts-route-service_cpu_1,cpu,ts-route-service,direct::PUT /api/v1/consignservice/consigns,PUT /api/v1/consignservice/consigns (direct),PUT /api/v1/consignservice/consigns,68,67,23241.5,30856.5,34024.48,23239.0,31108.79999999999,49273.86000000015,1.0081765592338727,0.0944444444444444,0.09309266332552,0.0147058823529411,0.0298507462686567,0.0151448639157155,0.0,0.0,0.0,1.0,-0.0438981562774363,0.0,False,False,1.0,False
re2tt_ts-route-service_cpu_2,cpu,ts-route-service,direct::GET /api/v1/adminbasicservice/adminbasic/configs,GET /api/v1/adminbasicservice/adminbasic/configs (direct),GET /api/v1/adminbasicservice/adminbasic/configs,115,115,14712.0,18355.5,24480.72,13803.0,17202.8,21029.18,0.937201383781428,0.1597568362033996,0.1597248843036272,0.017391304347826,0.0,-0.017391304347826,0.0,0.0,0.0,0.0001142916334322,-0.3071455576559546,0.0,False,False,0.0009143330674581,False
re2tt_ts-route-service_cpu_2,cpu,ts-route-service,direct::GET /api/v1/adminbasicservice/adminbasic/prices,GET /api/v1/adminbasicservice/adminbasic/prices (direct),GET /api/v1/adminbasicservice/adminbasic/prices,116,115,14727.0,17775.5,21949.74999999999,14430.0,18958.6,23536.6,1.0665579027312873,0.1611460260834291,0.1597248843036272,0.0172413793103448,0.0260869565217391,0.0088455772113943,0.0,0.0,0.0,0.0766243357835467,-0.1577961019490255,0.0,False,False,0.2298730073506402,False
re2tt_ts-route-service_cpu_2,cpu,ts-route-service,direct::GET /api/v1/admintravelservice/admintravel,GET /api/v1/admintravelservice/admintravel (direct),GET /api/v1/admintravelservice/admintravel,116,115,174248.5,358424.5,478795.0499999999,325631.0,416761.1,562073.2799999999,1.1627584051871451,0.1611460260834291,0.1597248843036272,0.0172413793103448,0.0434782608695652,0.0262368815592203,0.0,0.0,0.0,1.1907729574923806e-31,0.8958020989505247,0.8958020989505247,False,False,1.1907729574923806e-30,True
re2tt_ts-route-service_cpu_2,cpu,ts-route-service,direct::GET /api/v1/assuranceservice/assurances/types,GET /api/v1/assuranceservice/assurances/types (direct),GET /api/v1/assuranceservice/assurances/types,89,88,4848.0,5950.599999999999,7246.400000000027,4420.0,5777.7,7709.859999999972,0.970944106476658,0.123637899322631,0.1222242592932104,0.0112359550561797,0.0113636363636363,0.0001276813074565,0.0,0.0,0.0,8.25873205774702e-06,-0.4009193054136875,0.0,False,False,7.432858851972319e-05,False
re2tt_ts-route-service_cpu_2,cpu,ts-route-service,direct::GET /api/v1/foodservice/foods/{date}/{startStation}/{endStation}/{tripId},GET /api/v1/foodservice/foods/{date}/{startStation}/{endStation}/{tripId} (direct),GET /api/v1/foodservice/foods/{date}/{startStation}/{endStation}/{tripId},233,221,49330.0,80523.39999999997,112086.76,49726.0,111986.0,120287.6,1.3907261740065626,0.3236812420468879,0.3069495602704489,0.0128755364806866,0.0497737556561085,0.0368982191754218,0.0,0.0,0.0,0.1703069561837442,0.0934495950905949,0.0934495950905949,False,False,0.3406139123674885,False
re2tt_ts-route-service_cpu_2,cpu,ts-route-service,direct::POST /api/v1/inside_pay_service/inside_payment,POST /api/v1/inside_pay_service/inside_payment (direct),POST /api/v1/inside_pay_service/inside_payment,99,92,16570.0,24348.89999999999,84495.79999999999,15547.5,67906.65000000001,76977.39,2.788900114584233,0.1375297981229266,0.1277799074429018,0.0101010101010101,0.0,-0.0101010101010101,0.0,0.0,0.0,0.0051154127467685,-0.2529644268774703,0.0,False,False,0.0261707214850478,False
re2tt_ts-route-service_cpu_2,cpu,ts-route-service,direct::POST /api/v1/orderOtherService/orderOther/refresh,POST /api/v1/orderOtherService/orderOther/refresh (direct),POST /api/v1/orderOtherService/orderOther/refresh,70,66,17189.5,22360.3,28887.77000000002,16333.5,21925.0,43811.5999999997,0.9805324615501584,0.0972432916020693,0.0916681944699078,0.0142857142857142,0.0151515151515151,0.0008658008658008,0.0,0.0,0.0,0.0043165069277492,-0.3051948051948052,0.0,False,False,0.0261707214850478,False
re2tt_ts-route-service_cpu_2,cpu,ts-route-service,direct::POST /api/v1/orderservice/order/refresh,POST /api/v1/orderservice/order/refresh (direct),POST /api/v1/orderservice/order/refresh,110,102,21532.5,29061.25,33470.66,20692.0,27476.149999999987,90264.6699999997,0.9454565787775814,0.1528108868032518,0.1416690278171302,0.0181818181818181,0.0294117647058823,0.0112299465240641,0.0,0.0,0.0,0.0037386744978639,-0.2475044563279858,0.0,False,False,0.0261707214850478,False
re2tt_ts-route-service_cpu_2,cpu,ts-route-service,direct::POST /api/v1/travel2service/trips/left,POST /api/v1/travel2service/trips/left (direct),POST /api/v1/travel2service/trips/left,973,986,44438.0,58243.2,101908.92,81956.5,101224.25,107394.14999999998,1.7379582509202791,1.3516817532687635,1.369467268898926,0.0102774922918807,0.0425963488843813,0.0323188565925005,0.0,0.0,0.0,2.444147839150439e-233,0.8516955777597568,0.8516955777597568,False,False,2.932977406980526e-232,True
re2tt_ts-route-service_cpu_2,cpu,ts-route-service,direct::POST /api/v1/travelservice/trips/left,POST /api/v1/travelservice/trips/left (direct),POST /api/v1/travelservice/trips/left,273,261,49963.0,78480.6,113909.99999999945,93425.0,149873.0,194860.2,1.9096821380060804,0.3792488372480704,0.3625060417673628,0.0109890109890109,0.210727969348659,0.199738958359648,0.0,0.0,0.0,1.131468702249322e-40,0.670638429259119,0.670638429259119,False,False,1.244615572474254e-39,True
re2tt_ts-route-service_cpu_2,cpu,ts-route-service,direct::POST /api/v1/users/login,POST /api/v1/users/login (direct),POST /api/v1/users/login,1059,1067,216252.0,761880.6999999998,1301825.7000000002,214318.0,629130.7999999998,955092.839999999,0.8257602535410071,1.471152082951306,1.4819691439301763,0.0103871576959395,0.0009372071227741,-0.0094499505731654,0.0,0.0,0.0,0.4747689979903895,-0.0295976912314052,0.0,False,False,0.4747689979903895,False
re2tt_ts-route-service_cpu_2,cpu,ts-route-service,direct::PUT /api/v1/consignservice/consigns,PUT /api/v1/consignservice/consigns (direct),PUT /api/v1/consignservice/consigns,81,76,23111.0,29151.0,89658.00000000003,21903.0,30876.0,67021.5,1.0591746423793351,0.1125243802823945,0.1055573148441362,0.0123456790123456,0.0,-0.0123456790123456,0.0,0.0,0.0,0.0067538386450009,-0.2712800519818064,0.0,False,False,0.0270153545800038,False
re2tt_ts-route-service_cpu_3,cpu,ts-route-service,direct::GET /api/v1/adminbasicservice/adminbasic/configs,GET /api/v1/adminbasicservice/adminbasic/configs (direct),GET /api/v1/adminbasicservice/adminbasic/configs,113,115,13153.0,17978.599999999988,25485.24,12772.0,15983.2,25899.84,0.8890124926301275,0.1570395406107031,0.1597342022873937,0.0176991150442477,0.0260869565217391,0.0083878414774913,0.0,0.0,0.0,0.1510806597401629,-0.1362831858407079,0.0,False,False,0.3021613194803258,False
re2tt_ts-route-service_cpu_3,cpu,ts-route-service,direct::GET /api/v1/adminbasicservice/adminbasic/prices,GET /api/v1/adminbasicservice/adminbasic/prices (direct),GET /api/v1/adminbasicservice/adminbasic/prices,114,114,13246.5,17332.999999999985,20784.120000000003,12776.0,15066.25,19363.40000000002,0.8692234466047432,0.1584292710585854,0.1583452092240251,0.0175438596491228,0.0087719298245614,-0.0087719298245614,0.0,0.0,0.0,0.0036360181343479,-0.2390735610957217,0.0,False,False,0.0218161088060874,False
re2tt_ts-route-service_cpu_3,cpu,ts-route-service,direct::GET /api/v1/admintravelservice/admintravel,GET /api/v1/admintravelservice/admintravel (direct),GET /api/v1/admintravelservice/admintravel,112,114,156287.0,221715.09999999992,277446.95,313979.0,399450.15,425810.15,1.8016371009462149,0.1556498101628208,0.1583452092240251,0.0178571428571428,0.9824561403508772,0.9645989974937342,0.0,0.0,0.0,3.0409369642114412e-37,0.9859022556390976,0.9859022556390976,False,False,3.345030660632585e-36,True
re2tt_ts-route-service_cpu_3,cpu,ts-route-service,direct::GET /api/v1/assuranceservice/assurances/types,GET /api/v1/assuranceservice/assurances/types (direct),GET /api/v1/assuranceservice/assurances/types,100,86,4038.0,5172.799999999998,7485.420000000025,3760.0,4831.25,7241.200000000068,0.9339719300958864,0.1389730447882328,0.1194534034497031,0.01,0.0116279069767441,0.0016279069767441,0.0,0.0,0.0,0.000212202137166,-0.3301162790697675,0.0,False,False,0.0014854149601623,False
re2tt_ts-route-service_cpu_3,cpu,ts-route-service,direct::GET /api/v1/foodservice/foods/{date}/{startStation}/{endStation}/{tripId},GET /api/v1/foodservice/foods/{date}/{startStation}/{endStation}/{tripId} (direct),GET /api/v1/foodservice/foods/{date}/{startStation}/{endStation}/{tripId},221,232,44833.0,54395.0,98182.40000000036,44547.0,102617.65,104796.94,1.8865272543432297,0.3071304289819946,0.3222463907015248,0.0135746606334841,0.0905172413793103,0.0769425807458261,0.0,0.0,0.0,0.4918670666370131,0.0630558589483538,0.0630558589483538,False,False,0.4918670666370131,False
re2tt_ts-route-service_cpu_3,cpu,ts-route-service,direct::POST /api/v1/inside_pay_service/inside_payment,POST /api/v1/inside_pay_service/inside_payment (direct),POST /api/v1/inside_pay_service/inside_payment,79,78,14363.0,18679.59999999996,39651.75999999994,13724.0,61239.099999999926,76726.82000000002,3.278394612304335,0.1097887053827039,0.108341458942754,0.0126582278481012,0.0769230769230769,0.0642648490749756,0.0,0.0,0.0,0.0199380203356215,-0.2383966244725738,0.0,False,False,0.0797520813424863,False
re2tt_ts-route-service_cpu_3,cpu,ts-route-service,direct::POST /api/v1/orderOtherService/orderOther/refresh,POST /api/v1/orderOtherService/orderOther/refresh (direct),POST /api/v1/orderOtherService/orderOther/refresh,57,69,16073.0,22830.199999999997,24739.88,15099.0,17245.6,24505.91999999998,0.7553854105526892,0.0792146355292927,0.0958405213724362,0.0175438596491228,0.0144927536231884,-0.0030511060259344,0.0,0.0,0.0,9.179617901286288e-05,-0.4230867022629037,0.0,False,False,0.0007343694321029,False
re2tt_ts-route-service_cpu_3,cpu,ts-route-service,direct::POST /api/v1/orderservice/order/refresh,POST /api/v1/orderservice/order/refresh (direct),POST /api/v1/orderservice/order/refresh,100,96,19581.0,25420.55,30243.53,19110.0,22165.5,26717.049999999992,0.871952023067951,0.1389730447882328,0.1333433340833895,0.01,0.0,-0.01,0.0,0.0,0.0,0.068915887026339,-0.175,0.0,False,False,0.2067476610790172,False
re2tt_ts-route-service_cpu_3,cpu,ts-route-service,direct::POST /api/v1/travel2service/trips/left,POST /api/v1/travel2service/trips/left (direct),POST /api/v1/travel2service/trips/left,1009,1000,42330.0,56539.79999999998,99171.87999999998,83039.5,100182.25,105324.43,1.77188900562082,1.4022380219132695,1.3889930633686416,0.0109018830525272,0.068,0.0570981169474727,0.0,0.0,0.0,2.613753083374937e-220,0.81700792864222,0.81700792864222,False,False,3.1365037000499247e-219,True
re2tt_ts-route-service_cpu_3,cpu,ts-route-service,direct::POST /api/v1/travelservice/trips/left,POST /api/v1/travelservice/trips/left (direct),POST /api/v1/travelservice/trips/left,266,248,45255.5,67186.5,73223.85,84933.5,117535.6,188212.76,1.7493931072462474,0.3696682991366994,0.3444702797154231,0.0112781954887218,0.6935483870967742,0.6822701916080525,0.0,0.0,0.0,8.755923746648641e-37,0.6490722774678632,0.6490722774678632,False,False,8.755923746648641e-36,True
re2tt_ts-route-service_cpu_3,cpu,ts-route-service,direct::POST /api/v1/users/login,POST /api/v1/users/login (direct),POST /api/v1/users/login,1078,1077,218235.5,706397.1,1105730.31,213657.0,705865.7999999999,1145671.4400000006,0.9992478734694692,1.4981294228171504,1.4959455292480268,0.010204081632653,0.0129990714948932,0.0027949898622401,0.0,0.0,0.0,0.0077681193312732,-0.0718394220184908,0.0,False,False,0.0388405966563662,False
re2tt_ts-route-service_cpu_3,cpu,ts-route-service,direct::PUT /api/v1/consignservice/consigns,PUT /api/v1/consignservice/consigns (direct),PUT /api/v1/consignservice/consigns,78,87,20393.0,24999.749999999996,29908.860000000004,19199.0,24074.200000000004,36335.98000000002,0.9629776297762982,0.1083989749348216,0.1208423965130718,0.0128205128205128,0.0344827586206896,0.0216622458001768,0.0,0.0,0.0,2.5760446840813595e-05,-0.3940465664603595,0.0,False,False,0.0002318440215673,False
re2tt_ts-route-service_delay_1,delay,ts-route-service,direct::GET /api/v1/adminbasicservice/adminbasic/configs,GET /api/v1/adminbasicservice/adminbasic/configs (direct),GET /api/v1/adminbasicservice/adminbasic/configs,115,87,10012.0,12536.599999999997,17519.719999999998,10082.0,14958.000000000004,26157.220000000038,1.1931464671442025,0.159737530402219,0.1208333333333333,0.017391304347826,0.0229885057471264,0.0055972013993003,0.0,0.0,0.0,0.7075217006015877,0.0763618190904547,0.0763618190904547,False,False,1.0,False
re2tt_ts-route-service_delay_1,delay,ts-route-service,direct::GET /api/v1/adminbasicservice/adminbasic/prices,GET /api/v1/adminbasicservice/adminbasic/prices (direct),GET /api/v1/adminbasicservice/adminbasic/prices,114,87,10329.5,16066.499999999998,17522.820000000003,10416.0,12121.6,14395.540000000005,0.7544642579279869,0.1583485083987215,0.1208333333333333,0.0175438596491228,0.0114942528735632,-0.0060496067755595,0.0,0.0,0.0,1.0,0.0283323250655374,0.0283323250655374,False,False,1.0,False
re2tt_ts-route-service_delay_1,delay,ts-route-service,direct::GET /api/v1/admintravelservice/admintravel,GET /api/v1/admintravelservice/admintravel (direct),GET /api/v1/admintravelservice/admintravel,115,86,154134.0,173824.3,212048.9,4164570.5,4461682.5,4685907.3000000045,25.667771997355956,0.159737530402219,0.1194444444444444,0.017391304347826,1.0,0.982608695652174,0.0,0.0,0.0,1.691232703988231e-33,1.0,1.0,False,False,2.029479244785877e-32,True
re2tt_ts-route-service_delay_1,delay,ts-route-service,direct::GET /api/v1/assuranceservice/assurances/types,GET /api/v1/assuranceservice/assurances/types (direct),GET /api/v1/assuranceservice/assurances/types,82,62,3636.5,4460.9,6747.689999999979,3539.5,4171.9,8436.850000000006,0.9352148669550988,0.1138998042867997,0.0861111111111111,0.0121951219512195,0.0161290322580645,0.003933910306845,0.0,0.0,0.0,0.0611487074273072,-0.2110542879622344,0.0,False,False,0.305743537136536,False
re2tt_ts-route-service_delay_1,delay,ts-route-service,direct::GET /api/v1/contactservice/contacts/account/{accountId},GET /api/v1/contactservice/contacts/account/{accountId} (direct),GET /api/v1/contactservice/contacts/account/{accountId},82,62,6668.0,8052.950000000001,8875.079999999998,6346.5,7459.599999999999,14990.130000000005,0.926318926604536,0.1138998042867997,0.0861111111111111,0.0121951219512195,0.032258064516129,0.0200629425649095,0.0,0.0,0.0,0.0221821793164635,-0.2478363493312352,0.0,False,False,0.1330930758987812,False
re2tt_ts-route-service_delay_1,delay,ts-route-service,direct::GET /api/v1/foodservice/foods/{date}/{startStation}/{endStation}/{tripId},GET /api/v1/foodservice/foods/{date}/{startStation}/{endStation}/{tripId} (direct),GET /api/v1/foodservice/foods/{date}/{startStation}/{endStation}/{tripId},248,171,44819.5,55610.99999999999,98419.05000000002,446017.0,463755.5,626776.2000000012,8.339276402150654,0.3444774568673942,0.2375,0.0120967741935483,1.0,0.9879032258064516,0.0,0.0,0.0,1.5380365687329362e-67,1.0,1.0,False,False,1.9994475393528172e-66,True
re2tt_ts-route-service_delay_1,delay,ts-route-service,direct::POST /api/v1/inside_pay_service/inside_payment,POST /api/v1/inside_pay_service/inside_payment (direct),POST /api/v1/inside_pay_service/inside_payment,76,51,14764.5,60119.5,106842.75,14389.0,60977.5,80626.0,1.0142715757782417,0.1055656722658143,0.0708333333333333,0.0131578947368421,0.0,-0.0131578947368421,0.0,0.0,0.0,0.9243746844807716,0.0773993808049535,0.0773993808049535,False,False,1.0,False
re2tt_ts-route-service_delay_1,delay,ts-route-service,direct::POST /api/v1/orderOtherService/orderOther/refresh,POST /api/v1/orderOtherService/orderOther/refresh (direct),POST /api/v1/orderOtherService/orderOther/refresh,55,50,373667.0,540513.7999999993,768055.64,422819.0,476640.4,486030.06,0.8818283640491705,0.0763962101923656,0.0694444444444444,0.0181818181818181,0.0,-0.0181818181818181,0.0,0.0,0.0,2.3200463954616423e-09,0.6901818181818182,0.6901818181818182,False,False,2.088041755915478e-08,True
re2tt_ts-route-service_delay_1,delay,ts-route-service,direct::POST /api/v1/orderservice/order/refresh,POST /api/v1/orderservice/order/refresh (direct),POST /api/v1/orderservice/order/refresh,111,67,461412.0,541436.0,696316.8000000009,561435.0,632522.5999999999,682422.5400000002,1.1682315176678313,0.1541814423882288,0.0930555555555555,0.018018018018018,0.0149253731343283,-0.0030926448836896,0.0,0.0,0.0,6.168787325790162e-22,0.8687642866747345,0.8687642866747345,False,False,6.785666058369176e-21,True
re2tt_ts-route-service_delay_1,delay,ts-route-service,direct::POST /api/v1/preserveotherservice/preserveOther,POST /api/v1/preserveotherservice/preserveOther (direct),POST /api/v1/preserveotherservice/preserveOther,27,21,539968.0,803552.7999999999,879820.94,2944614.0,3040773.0,3230309.0,3.7841607919230698,0.037503594094434,0.0291666666666666,0.037037037037037,1.0,0.962962962962963,0.0,0.0,0.0,8.13170639636178e-09,1.0,1.0,False,False,6.505365117089424e-08,True
re2tt_ts-route-service_delay_1,delay,ts-route-service,direct::POST /api/v1/preserveservice/preserve,POST /api/v1/preserveservice/preserve (direct),POST /api/v1/preserveservice/preserve,55,41,519165.0,556036.3,588525.98,2931517.0,2970314.0,3070059.6,5.341942603387584,0.0763962101923656,0.0569444444444444,0.0181818181818181,1.0,0.9818181818181818,0.0,0.0,0.0,1.3946940485211014e-16,1.0,1.0,False,False,1.3946940485211014e-15,True
re2tt_ts-route-service_delay_1,delay,ts-route-service,direct::POST /api/v1/travel2service/trips/left,POST /api/v1/travel2service/trips/left (direct),POST /api/v1/travel2service/trips/left,915,639,318743.0,359225.9,392084.62,3541899.0,3774496.4,3940715.26,10.507305848492551,1.2709551332002649,0.8875,0.0109289617486338,1.0,0.989071038251366,0.0,0.0,0.0,5.40858033994805e-247,1.0,1.0,False,False,8.112870509922076e-246,True
re2tt_ts-route-service_delay_1,delay,ts-route-service,direct::POST /api/v1/travelservice/trips/left,POST /api/v1/travelservice/trips/left (direct),POST /api/v1/travelservice/trips/left,273,193,691152.0,770034.8,815713.9599999997,6324391.0,6637830.0,6833072.599999995,8.620168854706307,0.3792030069548331,0.2680555555555555,0.0109890109890109,1.0,0.989010989010989,0.0,0.0,0.0,2.761843487241117e-75,1.0,1.0,False,False,3.866580882137565e-74,True
re2tt_ts-route-service_delay_1,delay,ts-route-service,direct::POST /api/v1/users/login,POST /api/v1/users/login (direct),POST /api/v1/users/login,1002,704,221330.5,655182.3999999993,912035.42,217767.0,521763.3,1001911.8700000006,0.7963634249027455,1.3918000475045524,0.9777777777777776,0.0109780439121756,0.015625,0.0046469560878243,0.0,0.0,0.0,0.0055630259115596,-0.0849465841045182,0.0,False,False,0.0389411813809172,False
re2tt_ts-route-service_delay_1,delay,ts-route-service,direct::PUT /api/v1/consignservice/consigns,PUT /api/v1/consignservice/consigns (direct),PUT /api/v1/consignservice/consigns,90,66,22344.5,27926.15,49166.009999999966,21464.0,26687.0,29550.45,0.9556276106803122,0.1250119803147801,0.0916666666666666,0.0111111111111111,0.0,-0.0111111111111111,0.0,0.0,0.0,0.446573508515615,-0.1144781144781145,0.0,False,False,1.0,False
re2tt_ts-route-service_delay_2,delay,ts-route-service,direct::GET /api/v1/adminbasicservice/adminbasic/configs,GET /api/v1/adminbasicservice/adminbasic/configs (direct),GET /api/v1/adminbasicservice/adminbasic/configs,118,89,9724.0,11534.9,12958.38,9558.0,12222.999999999998,17053.120000000006,1.059653746456406,0.1638888888888889,0.1236782752856064,0.0169491525423728,0.0449438202247191,0.0279946676823462,0.0,0.0,0.0,0.33702600614898,-0.1119786707293848,0.0,False,False,1.0,False
re2tt_ts-route-service_delay_2,delay,ts-route-service,direct::GET /api/v1/adminbasicservice/adminbasic/prices,GET /api/v1/adminbasicservice/adminbasic/prices (direct),GET /api/v1/adminbasicservice/adminbasic/prices,117,88,10614.0,17594.0,20697.040000000008,10240.0,11777.7,17965.079999999998,0.6694157099011026,0.1625,0.1222886317430715,0.017094017094017,0.0,-0.017094017094017,0.0,0.0,0.0,0.0003201964201796,-0.3083721833721834,0.0,False,False,0.0022413749412572,False
re2tt_ts-route-service_delay_2,delay,ts-route-service,direct::GET /api/v1/admintravelservice/admintravel,GET /api/v1/admintravelservice/admintravel (direct),GET /api/v1/admintravelservice/admintravel,117,88,125691.0,143093.39999999997,168305.60000000006,4149760.5,4526604.85,5205989.879999998,31.63391777678077,0.1625,0.1222886317430715,0.017094017094017,1.0,0.9829059829059827,0.0,0.0,0.0,3.6231669462229054e-34,1.0,1.0,False,False,4.347800335467488e-33,True
re2tt_ts-route-service_delay_2,delay,ts-route-service,direct::GET /api/v1/assuranceservice/assurances/types,GET /api/v1/assuranceservice/assurances/types (direct),GET /api/v1/assuranceservice/assurances/types,93,59,3841.0,5281.799999999999,13253.52,3597.0,4453.999999999999,10131.98000000002,0.8432731265856336,0.1291666666666666,0.0819889690095593,0.010752688172043,0.0169491525423728,0.0061964643703298,0.0,0.0,0.0,0.002162540264411,-0.3152906870785493,0.0,False,False,0.0108127013220552,False
re2tt_ts-route-service_delay_2,delay,ts-route-service,direct::GET /api/v1/contactservice/contacts/account/{accountId},GET /api/v1/contactservice/contacts/account/{accountId} (direct),GET /api/v1/contactservice/contacts/account/{accountId},93,59,6081.0,8061.0,11448.839999999987,5979.0,7055.699999999999,10853.220000000012,0.8752884257536284,0.1291666666666666,0.0819889690095593,0.010752688172043,0.0169491525423728,0.0061964643703298,0.0,0.0,0.0,1.0,-0.0499362128667759,0.0,False,False,1.0,False
re2tt_ts-route-service_delay_2,delay,ts-route-service,direct::GET /api/v1/foodservice/foods/{date}/{startStation}/{endStation}/{tripId},GET /api/v1/foodservice/foods/{date}/{startStation}/{endStation}/{tripId} (direct),GET /api/v1/foodservice/foods/{date}/{startStation}/{endStation}/{tripId},254,183,42160.5,51466.85,105601.52,442303.0,562224.4,750892.6800000003,10.924010309548768,0.3527777777777778,0.2543047682838875,0.0118110236220472,1.0,0.9881889763779528,0.0,0.0,0.0,6.606737598912289e-71,1.0,1.0,False,False,8.588758878585976e-70,True
re2tt_ts-route-service_delay_2,delay,ts-route-service,direct::POST /api/v1/inside_pay_service/inside_payment,POST /api/v1/inside_pay_service/inside_payment (direct),POST /api/v1/inside_pay_service/inside_payment,79,57,37757.0,52128.29999999999,71531.2,39783.0,57438.79999999996,79785.27999999994,1.1018736463686707,0.1097222222222222,0.0792096819244895,0.0126582278481012,0.0175438596491228,0.0048856318010215,0.0,0.0,0.0,0.7341873052147017,0.0910504108372196,0.0910504108372196,False,False,1.0,False
re2tt_ts-route-service_delay_2,delay,ts-route-service,direct::POST /api/v1/orderOtherService/orderOther/refresh,POST /api/v1/orderOtherService/orderOther/refresh (direct),POST /api/v1/orderOtherService/orderOther/refresh,58,34,277716.0,318665.55,324253.62,328776.5,360117.35,370389.7400000001,1.1300793261147934,0.0805555555555555,0.0472478804461867,0.0172413793103448,0.5588235294117647,0.5415821501014199,0.0,0.0,0.0,3.120233856628249e-11,0.8458417849898581,0.8458417849898581,False,False,2.808210470965425e-10,True
re2tt_ts-route-service_delay_2,delay,ts-route-service,direct::POST /api/v1/orderservice/order/refresh,POST /api/v1/orderservice/order/refresh (direct),POST /api/v1/orderservice/order/refresh,85,69,411240.0,472976.4,488527.72,474746.0,519425.2,532362.9199999999,1.0982053227180046,0.1180555555555555,0.0958854044349084,0.0117647058823529,0.3333333333333333,0.3215686274509803,0.0,0.0,0.0,5.947902814222474e-18,0.8179028132992328,0.8179028132992328,False,False,6.54269309564472e-17,True
re2tt_ts-route-service_delay_2,delay,ts-route-service,direct::POST /api/v1/preserveotherservice/preserveOther,POST /api/v1/preserveotherservice/preserveOther (direct),POST /api/v1/preserveotherservice/preserveOther,36,23,497989.0,559527.25,576909.5499999999,2898520.0,3043800.7,3103914.74,5.43995077987712,0.05,0.0319618014783028,0.0277777777777777,1.0,0.9722222222222222,0.0,0.0,0.0,2.6112971773011347e-10,1.0,1.0,False,False,2.089037741840908e-09,True
re2tt_ts-route-service_delay_2,delay,ts-route-service,direct::POST /api/v1/preserveservice/preserve,POST /api/v1/preserveservice/preserve (direct),POST /api/v1/preserveservice/preserve,57,36,466274.0,551091.7999999996,723687.9199999999,2876863.0,3139350.0,3163897.55,5.696600820407784,0.0791666666666666,0.0500271675312565,0.0175438596491228,1.0,0.9824561403508772,0.0,0.0,0.0,1.2070287600318193e-15,1.0,1.0,False,False,1.2070287600318191e-14,True
re2tt_ts-route-service_delay_2,delay,ts-route-service,direct::POST /api/v1/travel2service/trips/left,POST /api/v1/travel2service/trips/left (direct),POST /api/v1/travel2service/trips/left,928,648,286027.0,323469.4,360404.5000000001,3505524.5,3757137.5,3887249.82,11.615124954632496,1.288888888888889,0.900489015562618,0.0107758620689655,0.9953703703703703,0.9845945083014048,0.0,0.0,0.0,7.197556975627704e-249,0.9967938484461474,0.9967938484461474,False,False,1.0796335463441558e-247,True
re2tt_ts-route-service_delay_2,delay,ts-route-service,direct::POST /api/v1/travelservice/trips/left,POST /api/v1/travelservice/trips/left (direct),POST /api/v1/travelservice/trips/left,280,191,611306.5,684283.4500000001,912875.9299999994,6248558.0,6592238.0,6747206.999999999,9.633782608654352,0.3888888888888889,0.2654219166241667,0.0107142857142857,1.0,0.9892857142857144,0.0,0.0,0.0,1.340049577954854e-75,1.0,1.0,False,False,1.876069409136796e-74,True
re2tt_ts-route-service_delay_2,delay,ts-route-service,direct::POST /api/v1/users/login,POST /api/v1/users/login (direct),POST /api/v1/users/login,1012,710,217643.0,688431.7499999997,938817.1599999998,213890.5,619234.4,818891.09,0.8994855336059099,1.4055555555555554,0.986646915199782,0.0108695652173913,0.004225352112676,-0.0066442131047152,0.0,0.0,0.0,0.0011969059357989,-0.0970411401213605,0.0,False,False,0.0071814356147937,False
re2tt_ts-route-service_delay_2,delay,ts-route-service,direct::PUT /api/v1/consignservice/consigns,PUT /api/v1/consignservice/consigns (direct),PUT /api/v1/consignservice/consigns,65,46,22378.0,30216.39999999999,36032.68,21245.0,26753.25,30728.54999999999,0.8853883983532125,0.0902777777777777,0.0639236029566056,0.0153846153846153,0.0,-0.0153846153846153,0.0,0.0,0.0,0.2406550710822408,-0.1739130434782608,0.0,False,False,0.9626202843289636,False
re2tt_ts-route-service_delay_3,delay,ts-route-service,direct::GET /api/v1/adminbasicservice/adminbasic/configs,GET /api/v1/adminbasicservice/adminbasic/configs (direct),GET /api/v1/adminbasicservice/adminbasic/configs,111,87,9586.0,11140.5,17132.60000000001,9592.0,10942.4,15688.2,0.9822180333019166,0.1541743753854359,0.1208543149852404,0.018018018018018,0.0,-0.018018018018018,0.0,0.0,0.0,1.0,0.0109764937351144,0.0109764937351144,False,False,1.0,False
re2tt_ts-route-service_delay_3,delay,ts-route-service,direct::GET /api/v1/adminbasicservice/adminbasic/prices,GET /api/v1/adminbasicservice/adminbasic/prices (direct),GET /api/v1/adminbasicservice/adminbasic/prices,112,85,10275.0,11890.25,16194.230000000003,10047.0,12004.4,23072.679999999906,1.0096003027690754,0.1555633337222416,0.1180760548706372,0.0178571428571428,0.0470588235294117,0.0292016806722689,0.0,0.0,0.0,0.3664086496133663,-0.1109243697478992,0.0,False,False,1.0,False
re2tt_ts-route-service_delay_3,delay,ts-route-service,direct::GET /api/v1/admintravelservice/admintravel,GET /api/v1/admintravelservice/admintravel (direct),GET /api/v1/admintravelservice/admintravel,112,85,126766.0,150912.65,185790.91,4148217.0,4481314.2,4593181.76,29.69475521104427,0.1555633337222416,0.1180760548706372,0.0178571428571428,1.0,0.9821428571428572,0.0,0.0,0.0,6.386215939732491e-33,1.0,1.0,False,False,7.663459127678988e-32,True
re2tt_ts-route-service_delay_3,delay,ts-route-service,direct::GET /api/v1/assuranceservice/assurances/types,GET /api/v1/assuranceservice/assurances/types (direct),GET /api/v1/assuranceservice/assurances/types,84,56,3584.5,4500.249999999999,6251.780000000013,3375.5,4006.75,4347.850000000001,0.8903394255874676,0.1166725002916812,0.0777912832088904,0.0119047619047619,0.0,-0.0119047619047619,0.0,0.0,0.0,0.005162938861878,-0.3014455782312925,0.0,False,False,0.0309776331712685,False
re2tt_ts-route-service_delay_3,delay,ts-route-service,direct::GET /api/v1/contactservice/contacts/account/{accountId},GET /api/v1/contactservice/contacts/account/{accountId} (direct),GET /api/v1/contactservice/contacts/account/{accountId},84,56,5768.5,6957.049999999999,9595.820000000014,5529.5,6309.25,6617.700000000001,0.9068858208579786,0.1166725002916812,0.0777912832088904,0.0119047619047619,0.0,-0.0119047619047619,0.0,0.0,0.0,0.010600765120144,-0.2789115646258503,0.0,False,False,0.05300382560072,False
re2tt_ts-route-service_delay_3,delay,ts-route-service,direct::GET /api/v1/foodservice/foods/{date}/{startStation}/{endStation}/{tripId},GET /api/v1/foodservice/foods/{date}/{startStation}/{endStation}/{tripId} (direct),GET /api/v1/foodservice/foods/{date}/{startStation}/{endStation}/{tripId},254,187,41180.0,55941.69999999999,100444.67999999998,442001.0,619652.6999999995,818686.4399999995,11.076758482491586,0.3527954175486552,0.259767320715402,0.0118110236220472,1.0,0.9881889763779528,0.0,0.0,0.0,8.819492362001503e-72,1.0,1.0,False,False,1.1465340070601952e-70,True
re2tt_ts-route-service_delay_3,delay,ts-route-service,direct::POST /api/v1/inside_pay_service/inside_payment,POST /api/v1/inside_pay_service/inside_payment (direct),POST /api/v1/inside_pay_service/inside_payment,90,61,34814.5,52163.79999999999,71783.43999999997,13780.0,57859.0,88793.39999999998,1.10917916256101,0.1250062503125156,0.0847369334953985,0.0111111111111111,0.0491803278688524,0.0380692167577413,0.0,0.0,0.0,1.0,-0.0258652094717668,0.0,False,False,1.0,False
re2tt_ts-route-service_delay_3,delay,ts-route-service,direct::POST /api/v1/orderOtherService/orderOther/refresh,POST /api/v1/orderOtherService/orderOther/refresh (direct),POST /api/v1/orderOtherService/orderOther/refresh,78,53,386417.5,438598.15,465919.79,420987.0,462228.2,475727.44,1.0538763102397946,0.1083387502708468,0.0736238930369855,0.0128205128205128,0.0566037735849056,0.0437832607643928,0.0,0.0,0.0,2.2680423556655148e-08,0.5892597968069666,0.5892597968069666,False,False,1.814433884532412e-07,True
re2tt_ts-route-service_delay_3,delay,ts-route-service,direct::POST /api/v1/orderservice/order/refresh,POST /api/v1/orderservice/order/refresh (direct),POST /api/v1/orderservice/order/refresh,104,70,583236.5,677983.85,716392.73,649523.0,699457.25,725726.56,1.0316724358552198,0.1444516670277958,0.097239104011113,0.0192307692307692,0.0428571428571428,0.0236263736263736,0.0,0.0,0.0,1.1485315924815328e-15,0.7247252747252748,0.7247252747252748,False,False,1.263384751729686e-14,True
re2tt_ts-route-service_delay_3,delay,ts-route-service,direct::POST /api/v1/preserveotherservice/preserveOther,POST /api/v1/preserveotherservice/preserveOther (direct),POST /api/v1/preserveotherservice/preserveOther,22,24,505499.5,542938.8,551130.82,2911059.0,2978218.25,3050956.59,5.485366398570151,0.030557083409726,0.0333391213752387,0.0454545454545454,1.0,0.9545454545454546,0.0,0.0,0.0,1.3716573970975486e-08,1.0,1.0,False,False,1.2344916573877938e-07,True
re2tt_ts-route-service_delay_3,delay,ts-route-service,direct::POST /api/v1/preserveservice/preserve,POST /api/v1/preserveservice/preserve (direct),POST /api/v1/preserveservice/preserve,62,32,481691.0,619113.9999999999,758510.62,2897399.0,3224693.5,3300055.82,5.2085617511476086,0.0861154168819552,0.0444521618336516,0.0161290322580645,1.0,0.9838709677419356,0.0,0.0,0.0,5.092172280228657e-15,1.0,1.0,False,False,5.0921722802286565e-14,True
re2tt_ts-route-service_delay_3,delay,ts-route-service,direct::POST /api/v1/travel2service/trips/left,POST /api/v1/travel2service/trips/left (direct),POST /api/v1/travel2service/trips/left,899,645,297485.0,350485.39999999985,480342.6799999998,3515040.0,3744635.2,3900088.36,10.684140337942754,1.2486735447883504,0.8959888869595416,0.0100111234705228,1.0,0.9899888765294772,0.0,0.0,0.0,1.5297970400608024e-246,1.0,1.0,False,False,2.294695560091204e-245,True
re2tt_ts-route-service_delay_3,delay,ts-route-service,direct::POST /api/v1/travelservice/trips/left,POST /api/v1/travelservice/trips/left (direct),POST /api/v1/travelservice/trips/left,272,183,331066.5,716828.7,1001570.790000002,3967956.0,6655651.6,6766117.7,9.28485647965825,0.3777966676111583,0.2542108004861955,0.0110294117647058,1.0,0.9889705882352942,0.0,0.0,0.0,6.869489541188177e-73,1.0,1.0,False,False,9.61728535766345e-72,True
re2tt_ts-route-service_delay_3,delay,ts-route-service,direct::POST /api/v1/users/login,POST /api/v1/users/login (direct),POST /api/v1/users/login,989,706,220253.0,648670.5999999997,863163.4400000002,212821.5,595790.0,1000950.4,0.9184785004900796,1.373679795100866,0.98072582045494,0.0101112234580384,0.0240793201133144,0.013968096655276,0.0,0.0,0.0,7.903226046357067e-05,-0.1169579252800636,0.0,False,False,0.0005532258232449,False
re2tt_ts-route-service_delay_3,delay,ts-route-service,direct::PUT /api/v1/consignservice/consigns,PUT /api/v1/consignservice/consigns (direct),PUT /api/v1/consignservice/consigns,92,62,21460.0,28240.95,40010.58000000019,20603.5,25232.45,28475.47,0.8934702975643524,0.127784166986127,0.0861260635527001,0.0108695652173913,0.0,-0.0108695652173913,0.0,0.0,0.0,0.0631594568522199,-0.2047685834502104,0.0,False,False,0.2526378274088798,False
re2tt_ts-route-service_disk_1,disk,ts-route-service,direct::GET /api/v1/adminbasicservice/adminbasic/configs,GET /api/v1/adminbasicservice/adminbasic/configs (direct),GET /api/v1/adminbasicservice/adminbasic/configs,116,110,9581.5,15210.0,16902.85,9665.5,12695.95,15230.89,0.8347107166337935,0.1611397581792318,0.1527847804135467,0.0172413793103448,0.009090909090909,-0.0081504702194357,0.0,0.0,0.0,1.0,0.0282131661442006,0.0282131661442006,False,False,1.0,False
re2tt_ts-route-service_disk_1,disk,ts-route-service,direct::GET /api/v1/adminbasicservice/adminbasic/prices,GET /api/v1/adminbasicservice/adminbasic/prices (direct),GET /api/v1/adminbasicservice/adminbasic/prices,115,110,10046.0,12524.1,15572.46,10075.0,12891.9,16169.129999999992,1.029367379691954,0.1597506223328592,0.1527847804135467,0.017391304347826,0.0181818181818181,0.000790513833992,0.0,0.0,0.0,1.0,-0.0039525691699604,0.0,False,False,1.0,False
re2tt_ts-route-service_disk_1,disk,ts-route-service,direct::GET /api/v1/admintravelservice/admintravel,GET /api/v1/admintravelservice/admintravel (direct),GET /api/v1/admintravelservice/admintravel,115,111,185624.0,990397.8,1706153.3799999997,590873.0,1042545.5,1105358.6,1.052653287396236,0.1597506223328592,0.1541737329627608,0.017391304347826,0.0,-0.017391304347826,0.0,0.0,0.0,8.477723296234815e-11,0.5078730904817861,0.5078730904817861,False,False,1.0173267955481775e-09,True
re2tt_ts-route-service_disk_1,disk,ts-route-service,direct::GET /api/v1/assuranceservice/assurances/types,GET /api/v1/assuranceservice/assurances/types (direct),GET /api/v1/assuranceservice/assurances/types,86,93,2815.5,3472.25,5834.100000000045,2727.0,3515.5999999999995,6083.639999999989,1.0124847001223989,0.1194656827880512,0.1291725870769077,0.0116279069767441,0.010752688172043,-0.0008752188047011,0.0,0.0,0.0,0.1348003732416029,-0.1585396349087271,0.0,False,False,0.8088022394496175,False
re2tt_ts-route-service_disk_1,disk,ts-route-service,direct::GET /api/v1/contactservice/contacts/account/{accountId},GET /api/v1/contactservice/contacts/account/{accountId} (direct),GET /api/v1/contactservice/contacts/account/{accountId},79,93,5303.0,6768.999999999998,7408.059999999999,5161.0,7383.399999999989,25886.199999999742,1.0907667306839992,0.1097417318634424,0.1291725870769077,0.0126582278481012,0.053763440860215,0.0411052130121137,0.0,0.0,0.0,0.234921346791135,-0.1388321763985299,0.0,False,False,1.0,False
re2tt_ts-route-service_disk_1,disk,ts-route-service,direct::GET /api/v1/foodservice/foods/{date}/{startStation}/{endStation}/{tripId},GET /api/v1/foodservice/foods/{date}/{startStation}/{endStation}/{tripId} (direct),GET /api/v1/foodservice/foods/{date}/{startStation}/{endStation}/{tripId},258,252,47522.5,118285.89999999982,1275365.470000011,67881.0,120309.85,138644.38,1.0171106615412333,0.3583970483641536,0.3500160424019434,0.0116279069767441,0.0,-0.0116279069767441,0.0,0.0,0.0,3.412864910253735e-13,0.3772456010828104,0.3772456010828104,False,False,4.778010874355228e-12,True
re2tt_ts-route-service_disk_1,disk,ts-route-service,direct::POST /api/v1/inside_pay_service/inside_payment,POST /api/v1/inside_pay_service/inside_payment (direct),POST /api/v1/inside_pay_service/inside_payment,61,68,49412.0,67799.0,69489.59999999999,33218.5,67604.3,92178.72999999992,0.9971282762282628,0.084737286628734,0.0944487733465561,0.0163934426229508,0.0441176470588235,0.0277242044358727,0.0,0.0,0.0,0.7733788879623136,-0.0887174541947927,0.0,False,False,1.0,False
re2tt_ts-route-service_disk_1,disk,ts-route-service,direct::POST /api/v1/orderOtherService/orderOther/refresh,POST /api/v1/orderOtherService/orderOther/refresh (direct),POST /api/v1/orderOtherService/orderOther/refresh,53,57,1076444.0,1192221.0,1227837.24,1153446.0,1376273.7999999998,1666056.5599999996,1.1543780892972022,0.0736241998577525,0.0791702953052014,0.0188679245283018,0.175438596491228,0.1565706719629261,0.0,0.0,0.0,1.335648793528683e-09,0.6835484938762,0.6835484938762,False,False,1.4692136728815514e-08,True
re2tt_ts-route-service_disk_1,disk,ts-route-service,direct::POST /api/v1/orderservice/order/refresh,POST /api/v1/orderservice/order/refresh (direct),POST /api/v1/orderservice/order/refresh,77,86,1548529.0,1670307.8,1687849.76,1628583.5,1876705.25,2022542.1000000024,1.1235685123424557,0.106963460170697,0.1194499192324092,0.0129870129870129,0.3255813953488372,0.3125943823618242,0.0,0.0,0.0,5.947951779583139e-12,0.6342494714587739,0.6342494714587739,False,False,7.732337313458081e-11,True
re2tt_ts-route-service_disk_1,disk,ts-route-service,direct::POST /api/v1/preserveotherservice/preserveOther,POST /api/v1/preserveotherservice/preserveOther (direct),POST /api/v1/preserveotherservice/preserveOther,38,37,640815.5,858041.15,1479649.4400000025,848432.0,1063861.4,1164892.28,1.2398722368967967,0.0527871621621621,0.0513912443209202,0.0263157894736842,0.0,-0.0263157894736842,0.0,0.0,0.0,1.1779809849495633e-05,0.608819345661451,0.608819345661451,False,False,9.423847879596506e-05,True
re2tt_ts-route-service_disk_1,disk,ts-route-service,direct::POST /api/v1/preserveservice/preserve,POST /api/v1/preserveservice/preserve (direct),POST /api/v1/preserveservice/preserve,41,55,617965.0,929975.0,1361100.0,819997.0,1027375.3,1114701.72,1.1047343208150755,0.0569545697012802,0.0763923902067733,0.024390243902439,0.0,-0.024390243902439,0.0,0.0,0.0,4.589916569764492e-06,0.5662971175166298,0.5662971175166298,False,False,4.130924912788043e-05,True
re2tt_ts-route-service_disk_1,disk,ts-route-service,direct::POST /api/v1/travel2service/trips/left,POST /api/v1/travel2service/trips/left (direct),POST /api/v1/travel2service/trips/left,907,874,375550.0,686678.7999999999,2273795.779999995,574305.0,787981.6,967010.7199999996,1.1475257427490118,1.2599462126600285,1.2139445280130896,0.0110253583241455,0.0,-0.0110253583241455,0.0,0.0,0.0,5.517726192536314e-68,0.4780186648972271,0.4780186648972271,False,False,8.276589288804471e-67,True
re2tt_ts-route-service_disk_1,disk,ts-route-service,direct::POST /api/v1/travelservice/trips/left,POST /api/v1/travelservice/trips/left (direct),POST /api/v1/travelservice/trips/left,256,268,753317.5,1284980.0,2263028.55,791536.5,1395789.45,1487099.52,1.08623437718875,0.3556187766714083,0.3722392831893684,0.01171875,0.0,-0.01171875,0.0,0.0,0.0,3.87785352490269e-09,0.3031862173507462,0.3031862173507462,False,False,3.8778535249026906e-08,True
re2tt_ts-route-service_disk_1,disk,ts-route-service,direct::POST /api/v1/users/login,POST /api/v1/users/login (direct),POST /api/v1/users/login,981,949,231966.0,818899.0,1167325.400000002,241265.0,754371.6,1000027.12,0.9212022483847214,1.3627422652916077,1.3181159692041442,0.0101936799184505,0.0042149631190727,-0.0059787167993778,0.0,0.0,0.0,0.0405795996734874,0.0610288849575013,0.0610288849575013,False,False,0.2840571977144124,False
re2tt_ts-route-service_disk_1,disk,ts-route-service,direct::PUT /api/v1/consignservice/consigns,PUT /api/v1/consignservice/consigns (direct),PUT /api/v1/consignservice/consigns,69,75,19216.0,24337.399999999998,26706.75999999999,18954.0,25172.09999999999,30183.50000000004,1.0342970078973102,0.0958503733997155,0.1041714411910545,0.0144927536231884,0.0533333333333333,0.0388405797101449,0.0,0.0,0.0,1.0,-0.0635748792270531,0.0,False,False,1.0,False
re2tt_ts-route-service_disk_1,disk,ts-route-service,direct::RouteRepository.findById,RouteRepository.findById (direct),RouteRepository.findById,10,0,4444.5,533517.5999999992,821687.5200000001,,,,,0.0138913584637268,0.0,0.1,,,0.0,,,,,0.0,True,False,,False
re2tt_ts-route-service_disk_1,disk,ts-route-service,direct::RouteRepository.save,RouteRepository.save (direct),RouteRepository.save,10,0,3971.0,150429.79999999987,192526.76,,,,,0.0138913584637268,0.0,0.1,,,0.0,,,,,0.0,True,False,,False
re2tt_ts-route-service_disk_2,disk,ts-route-service,direct::GET /api/v1/adminbasicservice/adminbasic/configs,GET /api/v1/adminbasicservice/adminbasic/configs (direct),GET /api/v1/adminbasicservice/adminbasic/configs,48,35,10180.5,12696.799999999996,16992.66,9954.0,14109.399999999992,18309.719999999987,1.1112563795602035,0.0666853756192709,0.0486111111111111,0.0208333333333333,0.0285714285714285,0.0077380952380952,0.0,0.0,0.0,1.0,-0.0559523809523809,0.0,False,False,1.0,False
re2tt_ts-route-service_disk_2,disk,ts-route-service,direct::GET /api/v1/adminbasicservice/adminbasic/prices,GET /api/v1/adminbasicservice/adminbasic/prices (direct),GET /api/v1/adminbasicservice/adminbasic/prices,52,40,10086.5,12370.249999999996,15298.440000000008,10316.5,13131.7,15469.719999999998,1.0615549402801077,0.0722424902542102,0.0555555555555555,0.0192307692307692,0.025,0.0057692307692307,0.0,0.0,0.0,1.0,0.0807692307692307,0.0807692307692307,False,False,1.0,False
re2tt_ts-route-service_disk_2,disk,ts-route-service,direct::GET /api/v1/admintravelservice/admintravel,GET /api/v1/admintravelservice/admintravel (direct),GET /api/v1/admintravelservice/admintravel,54,37,135576.0,155457.09999999998,158839.27,153597.0,491685.8,638172.3600000001,3.1628391369709075,0.0750210475716798,0.0513888888888888,0.0185185185185185,0.3783783783783784,0.3598598598598599,0.0,0.0,0.0,1.099381811176578e-05,0.5635635635635636,0.5635635635635636,False,False,0.0001319258173411,True
re2tt_ts-route-service_disk_2,disk,ts-route-service,direct::GET /api/v1/assuranceservice/assurances/types,GET /api/v1/assuranceservice/assurances/types (direct),GET /api/v1/assuranceservice/assurances/types,33,26,3686.0,4368.4,4549.56,3417.5,4198.75,4325.5,0.961164270671184,0.0458461957382487,0.0361111111111111,0.0303030303030303,0.0,-0.0303030303030303,0.0,0.0,0.0,0.0715813132828124,-0.3216783216783216,0.0,False,False,0.4294878796968746,False
re2tt_ts-route-service_disk_2,disk,ts-route-service,direct::GET /api/v1/contactservice/contacts/account/{accountId},GET /api/v1/contactservice/contacts/account/{accountId} (direct),GET /api/v1/contactservice/contacts/account/{accountId},35,29,6338.0,7543.199999999999,8093.879999999999,6280.0,6992.599999999999,7652.679999999999,0.927007105737618,0.0486247530557184,0.0402777777777777,0.0285714285714285,0.0,-0.0285714285714285,0.0,0.0,0.0,0.806101274208608,-0.1231527093596058,0.0,False,False,1.0,False
re2tt_ts-route-service_disk_2,disk,ts-route-service,direct::GET /api/v1/foodservice/foods/{date}/{startStation}/{endStation}/{tripId},GET /api/v1/foodservice/foods/{date}/{startStation}/{endStation}/{tripId} (direct),GET /api/v1/foodservice/foods/{date}/{startStation}/{endStation}/{tripId},103,93,40513.0,54414.49999999998,127562.54000000008,43961.0,104609.0,134824.27999999994,1.9224471418463835,0.1430957018496856,0.1291666666666666,0.0194174757281553,0.021505376344086,0.0020879006159306,0.0,0.0,0.0,1.3036425725450993e-05,0.3734210251592025,0.3734210251592025,False,False,0.0001434006829799,True
re2tt_ts-route-service_disk_2,disk,ts-route-service,direct::POST /api/v1/inside_pay_service/inside_payment,POST /api/v1/inside_pay_service/inside_payment (direct),POST /api/v1/inside_pay_service/inside_payment,45,15,42252.0,63756.2,90238.16000000006,43822.0,61281.79999999997,79821.15999999997,0.9611896568490588,0.0625175396430665,0.0208333333333333,0.0222222222222222,0.0,-0.0222222222222222,0.0,0.0,0.0,1.0,0.0725925925925925,0.0725925925925925,False,False,1.0,False
re2tt_ts-route-service_disk_2,disk,ts-route-service,direct::POST /api/v1/orderOtherService/orderOther/refresh,POST /api/v1/orderOtherService/orderOther/refresh (direct),POST /api/v1/orderOtherService/orderOther/refresh,34,10,235746.5,272379.85,281304.02,293782.5,336313.45,341583.49,1.2347222087096386,0.0472354743969836,0.0138888888888888,0.0294117647058823,0.8,0.7705882352941177,0.0,0.0,0.0,9.347842355838606e-06,0.9647058823529412,0.9647058823529412,False,False,0.0001215219506259,True
re2tt_ts-route-service_disk_2,disk,ts-route-service,direct::POST /api/v1/orderservice/order/refresh,POST /api/v1/orderservice/order/refresh (direct),POST /api/v1/orderservice/order/refresh,35,27,377301.0,426787.7,429563.0,474587.0,530476.7,540121.84,1.2429521750509678,0.0486247530557184,0.0375,0.0285714285714285,0.8518518518518519,0.8232804232804233,0.0,0.0,0.0,4.4147148412866767e-10,0.947089947089947,0.947089947089947,False,False,6.180600777801348e-09,True
re2tt_ts-route-service_disk_2,disk,ts-route-service,direct::POST /api/v1/preserveotherservice/preserveOther,POST /api/v1/preserveotherservice/preserveOther (direct),POST /api/v1/preserveotherservice/preserveOther,15,10,486882.0,526237.4,542655.48,518767.0,699786.4499999998,746557.29,1.3297923142672865,0.0208391798810221,0.0138888888888888,0.0666666666666666,0.4,0.3333333333333333,0.0,0.0,0.0,0.0197969486378696,0.6266666666666667,0.6266666666666667,False,False,0.1385786404650878,False
re2tt_ts-route-service_disk_2,disk,ts-route-service,direct::POST /api/v1/preserveservice/preserve,POST /api/v1/preserveservice/preserve (direct),POST /api/v1/preserveservice/preserve,21,15,461551.0,548300.0,573652.0,496590.0,642724.2,676214.44,1.1722126573043954,0.029174851833431,0.0208333333333333,0.0476190476190476,0.3333333333333333,0.2857142857142857,0.0,0.0,0.0,0.0070016812687109,0.5809523809523809,0.5809523809523809,False,False,0.0560134501496874,False
re2tt_ts-route-service_disk_2,disk,ts-route-service,direct::POST /api/v1/travel2service/trips/left,POST /api/v1/travel2service/trips/left (direct),POST /api/v1/travel2service/trips/left,374,278,282475.0,318596.69999999995,336863.34,331729.0,512258.85,594235.28,1.6078598742548182,0.5195902183668196,0.3861111111111111,0.0106951871657754,0.4820143884892086,0.4713192013234332,0.0,0.0,0.0,3.1089161168278346e-51,0.6910322009771861,0.6910322009771861,False,False,4.663374175241752e-50,True
re2tt_ts-route-service_disk_2,disk,ts-route-service,direct::POST /api/v1/travelservice/trips/left,POST /api/v1/travelservice/trips/left (direct),POST /api/v1/travelservice/trips/left,116,89,639249.5,701999.75,780619.6999999997,558098.0,1122546.2,1242832.2800000005,1.59906923043776,0.1611563244132381,0.1236111111111111,0.0172413793103448,0.1910112359550561,0.1737698566447113,0.0,0.0,0.0,0.0005497534436102,0.2967841921735761,0.2967841921735761,False,False,0.0054975344361025,True
re2tt_ts-route-service_disk_2,disk,ts-route-service,direct::POST /api/v1/users/login,POST /api/v1/users/login (direct),POST /api/v1/users/login,405,312,219208.0,749276.1999999996,1224883.5599999998,243308.0,798499.1499999999,1193490.1999999988,1.065693999088721,0.5626578567875987,0.4333333333333333,0.0123456790123456,0.0096153846153846,-0.002730294396961,0.0,0.0,0.0,0.0025101893588562,0.1404083570750236,0.1404083570750236,False,False,0.022591704229706,False
re2tt_ts-route-service_disk_2,disk,ts-route-service,direct::PUT /api/v1/consignservice/consigns,PUT /api/v1/consignservice/consigns (direct),PUT /api/v1/consignservice/consigns,28,18,21857.5,25224.35,69056.30000000002,20706.0,23954.95,25106.19,0.9496756110662912,0.0388998024445747,0.025,0.0357142857142857,0.0,-0.0357142857142857,0.0,0.0,0.0,0.7723913936992186,-0.1547619047619047,0.0,False,False,1.0,False
re2tt_ts-route-service_disk_3,disk,ts-route-service,direct::GET /api/v1/adminbasicservice/adminbasic/configs,GET /api/v1/adminbasicservice/adminbasic/configs (direct),GET /api/v1/adminbasicservice/adminbasic/configs,115,110,14502.0,23122.9,54235.53999999999,11865.0,15051.349999999997,18859.309999999998,0.6509283005159385,0.1597235532518326,0.1527777777777778,0.017391304347826,0.0,-0.017391304347826,0.0,0.0,0.0,3.477621888593498e-21,-0.7347035573122529,0.0,False,False,5.2164328328902467e-20,False
re2tt_ts-route-service_disk_3,disk,ts-route-service,direct::GET /api/v1/adminbasicservice/adminbasic/prices,GET /api/v1/adminbasicservice/adminbasic/prices (direct),GET /api/v1/adminbasicservice/adminbasic/prices,116,109,15076.5,23604.75,64136.699999999866,12874.0,16657.799999999996,38296.240000000034,0.7056969465891397,0.161112453714892,0.1513888888888888,0.0172413793103448,0.0091743119266055,-0.0080670673837393,0.0,0.0,0.0,8.017983385134678e-14,-0.5836760518823157,0.0,False,False,9.621580062161614e-13,False
re2tt_ts-route-service_disk_3,disk,ts-route-service,direct::GET /api/v1/admintravelservice/admintravel,GET /api/v1/admintravelservice/admintravel (direct),GET /api/v1/admintravelservice/admintravel,115,109,168439.0,524042.8999999999,663820.5,167196.0,518047.4,610656.12,0.9885591427724716,0.1597235532518326,0.1513888888888888,0.017391304347826,0.0,-0.017391304347826,0.0,0.0,0.0,0.7281893854563952,-0.070283207020343,0.0,False,False,0.7281893854563952,False
re2tt_ts-route-service_disk_3,disk,ts-route-service,direct::GET /api/v1/assuranceservice/assurances/types,GET /api/v1/assuranceservice/assurances/types (direct),GET /api/v1/assuranceservice/assurances/types,57,48,7441.0,10903.6,13956.279999999988,5690.5,7288.5,11514.150000000009,0.6684489526394953,0.0791673263943866,0.0666666666666666,0.0175438596491228,0.0208333333333333,0.0032894736842105,0.0,0.0,0.0,1.9683389591163584e-11,-0.7741228070175439,0.0,False,False,1.5746711672930867e-10,False
re2tt_ts-route-service_disk_3,disk,ts-route-service,direct::GET /api/v1/contactservice/contacts/account/{accountId},GET /api/v1/contactservice/contacts/account/{accountId} (direct),GET /api/v1/contactservice/contacts/account/{accountId},57,48,11282.0,14848.8,48341.31999999985,8904.0,10971.9,14569.540000000006,0.738908194601584,0.0791673263943866,0.0666666666666666,0.0175438596491228,0.0,-0.0175438596491228,0.0,0.0,0.0,6.439962204585171e-10,-0.7149122807017544,0.0,False,False,4.507973543209621e-09,False
re2tt_ts-route-service_disk_3,disk,ts-route-service,direct::GET /api/v1/foodservice/foods/{date}/{startStation}/{endStation}/{tripId},GET /api/v1/foodservice/foods/{date}/{startStation}/{endStation}/{tripId} (direct),GET /api/v1/foodservice/foods/{date}/{startStation}/{endStation}/{tripId},223,220,63015.0,148214.7,190941.92,51427.0,116178.3,126222.32,0.7838513993551246,0.3097248032622494,0.3055555555555556,0.0134529147982062,0.0,-0.0134529147982062,0.0,0.0,0.0,1.3914343036380316e-13,-0.4113330615572768,0.0,False,False,1.5305777340018344e-12,False
re2tt_ts-route-service_disk_3,disk,ts-route-service,direct::POST /api/v1/inside_pay_service/inside_payment,POST /api/v1/inside_pay_service/inside_payment (direct),POST /api/v1/inside_pay_service/inside_payment,68,65,55454.0,202515.35,218974.28999999995,17406.0,124128.59999999998,176789.31999999998,0.6129342788089889,0.0944452314880401,0.0902777777777777,0.0147058823529411,0.0,-0.0147058823529411,0.0,0.0,0.0,0.0001478444026,-0.3986425339366516,0.0,False,False,0.0005913776104001,False
re2tt_ts-route-service_disk_3,disk,ts-route-service,direct::POST /api/v1/orderOtherService/orderOther/refresh,POST /api/v1/orderOtherService/orderOther/refresh (direct),POST /api/v1/orderOtherService/orderOther/refresh,60,60,43031.0,103302.2999999998,175564.41999999998,68048.0,88195.15,89163.39,0.8537578543749766,0.0833340277835648,0.0833333333333333,0.0166666666666666,0.0,-0.0166666666666666,0.0,0.0,0.0,4.114369967010514e-12,0.7444444444444445,0.7444444444444445,False,False,4.1143699670105136e-11,True
re2tt_ts-route-service_disk_3,disk,ts-route-service,direct::POST /api/v1/orderservice/order/refresh,POST /api/v1/orderservice/order/refresh (direct),POST /api/v1/orderservice/order/refresh,77,73,61673.0,128401.60000000008,168433.75999999998,104871.0,137018.4,150285.08,1.0671081980286845,0.1069453356555749,0.1013888888888888,0.0129870129870129,0.0,-0.0129870129870129,0.0,0.0,0.0,1.791106898062585e-18,0.8373954812310977,0.8373954812310977,False,False,2.3284389674813605e-17,True
re2tt_ts-route-service_disk_3,disk,ts-route-service,direct::POST /api/v1/preserveotherservice/preserveOther,POST /api/v1/preserveotherservice/preserveOther (direct),POST /api/v1/preserveotherservice/preserveOther,22,18,730934.5,1230448.8,1530259.7399999998,558711.5,774002.8999999998,864106.9799999997,0.6290411271074422,0.0305558101873071,0.025,0.0454545454545454,0.0,-0.0454545454545454,0.0,0.0,0.0,0.0006310878526786,-0.6717171717171717,0.0,False,False,0.0018932635580359,False
re2tt_ts-route-service_disk_3,disk,ts-route-service,direct::POST /api/v1/preserveservice/preserve,POST /api/v1/preserveservice/preserve (direct),POST /api/v1/preserveservice/preserve,35,30,767147.0,1426587.7999999998,1605928.9999999993,537448.0,826890.4999999999,922869.07,0.5796281869226696,0.0486115162070795,0.0416666666666666,0.0285714285714285,0.0,-0.0285714285714285,0.0,0.0,0.0,1.789388720013264e-05,-0.6438095238095238,0.0,False,False,8.94694360006632e-05,False
re2tt_ts-route-service_disk_3,disk,ts-route-service,direct::POST /api/v1/travel2service/trips/left,POST /api/v1/travel2service/trips/left (direct),POST /api/v1/travel2service/trips/left,779,782,362995.0,945505.6,1203943.34,320863.0,569411.9499999995,743307.8499999965,0.6022301189966506,1.0819534607232837,1.086111111111111,0.0102695763799743,0.0,-0.0102695763799743,0.0,0.0,0.0,1.7931884437783422e-19,-0.2660667325477939,0.0,False,False,2.510463821289679e-18,False
re2tt_ts-route-service_disk_3,disk,ts-route-service,direct::POST /api/v1/travelservice/trips/left,POST /api/v1/travelservice/trips/left (direct),POST /api/v1/travelservice/trips/left,227,226,773264.0,1913381.3,2559877.880000001,695587.0,1161019.25,1397571.0,0.6067892740458998,0.3152804051144871,0.3138888888888889,0.013215859030837,0.0,-0.013215859030837,0.0,0.0,0.0,1.4141223835305226e-05,-0.243967096799345,0.0,False,False,8.484734301183135e-05,False
re2tt_ts-route-service_disk_3,disk,ts-route-service,direct::POST /api/v1/users/login,POST /api/v1/users/login (direct),POST /api/v1/users/login,872,873,222210.5,709795.1499999987,1044353.879999997,219497.0,619894.1999999998,802710.7199999997,0.8733424002685859,1.2111212037878092,1.2125,0.0103211009174311,0.0022909507445589,-0.0080301501728722,0.0,0.0,0.0,0.0928481149161898,-0.055066889456372,0.0,False,False,0.1856962298323797,False
re2tt_ts-route-service_disk_3,disk,ts-route-service,direct::PUT /api/v1/consignservice/consigns,PUT /api/v1/consignservice/consigns (direct),PUT /api/v1/consignservice/consigns,69,68,33768.0,85820.39999999998,99631.75999999997,26049.5,38446.34999999999,107320.47,0.4479861431547744,0.0958341319510995,0.0944444444444444,0.0144927536231884,0.0294117647058823,0.0149190110826939,0.0,0.0,0.0,5.531126194419664e-12,-0.6922421142369992,0.0,False,False,4.9780135749776975e-11,False
re2tt_ts-route-service_loss_1,loss,ts-route-service,direct::GET /api/v1/adminbasicservice/adminbasic/configs,GET /api/v1/adminbasicservice/adminbasic/configs (direct),GET /api/v1/adminbasicservice/adminbasic/configs,116,60,9617.0,15316.25,17168.549999999992,9494.5,12316.399999999998,15287.559999999992,0.804139394434016,0.1611117824102045,0.0833334490742348,0.0172413793103448,0.0,-0.0172413793103448,0.0,0.0,0.0,1.0,-0.0553160919540229,0.0,False,False,1.0,False
re2tt_ts-route-service_loss_1,loss,ts-route-service,direct::GET /api/v1/adminbasicservice/adminbasic/prices,GET /api/v1/adminbasicservice/adminbasic/prices (direct),GET /api/v1/adminbasicservice/adminbasic/prices,117,60,10106.0,13215.2,16475.960000000003,9862.0,14544.249999999996,16671.449999999997,1.1005697984139473,0.1625006770861545,0.0833334490742348,0.017094017094017,0.0166666666666666,-0.0004273504273504,0.0,0.0,0.0,1.0,-0.0404558404558405,0.0,False,False,1.0,False
re2tt_ts-route-service_loss_1,loss,ts-route-service,direct::GET /api/v1/admintravelservice/admintravel,GET /api/v1/admintravelservice/admintravel (direct),GET /api/v1/admintravelservice/admintravel,116,60,157623.0,176813.5,182845.55,383003.0,841710.2499999995,1584626.5199999989,4.760441086229273,0.1611117824102045,0.0833334490742348,0.0172413793103448,0.8666666666666667,0.8494252873563218,0.0,0.0,0.0,1.8212775152390488e-20,0.860632183908046,0.860632183908046,False,False,2.1855330182868584e-19,True
re2tt_ts-route-service_loss_1,loss,ts-route-service,direct::GET /api/v1/assuranceservice/assurances/types,GET /api/v1/assuranceservice/assurances/types (direct),GET /api/v1/assuranceservice/assurances/types,73,33,2528.0,3065.9999999999995,5264.080000000008,2506.0,3021.4,3078.72,0.9854533594259623,0.1013893113443528,0.0458333969908291,0.0136986301369863,0.0,-0.0136986301369863,0.0,0.0,0.0,1.0,-0.0016604400166043,0.0,False,False,1.0,False
re2tt_ts-route-service_loss_1,loss,ts-route-service,direct::GET /api/v1/contactservice/contacts/account/{accountId},GET /api/v1/contactservice/contacts/account/{accountId} (direct),GET /api/v1/contactservice/contacts/account/{accountId},73,33,5529.0,6736.6,7315.960000000001,5363.0,6511.199999999999,8879.96,0.9665409850666506,0.1013893113443528,0.0458333969908291,0.0136986301369863,0.0303030303030303,0.016604400166044,0.0,0.0,0.0,0.8026684997635922,-0.1025321710253217,0.0,False,False,1.0,False
re2tt_ts-route-service_loss_1,loss,ts-route-service,direct::GET /api/v1/foodservice/foods/{date}/{startStation}/{endStation}/{tripId},GET /api/v1/foodservice/foods/{date}/{startStation}/{endStation}/{tripId} (direct),GET /api/v1/foodservice/foods/{date}/{startStation}/{endStation}/{tripId},257,146,42588.0,53396.4,80951.84,44299.0,265530.75,724908.8500000015,4.97282120142931,0.3569459317191599,0.2027780594139714,0.0116731517509727,0.1438356164383561,0.1321624646873834,0.0,0.0,0.0,5.255980020458351e-05,0.2518522466819466,0.2518522466819466,False,False,0.0005781578022504,True
re2tt_ts-route-service_loss_1,loss,ts-route-service,direct::POST /api/v1/inside_pay_service/inside_payment,POST /api/v1/inside_pay_service/inside_payment (direct),POST /api/v1/inside_pay_service/inside_payment,75,37,17815.0,69242.9,122821.52000000048,50580.0,60111.99999999999,64058.4,0.8681323283686847,0.1041671006962529,0.0513889602624448,0.0133333333333333,0.0,-0.0133333333333333,0.0,0.0,0.0,1.0,0.0486486486486485,0.0486486486486485,False,False,1.0,False
re2tt_ts-route-service_loss_1,loss,ts-route-service,direct::POST /api/v1/orderOtherService/orderOther/refresh,POST /api/v1/orderOtherService/orderOther/refresh (direct),POST /api/v1/orderOtherService/orderOther/refresh,62,30,1366789.0,1594894.2,1665613.23,1381042.0,1555949.35,1621465.31,0.9755815464122948,0.0861114699089024,0.0416667245371174,0.0161290322580645,0.0,-0.0161290322580645,0.0,0.0,0.0,1.0,0.0247311827956988,0.0247311827956988,False,False,1.0,False
re2tt_ts-route-service_loss_1,loss,ts-route-service,direct::POST /api/v1/orderservice/order/refresh,POST /api/v1/orderservice/order/refresh (direct),POST /api/v1/orderservice/order/refresh,98,36,1900541.0,2115829.25,2238598.25,1975469.0,2157550.5,2221320.1,1.0197186280509167,0.1361116782431038,0.0500000694445408,0.010204081632653,0.0277777777777777,0.0175736961451247,0.0,0.0,0.0,0.0157296201362569,0.3004535147392291,0.3004535147392291,False,False,0.1369670568441314,False
re2tt_ts-route-service_loss_1,loss,ts-route-service,direct::POST /api/v1/preserveotherservice/preserveOther,POST /api/v1/preserveotherservice/preserveOther (direct),POST /api/v1/preserveotherservice/preserveOther,33,8,633730.0,891178.3999999999,1047930.64,853598.0,1986612.85,2254043.37,2.229197711703964,0.0458335243063512,0.0111111265432313,0.0303030303030303,0.375,0.3446969696969697,0.0,0.0,0.0,1.0,,0.0,True,False,,False
re2tt_ts-route-service_loss_1,loss,ts-route-service,direct::POST /api/v1/preserveservice/preserve,POST /api/v1/preserveservice/preserve (direct),POST /api/v1/preserveservice/preserve,40,22,635542.0,745027.8999999999,1129173.6599999997,820418.5,1289383.4,1324318.55,1.7306511608491442,0.0555557870380015,0.0305555979938861,0.025,0.1363636363636363,0.1113636363636363,0.0,0.0,0.0,0.0005123758534328,0.5659090909090909,0.5659090909090909,False,False,0.0051237585343283,True
re2tt_ts-route-service_loss_1,loss,ts-route-service,direct::POST /api/v1/travel2service/trips/left,POST /api/v1/travel2service/trips/left (direct),POST /api/v1/travel2service/trips/left,900,447,355030.0,418048.75,568093.3899999999,584486.0,1262528.9,1719216.24,3.020051848020117,1.2500052083550348,0.6208341956030494,0.01,0.5592841163310962,0.5492841163310962,0.0,0.0,0.0,3.3204838462738827e-100,0.711257767834949,0.711257767834949,False,False,4.648677384783436e-99,True
re2tt_ts-route-service_loss_1,loss,ts-route-service,direct::POST /api/v1/travelservice/trips/left,POST /api/v1/travelservice/trips/left (direct),POST /api/v1/travelservice/trips/left,248,131,718858.5,816856.45,860056.51,972350.0,1981696.0,2544005.399999998,2.42600275727761,0.3444458796356096,0.1819446971454127,0.0120967741935483,0.5648854961832062,0.5527887219896578,0.0,0.0,0.0,8.461710871939992e-22,0.6035459246491013,0.6035459246491013,False,False,1.100022413352199e-20,True
re2tt_ts-route-service_loss_1,loss,ts-route-service,direct::POST /api/v1/users/login,POST /api/v1/users/login (direct),POST /api/v1/users/login,983,521,222374.0,612617.4999999999,900897.6799999998,227790.0,595184.0,676757.6,0.9715426020314472,1.3652834664588882,0.7236121161279391,0.0101729399796541,0.0,-0.0101729399796541,0.0,0.0,0.0,0.0152185618715701,0.0835333100325494,0.0835333100325494,False,False,0.1369670568441314,False
re2tt_ts-route-service_loss_1,loss,ts-route-service,direct::PUT /api/v1/consignservice/consigns,PUT /api/v1/consignservice/consigns (direct),PUT /api/v1/consignservice/consigns,85,35,18044.0,23714.0,30947.87999999996,18364.0,24953.89999999999,29126.35999999999,1.0522855697056588,0.1180560474557533,0.0486111786266369,0.0117647058823529,0.0,-0.0117647058823529,0.0,0.0,0.0,1.0,0.0433613445378151,0.0433613445378151,False,False,1.0,False
re2tt_ts-route-service_loss_2,loss,ts-route-service,direct::GET /api/v1/adminbasicservice/adminbasic/configs,GET /api/v1/adminbasicservice/adminbasic/configs (direct),GET /api/v1/adminbasicservice/adminbasic/configs,89,83,9133.0,13825.199999999992,18980.080000000005,8946.0,10733.8,11531.959999999972,0.7763938315539742,0.1237859587778848,0.1152777777777777,0.0112359550561797,0.0,-0.0112359550561797,0.0,0.0,0.0,0.2910298387059006,-0.128739677812373,0.0,False,False,1.0,False
re2tt_ts-route-service_loss_2,loss,ts-route-service,direct::GET /api/v1/adminbasicservice/adminbasic/prices,GET /api/v1/adminbasicservice/adminbasic/prices (direct),GET /api/v1/adminbasicservice/adminbasic/prices,97,98,9572.0,11439.599999999997,12158.319999999943,9571.0,11626.999999999998,17622.81,1.016381691667541,0.1349127865332003,0.1361111111111111,0.0103092783505154,0.0408163265306122,0.0305070481800967,0.0,0.0,0.0,1.0,-0.0175678518830212,0.0,False,False,1.0,False
re2tt_ts-route-service_loss_2,loss,ts-route-service,direct::GET /api/v1/admintravelservice/admintravel,GET /api/v1/admintravelservice/admintravel (direct),GET /api/v1/admintravelservice/admintravel,95,83,124190.0,143597.19999999998,167600.1,349606.0,959992.5,1246271.5999999994,6.685314894719395,0.1321310795943715,0.1152777777777777,0.0105263157894736,0.6987951807228916,0.6882688649334179,0.0,0.0,0.0,1.6617445728033236e-19,0.7925174381737476,0.7925174381737476,False,False,1.9940934873639884e-18,True
re2tt_ts-route-service_loss_2,loss,ts-route-service,direct::GET /api/v1/assuranceservice/assurances/types,GET /api/v1/assuranceservice/assurances/types (direct),GET /api/v1/assuranceservice/assurances/types,69,58,3319.0,4021.0,4289.96,3237.5,3835.45,3876.32,0.9538547624968912,0.0959688893895961,0.0805555555555555,0.0144927536231884,0.0,-0.0144927536231884,0.0,0.0,0.0,0.2215158523760051,-0.1649175412293853,0.0,False,False,1.0,False
re2tt_ts-route-service_loss_2,loss,ts-route-service,direct::GET /api/v1/contactservice/contacts/account/{accountId},GET /api/v1/contactservice/contacts/account/{accountId} (direct),GET /api/v1/contactservice/contacts/account/{accountId},75,51,5422.0,6235.8,6730.100000000001,5536.0,7453.5,12955.5,1.195275666313865,0.1043140102060827,0.0708333333333333,0.0133333333333333,0.0784313725490196,0.0650980392156862,0.0,0.0,0.0,0.5290016743151158,0.1176470588235294,0.1176470588235294,False,False,1.0,False
re2tt_ts-route-service_loss_2,loss,ts-route-service,direct::GET /api/v1/foodservice/foods/{date}/{startStation}/{endStation}/{tripId},GET /api/v1/foodservice/foods/{date}/{startStation}/{endStation}/{tripId} (direct),GET /api/v1/foodservice/foods/{date}/{startStation}/{endStation}/{tripId},232,221,40565.5,48580.35,66412.40999999997,41981.0,253583.0,456120.8000000001,5.21986770371148,0.3226780049041493,0.3069444444444444,0.0129310344827586,0.1447963800904977,0.1318653456077391,0.0,0.0,0.0,4.923095405027909e-07,0.2803869558433454,0.2803869558433454,False,False,4.430785864525119e-06,True
re2tt_ts-route-service_loss_2,loss,ts-route-service,direct::POST /api/v1/inside_pay_service/inside_payment,POST /api/v1/inside_pay_service/inside_payment (direct),POST /api/v1/inside_pay_service/inside_payment,75,64,12704.0,52433.4,59406.26000000002,12038.0,48477.9,55320.24999999999,0.9245614436599572,0.1043140102060827,0.0888888888888888,0.0133333333333333,0.0,-0.0133333333333333,0.0,0.0,0.0,1.0,-0.0114583333333333,0.0,False,False,1.0,False
re2tt_ts-route-service_loss_2,loss,ts-route-service,direct::POST /api/v1/orderOtherService/orderOther/refresh,POST /api/v1/orderOtherService/orderOther/refresh (direct),POST /api/v1/orderOtherService/orderOther/refresh,58,40,481743.5,529340.0,548373.17,546986.0,588228.8499999999,636202.1799999999,1.1112495749423807,0.0806695012260373,0.0555555555555555,0.0172413793103448,0.475,0.4577586206896551,0.0,0.0,0.0,1.3722700770241607e-09,0.7362068965517241,0.7362068965517241,False,False,1.3722700770241609e-08,True
re2tt_ts-route-service_loss_2,loss,ts-route-service,direct::POST /api/v1/orderservice/order/refresh,POST /api/v1/orderservice/order/refresh (direct),POST /api/v1/orderservice/order/refresh,74,77,741903.0,799247.15,819326.71,832280.0,907183.2,929832.52,1.1350471503088877,0.1029231567366683,0.1069444444444444,0.0135135135135135,0.5844155844155844,0.5709020709020709,0.0,0.0,0.0,1.294956897428872e-20,0.8848718848718848,0.8848718848718848,False,False,1.6834439666575337e-19,True
re2tt_ts-route-service_loss_2,loss,ts-route-service,direct::POST /api/v1/preserveotherservice/preserveOther,POST /api/v1/preserveotherservice/preserveOther (direct),POST /api/v1/preserveotherservice/preserveOther,23,23,515256.0,559904.6,645175.7600000001,665168.0,1248153.6,1447430.5400000005,2.2292254787690617,0.031989629796532,0.0319444444444444,0.0434782608695652,0.5217391304347826,0.4782608695652174,0.0,0.0,0.0,4.051727522339424e-05,0.7353497164461247,0.7353497164461247,False,False,0.0003241382017871,True
re2tt_ts-route-service_loss_2,loss,ts-route-service,direct::POST /api/v1/preserveservice/preserve,POST /api/v1/preserveservice/preserve (direct),POST /api/v1/preserveservice/preserve,44,32,480009.5,540505.9,552727.35,695910.0,1378618.7499999998,1702113.7000000002,2.550608143222858,0.0611975526542352,0.0444444444444444,0.0227272727272727,0.71875,0.6960227272727273,0.0,0.0,0.0,3.523438321064158e-10,0.8622159090909092,0.8622159090909092,False,False,3.875782153170574e-09,True
re2tt_ts-route-service_loss_2,loss,ts-route-service,direct::POST /api/v1/travel2service/trips/left,POST /api/v1/travel2service/trips/left (direct),POST /api/v1/travel2service/trips/left,768,666,296715.0,334661.3,354130.16000000003,526002.0,1326250.0,1840508.7500000005,3.962961955864033,1.0681754645102874,0.925,0.0104166666666666,0.6906906906906907,0.680274024024024,0.0,0.0,0.0,2.5420395309886812e-126,0.732003487862863,0.732003487862863,False,False,3.8130592964830217e-125,True
re2tt_ts-route-service_loss_2,loss,ts-route-service,direct::POST /api/v1/travelservice/trips/left,POST /api/v1/travelservice/trips/left (direct),POST /api/v1/travelservice/trips/left,216,201,627757.0,714283.0,789329.6999999997,919560.0,1961673.0,2553614.0,2.746352636140017,0.3004243493935183,0.2791666666666667,0.0138888888888888,0.6218905472636815,0.6080016583747927,0.0,0.0,0.0,1.0506640435702835e-33,0.6887322646029113,0.6887322646029113,False,False,1.4709296609983967e-32,True
re2tt_ts-route-service_loss_2,loss,ts-route-service,direct::POST /api/v1/users/login,POST /api/v1/users/login (direct),POST /api/v1/users/login,830,767,221186.5,758247.6999999996,1122770.0800000008,222064.0,729284.6999999994,988520.580000001,0.9618027196126012,1.1544083796139826,1.0652777777777778,0.0108433734939759,0.0065189048239895,-0.0043244686699863,0.0,0.0,0.0,1.0,0.0064937716969573,0.0064937716969573,False,False,1.0,False
re2tt_ts-route-service_loss_2,loss,ts-route-service,direct::PUT /api/v1/consignservice/consigns,PUT /api/v1/consignservice/consigns (direct),PUT /api/v1/consignservice/consigns,59,65,20004.0,29253.6,33557.20000000001,20238.0,28403.4,33471.8,0.9709369103289852,0.0820603546954517,0.0902777777777777,0.0169491525423728,0.0153846153846153,-0.0015645371577574,0.0,0.0,0.0,1.0,-0.0352020860495436,0.0,False,False,1.0,False
re2tt_ts-route-service_loss_3,loss,ts-route-service,direct::GET /api/v1/adminbasicservice/adminbasic/configs,GET /api/v1/adminbasicservice/adminbasic/configs (direct),GET /api/v1/adminbasicservice/adminbasic/configs,109,111,13798.0,21299.4,80917.04000000002,11794.0,18196.5,57264.900000000176,0.8543198399954929,0.1513964587118244,0.1541666666666666,0.018348623853211,0.0,-0.018348623853211,0.0,0.0,0.0,5.706033178706475e-16,-0.6383172162988677,0.0,False,False,5.706033178706475e-15,False
re2tt_ts-route-service_loss_3,loss,ts-route-service,direct::GET /api/v1/adminbasicservice/adminbasic/prices,GET /api/v1/adminbasicservice/adminbasic/prices (direct),GET /api/v1/adminbasicservice/adminbasic/prices,110,110,15802.5,74542.84999999999,89994.72,12263.5,16094.949999999995,25162.109999999982,0.2159154097274252,0.1527854170486302,0.1527777777777778,0.0181818181818181,0.0,-0.0181818181818181,0.0,0.0,0.0,6.0595784184004624e-21,-0.7383471074380166,0.0,False,False,8.483409785760649e-20,False
re2tt_ts-route-service_loss_3,loss,ts-route-service,direct::GET /api/v1/admintravelservice/admintravel,GET /api/v1/admintravelservice/admintravel (direct),GET /api/v1/admintravelservice/admintravel,110,110,194734.5,676162.2,798853.12,368232.0,1387042.7,1805784.53,2.0513461119240324,0.1527854170486302,0.1527777777777778,0.0181818181818181,0.1727272727272727,0.1545454545454545,0.0,0.0,0.0,1.1695691816049589e-06,0.3899173553719008,0.3899173553719008,False,False,5.847845908024795e-06,True
re2tt_ts-route-service_loss_3,loss,ts-route-service,direct::GET /api/v1/assuranceservice/assurances/types,GET /api/v1/assuranceservice/assurances/types (direct),GET /api/v1/assuranceservice/assurances/types,70,73,7044.5,13678.299999999996,16383.620000000012,5251.0,6182.799999999996,7392.160000000002,0.4520152358114676,0.097227083576401,0.1013888888888888,0.0142857142857142,0.0,-0.0142857142857142,0.0,0.0,0.0,9.915037980501577e-20,-0.888454011741683,0.0,False,False,1.189804557660189e-18,False
re2tt_ts-route-service_loss_3,loss,ts-route-service,direct::GET /api/v1/contactservice/contacts/account/{accountId},GET /api/v1/contactservice/contacts/account/{accountId} (direct),GET /api/v1/contactservice/contacts/account/{accountId},70,73,10212.0,14300.9,28290.520000000062,8061.0,9533.6,28011.920000000035,0.6666433581103286,0.097227083576401,0.1013888888888888,0.0142857142857142,0.0136986301369863,-0.0005870841487279,0.0,0.0,0.0,2.1485788783007917e-15,-0.7772994129158513,0.0,False,False,1.718863102640633e-14,False
re2tt_ts-route-service_loss_3,loss,ts-route-service,direct::GET /api/v1/foodservice/foods/{date}/{startStation}/{endStation}/{tripId},GET /api/v1/foodservice/foods/{date}/{startStation}/{endStation}/{tripId} (direct),GET /api/v1/foodservice/foods/{date}/{startStation}/{endStation}/{tripId},234,250,66791.0,201479.55,278451.9099999998,50213.0,260685.7,465588.16999999975,1.293856870337461,0.3250162508125406,0.3472222222222222,0.0128205128205128,0.036,0.0231794871794871,0.0,0.0,0.0,3.909844798136877e-20,-0.487059829059829,0.0,False,False,5.082798237577941e-19,False
re2tt_ts-route-service_loss_3,loss,ts-route-service,direct::POST /api/v1/inside_pay_service/inside_payment,POST /api/v1/inside_pay_service/inside_payment (direct),POST /api/v1/inside_pay_service/inside_payment,79,68,54928.0,203848.3,253227.69999999975,19338.0,90959.0,132165.55999999988,0.4462092644383102,0.1097277086076526,0.0944444444444444,0.0126582278481012,0.0,-0.0126582278481012,0.0,0.0,0.0,1.9457134358988874e-06,-0.4694713328369322,0.0,False,False,7.78285374359555e-06,False
re2tt_ts-route-service_loss_3,loss,ts-route-service,direct::POST /api/v1/orderOtherService/orderOther/refresh,POST /api/v1/orderOtherService/orderOther/refresh (direct),POST /api/v1/orderOtherService/orderOther/refresh,64,52,39342.5,79603.94999999988,213454.1399999997,76441.5,104528.69999999998,117111.59,1.313109462532954,0.0888933335555666,0.0722222222222222,0.015625,0.0,-0.015625,0.0,0.0,0.0,8.195187060148046e-16,0.8810096153846154,0.8810096153846154,False,False,7.375668354133241e-15,True
re2tt_ts-route-service_loss_3,loss,ts-route-service,direct::POST /api/v1/orderservice/order/refresh,POST /api/v1/orderservice/order/refresh (direct),POST /api/v1/orderservice/order/refresh,108,90,66960.5,94521.65,142474.58999999988,115194.0,155261.4,171225.06,1.6426014569148972,0.1500075003750187,0.125,0.0185185185185185,0.1111111111111111,0.0925925925925925,0.0,0.0,0.0,1.1066719543608292e-26,0.8886831275720164,0.8886831275720164,False,False,1.660007931541244e-25,True
re2tt_ts-route-service_loss_3,loss,ts-route-service,direct::POST /api/v1/preserveotherservice/preserveOther,POST /api/v1/preserveotherservice/preserveOther (direct),POST /api/v1/preserveotherservice/preserveOther,29,30,655754.0,1240508.9999999998,1514579.5599999996,705832.0,1335844.8999999997,1567839.16,1.0768522437160877,0.0402797917673661,0.0416666666666666,0.0344827586206896,0.0333333333333333,-0.0011494252873563,0.0,0.0,0.0,1.0,-0.0367816091954023,0.0,False,False,1.0,False
re2tt_ts-route-service_loss_3,loss,ts-route-service,direct::POST /api/v1/preserveservice/preserve,POST /api/v1/preserveservice/preserve (direct),POST /api/v1/preserveservice/preserve,41,43,760908.0,1901020.0,2325060.2000000007,736060.0,1357203.5,1385981.88,0.7139343615532714,0.0569472918090348,0.0597222222222222,0.024390243902439,0.0,-0.024390243902439,0.0,0.0,0.0,1.0,0.0017016449234259,0.0017016449234259,False,False,1.0,False
re2tt_ts-route-service_loss_3,loss,ts-route-service,direct::POST /api/v1/travel2service/trips/left,POST /api/v1/travel2service/trips/left (direct),POST /api/v1/travel2service/trips/left,881,873,376579.0,1083719.0,1515275.000000001,508768.0,1302726.9999999998,1775399.3999999994,1.2020892869830646,1.2236722947258474,1.2125,0.0102156640181611,0.0286368843069874,0.0184212202888262,0.0,0.0,0.0,1.173854299011781e-18,0.2453046561428555,0.2453046561428555,False,False,1.2912397289129593e-17,True
re2tt_ts-route-service_loss_3,loss,ts-route-service,direct::POST /api/v1/travelservice/trips/left,POST /api/v1/travelservice/trips/left (direct),POST /api/v1/travelservice/trips/left,255,254,745983.0,2768834.899999997,3622466.320000002,905815.5,2061369.7499999995,2613090.89,0.7444899477393909,0.3541843758854609,0.3527777777777778,0.0117647058823529,0.0,-0.0117647058823529,0.0,0.0,0.0,0.1858782046042424,0.0860892388451444,0.0860892388451444,False,False,0.5576346138127273,False
re2tt_ts-route-service_loss_3,loss,ts-route-service,direct::POST /api/v1/users/login,POST /api/v1/users/login (direct),POST /api/v1/users/login,962,955,278566.5,810202.7499999999,1104101.91,224759.0,716259.6999999998,1502879.64,0.8840499492256721,1.336177920007111,1.3263888888888888,0.0103950103950103,0.0198952879581151,0.0095002775631047,0.0,0.0,0.0,4.293249392449432e-08,-0.1477223498165906,0.0,False,False,2.57594963546966e-07,False
re2tt_ts-route-service_loss_3,loss,ts-route-service,direct::PUT /api/v1/consignservice/consigns,PUT /api/v1/consignservice/consigns (direct),PUT /api/v1/consignservice/consigns,93,74,37244.0,113369.99999999984,154828.19999999992,26251.5,63768.99999999996,86392.13999999988,0.5624856664020468,0.1291731253229328,0.1027777777777777,0.010752688172043,0.0,-0.010752688172043,0.0,0.0,0.0,5.1688525187054937e-14,-0.6873002034292357,0.0,False,False,3.6181967630938453e-13,False
re2tt_ts-route-service_mem_1,mem,ts-route-service,direct::GET /api/v1/adminbasicservice/adminbasic/configs,GET /api/v1/adminbasicservice/adminbasic/configs (direct),GET /api/v1/adminbasicservice/adminbasic/configs,116,105,9322.5,10613.25,15175.799999999974,9391.0,19109.6,108703.23999999969,1.8005417756106752,0.161112453714892,0.1458335358799109,0.0172413793103448,0.1047619047619047,0.0875205254515599,0.0,0.0,0.0,0.2575800952330311,0.1184729064039409,0.1184729064039409,False,False,1.0,False
re2tt_ts-route-service_mem_1,mem,ts-route-service,direct::GET /api/v1/adminbasicservice/adminbasic/prices,GET /api/v1/adminbasicservice/adminbasic/prices (direct),GET /api/v1/adminbasicservice/adminbasic/prices,114,106,9894.5,15861.9,18137.320000000003,10619.5,17642.75,63403.3,1.1122721742035948,0.1583346527887732,0.1472224266978148,0.0175438596491228,0.0566037735849056,0.0390599139357828,0.0,0.0,0.0,0.0019894853914711,0.2571168487255875,0.2571168487255875,False,False,0.0139263977402982,True
re2tt_ts-route-service_mem_1,mem,ts-route-service,direct::GET /api/v1/admintravelservice/admintravel,GET /api/v1/admintravelservice/admintravel (direct),GET /api/v1/admintravelservice/admintravel,114,107,136811.5,153225.3,176514.7800000001,751045.0,1366801.0999999994,1501404.86,8.92020508362522,0.1583346527887732,0.1486113175157187,0.0175438596491228,1.0,0.9824561403508772,0.0,0.0,0.0,2.067635499040317e-37,0.999836038694868,0.999836038694868,False,False,2.687926148752412e-36,True
re2tt_ts-route-service_mem_1,mem,ts-route-service,direct::GET /api/v1/assuranceservice/assurances/types,GET /api/v1/assuranceservice/assurances/types (direct),GET /api/v1/assuranceservice/assurances/types,61,74,3811.0,4549.0,6085.199999999996,3561.5,5776.4,22606.069999999872,1.2698175423169926,0.0847229282466242,0.1027779205248896,0.0163934426229508,0.0405405405405405,0.0241470979175897,0.0,0.0,0.0,0.0800170256121307,-0.2060256978289765,0.0,False,False,0.4801021536727844,False
re2tt_ts-route-service_mem_1,mem,ts-route-service,direct::GET /api/v1/contactservice/contacts/account/{accountId},GET /api/v1/contactservice/contacts/account/{accountId} (direct),GET /api/v1/contactservice/contacts/account/{accountId},61,73,6873.0,7941.0,12066.799999999985,6701.0,8245.199999999999,8662.2,1.038307517944843,0.0847229282466242,0.1013890297069857,0.0163934426229508,0.0,-0.0163934426229508,0.0,0.0,0.0,0.494403489414128,-0.1165506400179654,0.0,False,False,1.0,False
re2tt_ts-route-service_mem_1,mem,ts-route-service,direct::GET /api/v1/foodservice/foods/{date}/{startStation}/{endStation}/{tripId},GET /api/v1/foodservice/foods/{date}/{startStation}/{endStation}/{tripId} (direct),GET /api/v1/foodservice/foods/{date}/{startStation}/{endStation}/{tripId},233,198,41082.0,50432.0,63024.56000000009,98371.0,575767.0999999999,753069.24,11.416701697335023,0.3236138078928435,0.2750003819449749,0.0128755364806866,0.7828282828282829,0.7699527463475961,0.0,0.0,0.0,9.881378886809847e-54,0.8647201630034249,0.8647201630034249,False,False,1.3833930441533789e-52,True
re2tt_ts-route-service_mem_1,mem,ts-route-service,direct::POST /api/v1/inside_pay_service/inside_payment,POST /api/v1/inside_pay_service/inside_payment (direct),POST /api/v1/inside_pay_service/inside_payment,67,59,43979.0,103153.19999999995,133517.48000000016,46302.0,115053.6999999998,208465.2800000001,1.1153672401825618,0.0930563310249807,0.0819445582563309,0.0149253731343283,0.0508474576271186,0.0359220844927902,0.0,0.0,0.0,1.0,0.0088540349101948,0.0088540349101948,False,False,1.0,False
re2tt_ts-route-service_mem_1,mem,ts-route-service,direct::POST /api/v1/orderOtherService/orderOther/refresh,POST /api/v1/orderOtherService/orderOther/refresh (direct),POST /api/v1/orderOtherService/orderOther/refresh,53,53,254403.0,288371.0,294730.72,286142.0,339939.2,364208.28,1.1788258874852189,0.0736117245421489,0.0736112133489074,0.0188679245283018,0.3018867924528302,0.2830188679245283,0.0,0.0,0.0,1.625059443331459e-12,0.8070487718049129,0.8070487718049129,False,False,1.625059443331459e-11,True
re2tt_ts-route-service_mem_1,mem,ts-route-service,direct::POST /api/v1/orderservice/order/refresh,POST /api/v1/orderservice/order/refresh (direct),POST /api/v1/orderservice/order/refresh,90,71,319639.5,382818.4,479802.95,375483.0,435017.0,447331.9,1.1363534250182332,0.1250010416753472,0.0986112480711778,0.0111111111111111,0.0,-0.0111111111111111,0.0,0.0,0.0,2.4336861502126297e-18,0.8103286384976527,0.8103286384976527,False,False,2.6770547652338928e-17,True
re2tt_ts-route-service_mem_1,mem,ts-route-service,direct::POST /api/v1/preserveotherservice/preserveOther,POST /api/v1/preserveotherservice/preserveOther (direct),POST /api/v1/preserveotherservice/preserveOther,24,25,489888.5,564670.4,592333.27,1328025.0,1751786.6,1780005.92,3.102317033086912,0.0333336111134259,0.0347222704475978,0.0416666666666666,0.8,0.7583333333333334,0.0,0.0,0.0,1.7848689815606443e-08,0.96,0.96,False,False,1.4278951852485157e-07,True
re2tt_ts-route-service_mem_1,mem,ts-route-service,direct::POST /api/v1/preserveservice/preserve,POST /api/v1/preserveservice/preserve (direct),POST /api/v1/preserveservice/preserve,37,48,486215.0,695292.5999999992,1055075.8000000005,788603.5,1540484.95,1663886.15,2.215592327604237,0.0513893171331983,0.0666667592593878,0.027027027027027,0.3541666666666667,0.3271396396396396,0.0,0.0,0.0,1.18263762631409e-10,0.8322072072072073,0.8322072072072073,False,False,1.064373863682681e-09,True
re2tt_ts-route-service_mem_1,mem,ts-route-service,direct::POST /api/v1/travel2service/trips/left,POST /api/v1/travel2service/trips/left (direct),POST /api/v1/travel2service/trips/left,786,738,281903.5,315810.75,333458.65,812284.0,1406901.45,1716471.65,4.454887776936029,1.0916757639646997,1.0250014236130882,0.010178117048346,0.994579945799458,0.984401828751112,0.0,0.0,0.0,1.0622161058582427e-249,0.999713826654806,0.999713826654806,False,False,1.593324158787364e-248,True
re2tt_ts-route-service_mem_1,mem,ts-route-service,direct::POST /api/v1/travelservice/trips/left,POST /api/v1/travelservice/trips/left (direct),POST /api/v1/travelservice/trips/left,230,217,650813.5,873144.0499999998,1155581.12,1221041.0,2476658.0,2778963.0400000005,2.836482708666457,0.3194471065036653,0.3013893074851492,0.0130434782608695,0.5161290322580645,0.5030855539971949,0.0,0.0,0.0,2.2387950061921483e-34,0.6718894009216589,0.6718894009216589,False,False,2.686554007430578e-33,True
re2tt_ts-route-service_mem_1,mem,ts-route-service,direct::POST /api/v1/users/login,POST /api/v1/users/login (direct),POST /api/v1/users/login,876,820,215318.5,618620.25,998135.25,214448.0,605973.1499999999,1269599.7299999923,0.979555955370035,1.216676805640047,1.1388904706812093,0.0102739726027397,0.024390243902439,0.0141162712996993,0.0,0.0,0.0,1.0,0.0045119166945093,0.0045119166945093,False,False,1.0,False
re2tt_ts-route-service_mem_1,mem,ts-route-service,direct::PUT /api/v1/consignservice/consigns,PUT /api/v1/consignservice/consigns (direct),PUT /api/v1/consignservice/consigns,76,65,22272.0,28448.0,33307.5,22814.0,74651.59999999999,108790.63999999996,2.6241422947131605,0.1055564351925155,0.0902779031637543,0.0131578947368421,0.0923076923076923,0.0791497975708502,0.0,0.0,0.0,0.6478329623171741,0.0967611336032387,0.0967611336032387,False,False,1.0,False
re2tt_ts-route-service_mem_2,mem,ts-route-service,direct::GET /api/v1/adminbasicservice/adminbasic/configs,GET /api/v1/adminbasicservice/adminbasic/configs (direct),GET /api/v1/adminbasicservice/adminbasic/configs,113,112,14914.0,35929.19999999992,67010.63999999991,11923.0,18959.5,46253.05,0.5276905692305992,0.1569516380611889,0.1556723097878964,0.0176991150442477,0.0,-0.0176991150442477,0.0,0.0,0.0,1.4092191676762696e-18,-0.6847345132743363,0.0,False,False,1.5501410844438964e-17,False
re2tt_ts-route-service_mem_2,mem,ts-route-service,direct::GET /api/v1/adminbasicservice/adminbasic/prices,GET /api/v1/adminbasicservice/adminbasic/prices (direct),GET /api/v1/adminbasicservice/adminbasic/prices,112,112,15824.5,29642.69999999997,84452.35,12594.5,24462.39999999992,69998.39000000001,0.8252419651381263,0.1555626855119748,0.1556723097878964,0.0178571428571428,0.0,-0.0178571428571428,0.0,0.0,0.0,2.1927609850185772e-17,-0.6622289540816326,0.0,False,False,1.754208788014862e-16,False
re2tt_ts-route-service_mem_2,mem,ts-route-service,direct::GET /api/v1/admintravelservice/admintravel,GET /api/v1/admintravelservice/admintravel (direct),GET /api/v1/admintravelservice/admintravel,113,111,181633.0,675376.7999999998,895256.3999999999,706137.0,1219642.0,1396802.9,1.805868960852668,0.1569516380611889,0.1542823784505045,0.0176991150442477,0.3873873873873873,0.3696882723431396,0.0,0.0,0.0,7.517858870470091e-23,0.7664035717133062,0.7664035717133062,False,False,9.77321653161112e-22,True
re2tt_ts-route-service_mem_2,mem,ts-route-service,direct::GET /api/v1/assuranceservice/assurances/types,GET /api/v1/assuranceservice/assurances/types (direct),GET /api/v1/assuranceservice/assurances/types,79,74,6276.0,10359.6,14103.399999999994,4831.0,6296.749999999999,10600.299999999985,0.6078178694158075,0.1097272513879108,0.102854918967003,0.0126582278481012,0.0,-0.0126582278481012,0.0,0.0,0.0,5.858330160303352e-16,-0.7663359562093739,0.0,False,False,4.100831112212347e-15,False
re2tt_ts-route-service_mem_2,mem,ts-route-service,direct::GET /api/v1/contactservice/contacts/account/{accountId},GET /api/v1/contactservice/contacts/account/{accountId} (direct),GET /api/v1/contactservice/contacts/account/{accountId},79,74,10021.0,20568.5,57297.67999999998,8397.5,10601.15,29449.639999999825,0.5154070544765054,0.1097272513879108,0.102854918967003,0.0126582278481012,0.0135135135135135,0.0008552856654122,0.0,0.0,0.0,9.75615101161419e-10,-0.5833048238111529,0.0,False,False,4.878075505807095e-09,False
re2tt_ts-route-service_mem_2,mem,ts-route-service,direct::GET /api/v1/foodservice/foods/{date}/{startStation}/{endStation}/{tripId},GET /api/v1/foodservice/foods/{date}/{startStation}/{endStation}/{tripId} (direct),GET /api/v1/foodservice/foods/{date}/{startStation}/{endStation}/{tripId},225,245,58809.0,173624.4,249823.5199999996,110637.0,796097.9999999997,894389.8,4.585173512478659,0.3125143235731638,0.3405331776610235,0.0133333333333333,0.2979591836734694,0.2846258503401361,0.0,0.0,0.0,1.1069793482202369e-17,0.4612063492063492,0.4612063492063492,False,False,9.962814133982134e-17,True
re2tt_ts-route-service_mem_2,mem,ts-route-service,direct::GET /error,GET /error (direct),GET /error,0,2,,,,46040.5,84170.34999999999,87559.67,,0.0,0.0027798626747838,,,,,0.0,,,,0.0,True,False,,False
re2tt_ts-route-service_mem_2,mem,ts-route-service,direct::POST /api/v1/inside_pay_service/inside_payment,POST /api/v1/inside_pay_service/inside_payment (direct),POST /api/v1/inside_pay_service/inside_payment,84,67,54753.0,191682.94999999987,216156.02,47393.0,140708.09999999986,199840.3,0.7340668536246961,0.1166720141339811,0.0931253996052594,0.0119047619047619,0.0,-0.0119047619047619,0.0,0.0,0.0,0.0148991624872578,-0.2540867093105898,0.0,False,False,0.0297983249745156,False
re2tt_ts-route-service_mem_2,mem,ts-route-service,direct::POST /api/v1/orderOtherService/orderOther/refresh,POST /api/v1/orderOtherService/orderOther/refresh (direct),POST /api/v1/orderOtherService/orderOther/refresh,73,55,44866.0,74041.19999999995,153423.88000000003,91630.0,117360.7,287849.88000000035,1.5850729053553976,0.1013935360926264,0.0764462235565563,0.0136986301369863,0.0181818181818181,0.0044831880448318,0.0,0.0,0.0,1.0694157942891562e-18,0.9217932752179328,0.9217932752179328,False,False,1.2832989531469876e-17,True
re2tt_ts-route-service_mem_2,mem,ts-route-service,direct::POST /api/v1/orderservice/order/refresh,POST /api/v1/orderservice/order/refresh (direct),POST /api/v1/orderservice/order/refresh,106,84,62319.0,106525.5,178634.05000000002,123955.0,252798.4,386402.9300000001,2.3731256835217853,0.1472289702166904,0.1167542323409223,0.0188679245283018,0.1071428571428571,0.0882749326145552,0.0,0.0,0.0,5.04437236533559e-27,0.9157681940700808,0.9157681940700808,False,False,7.062121311469827e-26,True
re2tt_ts-route-service_mem_2,mem,ts-route-service,direct::POST /api/v1/preserveotherservice/preserveOther,POST /api/v1/preserveotherservice/preserveOther (direct),POST /api/v1/preserveotherservice/preserveOther,34,25,640723.5,1633054.8499999994,2040046.6500000008,1217839.0,1512265.6,1518686.0,0.9260347868903488,0.047224386673278,0.0347482834347983,0.0294117647058823,0.0,-0.0294117647058823,0.0,0.0,0.0,0.0017941781397125,0.5105882352941176,0.5105882352941176,False,False,0.0071767125588501,True
re2tt_ts-route-service_mem_2,mem,ts-route-service,direct::POST /api/v1/preserveservice/preserve,POST /api/v1/preserveservice/preserve (direct),POST /api/v1/preserveservice/preserve,45,49,786628.0,2139136.1999999983,7943718.840000002,1326425.0,1739909.7999999998,1831777.04,0.8133702753475918,0.0625028647146327,0.0681066355322047,0.0222222222222222,0.0,-0.0222222222222222,0.0,0.0,0.0,0.0028806433341852,0.3823129251700681,0.3823129251700681,False,False,0.0086419300025558,True
re2tt_ts-route-service_mem_2,mem,ts-route-service,direct::POST /api/v1/travel2service/trips/left,POST /api/v1/travel2service/trips/left (direct),POST /api/v1/travel2service/trips/left,884,840,377684.0,1094417.75,1513797.239999997,797369.5,1390914.85,1596768.21,1.2709176637531692,1.22783405350523,1.1675423234092237,0.0101809954751131,0.0154761904761904,0.0052951950010773,0.0,0.0,0.0,2.058809883687383e-111,0.6249892264598147,0.6249892264598147,False,False,3.088214825531075e-110,True
re2tt_ts-route-service_mem_2,mem,ts-route-service,direct::POST /api/v1/travelservice/trips/left,POST /api/v1/travelservice/trips/left (direct),POST /api/v1/travelservice/trips/left,252,269,774532.5,2243449.05,4557898.540000001,1605191.0,2679697.8,3090157.08,1.1944544940746482,0.3500160424019434,0.3738915297584299,0.0119047619047619,0.0,-0.0119047619047619,0.0,0.0,0.0,7.747011230658254e-18,0.439900867410161,0.439900867410161,False,False,7.747011230658253e-17,True
re2tt_ts-route-service_mem_2,mem,ts-route-service,direct::POST /api/v1/users/login,POST /api/v1/users/login (direct),POST /api/v1/users/login,963,926,231415.0,800192.7999999999,1095853.34,228597.5,820633.75,1484994.0,1.0255450311474936,1.337561304893141,1.2870764184249297,0.0103842159916926,0.0205183585313174,0.0101341425396248,0.0,0.0,0.0,0.155218417495454,-0.0469072754553467,0.0,False,False,0.155218417495454,False
re2tt_ts-route-service_mem_2,mem,ts-route-service,direct::PUT /api/v1/consignservice/consigns,PUT /api/v1/consignservice/consigns (direct),PUT /api/v1/consignservice/consigns,95,72,32100.0,101229.0,113327.04,25310.5,65455.95000000001,165438.7600000002,0.6466126307678631,0.1319504921753358,0.1000750562922191,0.0105263157894736,0.0277777777777777,0.017251461988304,0.0,0.0,0.0,2.328211430731929e-11,-0.6140350877192983,0.0,False,False,1.3969268584391575e-10,False
re2tt_ts-route-service_mem_3,mem,ts-route-service,direct::GET /api/v1/adminbasicservice/adminbasic/configs,GET /api/v1/adminbasicservice/adminbasic/configs (direct),GET /api/v1/adminbasicservice/adminbasic/configs,112,113,11267.0,15535.599999999991,19941.550000000003,10465.0,12902.799999999996,20176.599999999984,0.8305311671258274,0.1555555555555555,0.1569771480169479,0.0178571428571428,0.0176991150442477,-0.000158027812895,0.0,0.0,0.0,0.0003815318752766,-0.2879266750948167,0.0,False,False,0.0026707231269367,False
re2tt_ts-route-service_mem_3,mem,ts-route-service,direct::GET /api/v1/adminbasicservice/adminbasic/prices,GET /api/v1/adminbasicservice/adminbasic/prices (direct),GET /api/v1/adminbasicservice/adminbasic/prices,111,114,11834.0,14777.0,22020.90000000001,11303.5,18476.599999999995,64394.9400000001,1.250362049130405,0.1541666666666666,0.1583663263179829,0.018018018018018,0.0263157894736842,0.0082977714556661,0.0,0.0,0.0,0.0008392859566581,-0.272245930140667,0.0,False,False,0.0050357157399489,False
re2tt_ts-route-service_mem_3,mem,ts-route-service,direct::GET /api/v1/admintravelservice/admintravel,GET /api/v1/admintravelservice/admintravel (direct),GET /api/v1/admintravelservice/admintravel,112,113,140655.5,161750.5,276529.84,481633.0,1204701.0,1403416.3599999994,7.447896606192871,0.1555555555555555,0.1569771480169479,0.0178571428571428,0.991150442477876,0.9732932996207332,0.0,0.0,0.0,7.773795756198747e-38,0.9962073324905184,0.9962073324905184,False,False,9.328554907438495e-37,True
re2tt_ts-route-service_mem_3,mem,ts-route-service,direct::GET /api/v1/assuranceservice/assurances/types,GET /api/v1/assuranceservice/assurances/types (direct),GET /api/v1/assuranceservice/assurances/types,77,73,4111.0,5099.800000000001,7455.599999999961,3864.0,5087.599999999999,7822.960000000008,0.9976077493235026,0.1069444444444444,0.1014100159755504,0.0129870129870129,0.0136986301369863,0.0007116171499733,0.0,0.0,0.0,0.0044440756000733,-0.2896281800391389,0.0,False,False,0.0222203780003665,False
re2tt_ts-route-service_mem_3,mem,ts-route-service,direct::GET /api/v1/contactservice/contacts/account/{accountId},GET /api/v1/contactservice/contacts/account/{accountId} (direct),GET /api/v1/contactservice/contacts/account/{accountId},77,73,7147.0,8746.4,11165.31999999996,6909.0,9022.599999999991,32277.00000000005,1.0315787066678854,0.1069444444444444,0.1014100159755504,0.0129870129870129,0.0410958904109589,0.0281088774239459,0.0,0.0,0.0,0.1953162759523274,-0.1569115815691157,0.0,False,False,0.5859488278569823,False
re2tt_ts-route-service_mem_3,mem,ts-route-service,direct::GET /api/v1/foodservice/foods/{date}/{startStation}/{endStation}/{tripId},GET /api/v1/foodservice/foods/{date}/{startStation}/{endStation}/{tripId} (direct),GET /api/v1/foodservice/foods/{date}/{startStation}/{endStation}/{tripId},255,235,44163.0,59840.6,98662.80000000002,104697.0,751206.5999999996,907074.2,12.5534603596889,0.3541666666666667,0.3264569007432104,0.0117647058823529,0.548936170212766,0.5371714643304131,0.0,0.0,0.0,2.2208992102887115e-43,0.7243387567793074,0.7243387567793074,False,False,3.109258894404196e-42,True
re2tt_ts-route-service_mem_3,mem,ts-route-service,direct::POST /api/v1/inside_pay_service/inside_payment,POST /api/v1/inside_pay_service/inside_payment (direct),POST /api/v1/inside_pay_service/inside_payment,82,75,15972.5,102808.2,117914.3299999999,47326.0,148579.2999999999,207193.60000000036,1.4452086506718325,0.1138888888888888,0.1041883725776203,0.0121951219512195,0.08,0.0678048780487804,0.0,0.0,0.0,1.0,0.045691056910569,0.045691056910569,False,False,1.0,False
re2tt_ts-route-service_mem_3,mem,ts-route-service,direct::POST /api/v1/orderOtherService/orderOther/refresh,POST /api/v1/orderOtherService/orderOther/refresh (direct),POST /api/v1/orderOtherService/orderOther/refresh,51,61,138863.0,173881.5,287551.5,180452.0,224359.0,361830.7999999998,1.290298277850145,0.0708333333333333,0.0847398763631312,0.0196078431372549,0.0327868852459016,0.0131790421086467,0.0,0.0,0.0,9.387495899989804e-15,0.8624236579877853,0.8624236579877853,False,False,9.387495899989803e-14,True
re2tt_ts-route-service_mem_3,mem,ts-route-service,direct::POST /api/v1/orderservice/order/refresh,POST /api/v1/orderservice/order/refresh (direct),POST /api/v1/orderservice/order/refresh,90,97,220230.5,267658.75,285335.12999999995,294452.0,392660.6,474375.71999999945,1.4670194790941824,0.125,0.1347502952003889,0.0111111111111111,0.6701030927835051,0.658991981672394,0.0,0.0,0.0,2.345545323493388e-27,0.9234822451317296,0.9234822451317296,False,False,2.5800998558427267e-26,True
re2tt_ts-route-service_mem_3,mem,ts-route-service,direct::POST /api/v1/preserveotherservice/preserveOther,POST /api/v1/preserveotherservice/preserveOther (direct),POST /api/v1/preserveotherservice/preserveOther,31,27,477299.0,656309.5,721108.1,1237525.0,1524827.0,1725628.0599999996,2.323335255698721,0.0430555555555555,0.0375078141279433,0.032258064516129,0.7777777777777778,0.7455197132616488,0.0,0.0,0.0,6.04116315840777e-10,0.966547192353644,0.966547192353644,False,False,4.832930526726216e-09,True
re2tt_ts-route-service_mem_3,mem,ts-route-service,direct::POST /api/v1/preserveservice/preserve,POST /api/v1/preserveservice/preserve (direct),POST /api/v1/preserveservice/preserve,46,46,471260.0,714300.25,827076.75,930458.5,1591708.0,1603221.1,2.2283458531618883,0.0638888888888888,0.0639022018476071,0.0217391304347826,0.5869565217391305,0.5652173913043479,0.0,0.0,0.0,3.2548409696090386e-12,0.8553875236294897,0.8553875236294897,False,False,2.9293568726481346e-11,True
re2tt_ts-route-service_mem_3,mem,ts-route-service,direct::POST /api/v1/travel2service/trips/left,POST /api/v1/travel2service/trips/left (direct),POST /api/v1/travel2service/trips/left,911,855,289325.0,331882.5,415269.3,777173.0,1297716.3,1540685.480000003,3.9101679058100394,1.2652777777777775,1.1877474473848717,0.0109769484083424,0.8584795321637427,0.8475025837554002,0.0,0.0,0.0,8.772574308470224e-285,0.9922095762641144,0.9922095762641144,False,False,1.3158861462705335e-283,True
re2tt_ts-route-service_mem_3,mem,ts-route-service,direct::POST /api/v1/travelservice/trips/left,POST /api/v1/travelservice/trips/left (direct),POST /api/v1/travelservice/trips/left,247,247,662134.0,797976.8999999999,949444.7599999995,1227701.0,2289272.1,2678649.24,2.8688450755905346,0.3430555555555555,0.3431270403556296,0.0121457489878542,0.6072874493927125,0.5951417004048583,0.0,0.0,0.0,1.6451598655246686e-39,0.686734744054156,0.686734744054156,False,False,2.1387078251820687e-38,True
re2tt_ts-route-service_mem_3,mem,ts-route-service,direct::POST /api/v1/users/login,POST /api/v1/users/login (direct),POST /api/v1/users/login,991,942,218287.0,695840.0,1102096.2000000004,222629.0,628782.8499999997,904895.73,0.90363136640607,1.3763888888888889,1.308605959574911,0.0100908173562058,0.0,-0.0100908173562058,0.0,0.0,0.0,0.6661623588201775,0.0254370009490938,0.0254370009490938,False,False,1.0,False
re2tt_ts-route-service_mem_3,mem,ts-route-service,direct::PUT /api/v1/consignservice/consigns,PUT /api/v1/consignservice/consigns (direct),PUT /api/v1/consignservice/consigns,59,83,23882.0,28226.3,57906.30000000009,22749.0,87149.09999999987,107877.29999999973,3.087514126895834,0.0819444444444444,0.1153017989858998,0.0169491525423728,0.072289156626506,0.0553400040841331,0.0,0.0,0.0,0.1232378925189394,-0.1846028180518685,0.0,False,False,0.4929515700757579,False
re2tt_ts-route-service_socket_1,socket,ts-route-service,direct::GET /api/v1/adminbasicservice/adminbasic/configs,GET /api/v1/adminbasicservice/adminbasic/configs (direct),GET /api/v1/adminbasicservice/adminbasic/configs,111,109,9385.0,11747.0,12658.000000000002,9738.0,12132.999999999998,17318.72,1.0328594534774835,0.1541673090304543,0.1513888888888888,0.018018018018018,0.036697247706422,0.018679229688404,0.0,0.0,0.0,0.2124801931281884,0.1261261261261261,0.1261261261261261,False,False,1.0,False
re2tt_ts-route-service_socket_1,socket,ts-route-service,direct::GET /api/v1/adminbasicservice/adminbasic/prices,GET /api/v1/adminbasicservice/adminbasic/prices (direct),GET /api/v1/adminbasicservice/adminbasic/prices,110,109,10109.5,15811.599999999997,20093.759999999995,9820.0,12974.999999999998,18191.72,0.8206000657744948,0.1527784143545042,0.1513888888888888,0.0181818181818181,0.0,-0.0181818181818181,0.0,0.0,0.0,0.4505982489162685,-0.0949124270225187,0.0,False,False,1.0,False
re2tt_ts-route-service_socket_1,socket,ts-route-service,direct::GET /api/v1/admintravelservice/admintravel,GET /api/v1/admintravelservice/admintravel (direct),GET /api/v1/admintravelservice/admintravel,111,107,163426.0,180882.0,211747.00000000003,993989.0,1214323.9,1302877.46,6.713348481330369,0.1541673090304543,0.1486111111111111,0.018018018018018,1.0,0.981981981981982,0.0,0.0,0.0,5.902751662786031e-37,1.0,1.0,False,False,7.083301995343238e-36,True
re2tt_ts-route-service_socket_1,socket,ts-route-service,direct::GET /api/v1/assuranceservice/assurances/types,GET /api/v1/assuranceservice/assurances/types (direct),GET /api/v1/assuranceservice/assurances/types,81,69,2677.0,3230.0,4328.600000000001,2561.0,3269.599999999999,6387.3599999999615,1.0122600619195044,0.1125004687519531,0.0958333333333333,0.0123456790123456,0.0289855072463768,0.0166398282340311,0.0,0.0,0.0,0.0116853627115083,-0.2617641796385758,0.0,False,False,0.0817975389805585,False
re2tt_ts-route-service_socket_1,socket,ts-route-service,direct::GET /api/v1/contactservice/contacts/account/{accountId},GET /api/v1/contactservice/contacts/account/{accountId} (direct),GET /api/v1/contactservice/contacts/account/{accountId},81,69,5349.0,8440.0,14249.600000000002,5176.0,6721.8,11695.79999999998,0.7964218009478673,0.1125004687519531,0.0958333333333333,0.0123456790123456,0.0,-0.0123456790123456,0.0,0.0,0.0,0.2308267991842421,-0.1495795312220432,0.0,False,False,1.0,False
re2tt_ts-route-service_socket_1,socket,ts-route-service,direct::GET /api/v1/foodservice/foods/{date}/{startStation}/{endStation}/{tripId},GET /api/v1/foodservice/foods/{date}/{startStation}/{endStation}/{tripId} (direct),GET /api/v1/foodservice/foods/{date}/{startStation}/{endStation}/{tripId},247,252,44046.0,57124.8,85367.93999999984,113659.5,177385.24999999985,222435.7800000001,3.105223125507658,0.3430569849596596,0.35,0.0121457489878542,0.8571428571428571,0.8449971081550028,0.0,0.0,0.0,1.54154736845208e-73,0.940652914337125,0.940652914337125,False,False,2.1581663158329121e-72,True
re2tt_ts-route-service_socket_1,socket,ts-route-service,direct::POST /api/v1/inside_pay_service/inside_payment,POST /api/v1/inside_pay_service/inside_payment (direct),POST /api/v1/inside_pay_service/inside_payment,82,72,49006.0,70899.65000000001,132980.26999999996,50045.0,67374.35,85991.3800000001,0.9502776106793192,0.1138893634279031,0.1,0.0121951219512195,0.0,-0.0121951219512195,0.0,0.0,0.0,1.0,-0.046070460704607,0.0,False,False,1.0,False
re2tt_ts-route-service_socket_1,socket,ts-route-service,direct::POST /api/v1/orderOtherService/orderOther/refresh,POST /api/v1/orderOtherService/orderOther/refresh (direct),POST /api/v1/orderOtherService/orderOther/refresh,61,59,1232582.0,1426771.0,1948079.999999999,1297713.0,1449922.9999999998,1535769.7000000002,1.016226850699937,0.0847225752329523,0.0819444444444444,0.0163934426229508,0.0,-0.0163934426229508,0.0,0.0,0.0,6.584445252490263e-05,0.4398444012225617,0.4398444012225617,False,False,0.0005926000727241,True
re2tt_ts-route-service_socket_1,socket,ts-route-service,direct::POST /api/v1/orderservice/order/refresh,POST /api/v1/orderservice/order/refresh (direct),POST /api/v1/orderservice/order/refresh,102,89,1777827.0,2144489.9999999995,2695912.889999999,1828297.0,2069129.0,2131698.88,0.9648583113001228,0.1416672569469039,0.1236111111111111,0.0196078431372549,0.0,-0.0196078431372549,0.0,0.0,0.0,0.0027501861459799,0.2687816699713594,0.2687816699713594,False,False,0.0220014891678393,True
re2tt_ts-route-service_socket_1,socket,ts-route-service,direct::POST /api/v1/preserveotherservice/preserveOther,POST /api/v1/preserveotherservice/preserveOther (direct),POST /api/v1/preserveotherservice/preserveOther,27,36,620129.0,779796.4999999999,830857.32,963186.0,1159542.25,1232028.6,1.4869805776250602,0.037500156250651,0.05,0.037037037037037,1.0,0.962962962962963,0.0,0.0,0.0,3.1017974457464496e-11,1.0,1.0,False,False,3.101797445746449e-10,True
re2tt_ts-route-service_socket_1,socket,ts-route-service,direct::POST /api/v1/preserveservice/preserve,POST /api/v1/preserveservice/preserve (direct),POST /api/v1/preserveservice/preserve,54,33,635069.0,769086.3999999999,1076745.8899999994,990677.0,1199208.1999999995,1616692.9999999998,1.5592633025366198,0.0750003125013021,0.0458333333333333,0.0185185185185185,0.303030303030303,0.2845117845117845,0.0,0.0,0.0,1.7643812049600884e-13,0.957351290684624,0.957351290684624,False,False,1.940819325456097e-12,True
re2tt_ts-route-service_socket_1,socket,ts-route-service,direct::POST /api/v1/travel2service/trips/left,POST /api/v1/travel2service/trips/left (direct),POST /api/v1/travel2service/trips/left,886,851,356022.5,410536.0,448914.6,860434.0,1074889.0,1182936.5,2.6182575949490423,1.2305606828917344,1.1819444444444445,0.010158013544018,0.9964747356051704,0.9863167220611524,0.0,0.0,0.0,9.170896836332395e-282,0.9948115747507248,0.9948115747507248,False,False,1.3756345254498593e-280,True
re2tt_ts-route-service_socket_1,socket,ts-route-service,direct::POST /api/v1/travelservice/trips/left,POST /api/v1/travelservice/trips/left (direct),POST /api/v1/travelservice/trips/left,256,226,743959.0,832271.0,1116888.2999999975,1390680.0,1596875.25,1789855.5,1.9186962539845795,0.3555570370432099,0.3138888888888889,0.01171875,0.672566371681416,0.660847621681416,0.0,0.0,0.0,2.991508154195679e-67,0.916102046460177,0.916102046460177,False,False,3.888960600454383e-66,True
re2tt_ts-route-service_socket_1,socket,ts-route-service,direct::POST /api/v1/users/login,POST /api/v1/users/login (direct),POST /api/v1/users/login,967,921,235766.0,738353.9999999997,1125623.1000000006,230091.0,806275.0,970581.5999999994,1.0919897501740363,1.3430611516436874,1.2791666666666666,0.0103412616339193,0.001085776330076,-0.0092554853038433,0.0,0.0,0.0,0.0121241548636449,-0.072973825716618,0.0,False,False,0.0817975389805585,False
re2tt_ts-route-service_socket_1,socket,ts-route-service,direct::PUT /api/v1/consignservice/consigns,PUT /api/v1/consignservice/consigns (direct),PUT /api/v1/consignservice/consigns,81,76,18773.0,25239.0,28229.800000000003,18516.5,24342.75,37145.25,0.9644894805657912,0.1125004687519531,0.1055555555555555,0.0123456790123456,0.0131578947368421,0.0008122157244964,0.0,0.0,0.0,1.0,-0.0087719298245614,0.0,False,False,1.0,False
re2tt_ts-route-service_socket_2,socket,ts-route-service,direct::GET /api/v1/adminbasicservice/adminbasic/configs,GET /api/v1/adminbasicservice/adminbasic/configs (direct),GET /api/v1/adminbasicservice/adminbasic/configs,113,108,13649.0,21883.399999999983,26963.519999999997,11624.0,15685.299999999994,22065.469999999987,0.7167670471681734,0.1569453163628686,0.1500043751276079,0.0176991150442477,0.0092592592592592,-0.0084398557849885,0.0,0.0,0.0,2.1898722571821044e-17,-0.6669124877089478,0.0,False,False,2.4088594829003147e-16,False
re2tt_ts-route-service_socket_2,socket,ts-route-service,direct::GET /api/v1/adminbasicservice/adminbasic/prices,GET /api/v1/adminbasicservice/adminbasic/prices (direct),GET /api/v1/adminbasicservice/adminbasic/prices,112,108,15894.0,34393.29999999996,69681.44000000002,12618.5,19296.55,41746.66999999985,0.5610554962739841,0.1555564197578875,0.1500043751276079,0.0178571428571428,0.0,-0.0178571428571428,0.0,0.0,0.0,1.0522340556449105e-17,-0.6749338624338624,0.0,False,False,1.2626808667738924e-16,False
re2tt_ts-route-service_socket_2,socket,ts-route-service,direct::GET /api/v1/admintravelservice/admintravel,GET /api/v1/admintravelservice/admintravel (direct),GET /api/v1/admintravelservice/admintravel,112,108,164402.5,499418.05,594524.06,297082.0,811093.2999999997,1008764.3799999992,1.624076863060916,0.1555564197578875,0.1500043751276079,0.0178571428571428,0.1111111111111111,0.0932539682539682,0.0,0.0,0.0,0.0824247779434124,0.1593915343915344,0.1593915343915344,False,False,0.2647818341213963,False
re2tt_ts-route-service_socket_2,socket,ts-route-service,direct::GET /api/v1/assuranceservice/assurances/types,GET /api/v1/assuranceservice/assurances/types (direct),GET /api/v1/assuranceservice/assurances/types,82,77,6648.5,11774.250000000002,14681.239999999998,5061.0,6640.0,9813.51999999998,0.5639425016455399,0.1138895216084533,0.1069475637483871,0.0121951219512195,0.0,-0.0121951219512195,0.0,0.0,0.0,4.7925143159011736e-18,-0.8031358885017421,0.0,False,False,6.230268610671526e-17,False
re2tt_ts-route-service_socket_2,socket,ts-route-service,direct::GET /api/v1/contactservice/contacts/account/{accountId},GET /api/v1/contactservice/contacts/account/{accountId} (direct),GET /api/v1/contactservice/contacts/account/{accountId},82,77,10092.0,16306.3,75002.00999999995,7640.0,9360.4,18424.559999999998,0.5740358021132935,0.1138895216084533,0.1069475637483871,0.0121951219512195,0.0,-0.0121951219512195,0.0,0.0,0.0,3.0796072127605706e-19,-0.8311688311688312,0.0,False,False,4.311450097864799e-18,False
re2tt_ts-route-service_socket_2,socket,ts-route-service,direct::GET /api/v1/foodservice/foods/{date}/{startStation}/{endStation}/{tripId},GET /api/v1/foodservice/foods/{date}/{startStation}/{endStation}/{tripId} (direct),GET /api/v1/foodservice/foods/{date}/{startStation}/{endStation}/{tripId},259,264,60969.0,191939.3,244562.93999999977,62685.0,118017.6,140225.81000000008,0.6148693883951855,0.3597242206901149,0.3666773614230414,0.0115830115830115,0.0,-0.0115830115830115,0.0,0.0,0.0,0.0529563668242792,-0.1121738621738621,0.0,False,False,0.2647818341213963,False
re2tt_ts-route-service_socket_2,socket,ts-route-service,direct::POST /api/v1/inside_pay_service/inside_payment,POST /api/v1/inside_pay_service/inside_payment (direct),POST /api/v1/inside_pay_service/inside_payment,73,86,57628.0,177689.99999999994,316453.4800000001,46671.0,114149.25,127997.65000000004,0.6424067195677868,0.1013894521636231,0.1194479283423544,0.0136986301369863,0.0,-0.0136986301369863,0.0,0.0,0.0,0.0014209096878875,-0.3122013380057343,0.0,False,False,0.008525458127325,False
re2tt_ts-route-service_socket_2,socket,ts-route-service,direct::POST /api/v1/orderOtherService/orderOther/refresh,POST /api/v1/orderOtherService/orderOther/refresh (direct),POST /api/v1/orderOtherService/orderOther/refresh,47,69,52830.0,109707.39999999997,140496.37999999998,88145.0,117228.0,121395.6,1.0685514377334622,0.0652781404341135,0.0958361285537494,0.0212765957446808,0.0,-0.0212765957446808,0.0,0.0,0.0,5.772599468556365e-13,0.8008017267961764,0.8008017267961764,False,False,5.772599468556364e-12,True
re2tt_ts-route-service_socket_2,socket,ts-route-service,direct::POST /api/v1/orderservice/order/refresh,POST /api/v1/orderservice/order/refresh (direct),POST /api/v1/orderservice/order/refresh,99,108,87247.0,125335.79999999974,178748.31999999998,153308.5,203739.25,218169.9699999999,1.6255471301894624,0.1375007638931327,0.1500043751276079,0.0101010101010101,0.1944444444444444,0.1843434343434343,0.0,0.0,0.0,2.187454821272306e-29,0.9113355780022449,0.9113355780022449,False,False,3.281182231908458e-28,True
re2tt_ts-route-service_socket_2,socket,ts-route-service,direct::POST /api/v1/preserveotherservice/preserveOther,POST /api/v1/preserveotherservice/preserveOther (direct),POST /api/v1/preserveotherservice/preserveOther,31,28,730213.0,1171612.5,1278461.5,638268.5,755304.2999999999,765280.01,0.6446707422462631,0.0430557947544153,0.0388900231812316,0.032258064516129,0.0,-0.032258064516129,0.0,0.0,0.0,0.0544041996384844,-0.336405529953917,0.0,False,False,0.2647818341213963,False
re2tt_ts-route-service_socket_2,socket,ts-route-service,direct::POST /api/v1/preserveservice/preserve,POST /api/v1/preserveservice/preserve (direct),POST /api/v1/preserveservice/preserve,51,49,657599.0,1221967.5,1955450.0,634434.0,849624.3999999999,972934.4399999996,0.6952921415667764,0.070833726854038,0.0680575405671554,0.0196078431372549,0.0,-0.0196078431372549,0.0,0.0,0.0,0.0825058449169805,-0.2372949179671868,0.0,False,False,0.2647818341213963,False
re2tt_ts-route-service_socket_2,socket,ts-route-service,direct::POST /api/v1/travel2service/trips/left,POST /api/v1/travel2service/trips/left (direct),POST /api/v1/travel2service/trips/left,885,895,383953.0,1062536.7999999996,1407421.1599999997,395210.0,694521.7999999999,896491.4799999958,0.653644937285937,1.2291734954083078,1.2430918124000838,0.0101694915254237,0.0,-0.0101694915254237,0.0,0.0,0.0,6.836464313024566e-05,-0.1134425401634946,0.0,False,False,0.0005469171450419,False
re2tt_ts-route-service_socket_2,socket,ts-route-service,direct::POST /api/v1/travelservice/trips/left,POST /api/v1/travelservice/trips/left (direct),POST /api/v1/travelservice/trips/left,266,270,726405.5,2039801.5,3041337.250000009,666614.0,1344896.6999999986,1529446.9600000002,0.6593272433616695,0.3694464969249829,0.3750109378190197,0.0112781954887218,0.0,-0.0112781954887218,0.0,0.0,0.0,0.3887613052168683,-0.0648008911166806,0.0,False,False,0.3887613052168683,False
re2tt_ts-route-service_socket_2,socket,ts-route-service,direct::POST /api/v1/users/login,POST /api/v1/users/login (direct),POST /api/v1/users/login,966,975,258355.0,916947.75,1399561.25,225442.0,899100.1999999998,1288705.34,0.9805359138511436,1.34167412041178,1.35420616434646,0.010351966873706,0.002051282051282,-0.0083006848224239,0.0,0.0,0.0,8.733454608656869e-05,-0.1071518819344906,0.0,False,False,0.0006113418226059,False
re2tt_ts-route-service_socket_2,socket,ts-route-service,direct::PUT /api/v1/consignservice/consigns,PUT /api/v1/consignservice/consigns (direct),PUT /api/v1/consignservice/consigns,73,91,35770.0,107396.99999999996,182119.28,26951.0,68073.0,104405.29999999989,0.6338445207966704,0.1013894521636231,0.1263925753390029,0.0136986301369863,0.0,-0.0136986301369863,0.0,0.0,0.0,1.5354235117574632e-12,-0.6522655426765016,0.0,False,False,1.3818811605817168e-11,False
re2tt_ts-route-service_socket_3,socket,ts-route-service,direct::GET /api/v1/adminbasicservice/adminbasic/configs,GET /api/v1/adminbasicservice/adminbasic/configs (direct),GET /api/v1/adminbasicservice/adminbasic/configs,118,104,10689.5,14438.799999999994,19345.68,10260.5,13529.199999999992,20881.04,0.9370030750477876,0.1640132656153138,0.1446296507472068,0.0169491525423728,0.0192307692307692,0.0022816166883963,0.0,0.0,0.0,1.4413251996944576e-05,-0.3493318122555411,0.0,False,False,0.0001008927639786,False
re2tt_ts-route-service_socket_3,socket,ts-route-service,direct::GET /api/v1/adminbasicservice/adminbasic/prices,GET /api/v1/adminbasicservice/adminbasic/prices (direct),GET /api/v1/adminbasicservice/adminbasic/prices,118,104,11542.5,15589.149999999992,24316.559999999998,10897.0,15915.549999999988,32394.739999999987,1.0209376393196548,0.1640132656153138,0.1446296507472068,0.0169491525423728,0.0192307692307692,0.0022816166883963,0.0,0.0,0.0,0.0009521220017862,-0.2720013037809647,0.0,False,False,0.003808488007145,False
re2tt_ts-route-service_socket_3,socket,ts-route-service,direct::GET /api/v1/admintravelservice/admintravel,GET /api/v1/admintravelservice/admintravel (direct),GET /api/v1/admintravelservice/admintravel,117,104,125290.0,157906.99999999997,183074.80000000005,894928.0,1087139.25,1100529.95,6.884680539811409,0.1626233226863705,0.1446296507472068,0.017094017094017,1.0,0.9829059829059827,0.0,0.0,0.0,2.4672265449346942e-37,1.0,1.0,False,False,2.960671853921633e-36,True
re2tt_ts-route-service_socket_3,socket,ts-route-service,direct::GET /api/v1/assuranceservice/assurances/types,GET /api/v1/assuranceservice/assurances/types (direct),GET /api/v1/assuranceservice/assurances/types,76,62,4441.5,5949.25,6518.5,4143.0,5349.5,15548.470000000005,0.8991889734000084,0.1056356625996936,0.0862215225608348,0.0131578947368421,0.032258064516129,0.0191001697792869,0.0,0.0,0.0,0.000395627164342,-0.3692699490662139,0.0,False,False,0.00197813582171,False
re2tt_ts-route-service_socket_3,socket,ts-route-service,direct::GET /api/v1/contactservice/contacts/account/{accountId},GET /api/v1/contactservice/contacts/account/{accountId} (direct),GET /api/v1/contactservice/contacts/account/{accountId},76,62,6994.5,8281.25,8727.75,6748.0,8203.999999999998,12936.000000000004,0.9906716981132072,0.1056356625996936,0.0862215225608348,0.0131578947368421,0.032258064516129,0.0191001697792869,0.0,0.0,0.0,0.1103206336761825,-0.190365025466893,0.0,False,False,0.1103206336761825,False
re2tt_ts-route-service_socket_3,socket,ts-route-service,direct::GET /api/v1/foodservice/foods/{date}/{startStation}/{endStation}/{tripId},GET /api/v1/foodservice/foods/{date}/{startStation}/{endStation}/{tripId} (direct),GET /api/v1/foodservice/foods/{date}/{startStation}/{endStation}/{tripId},252,238,44969.5,56115.34999999999,102355.93000000002,108814.5,140341.8999999999,209982.44,2.500953838833758,0.3502656180937211,0.3309793930561079,0.0119047619047619,0.6890756302521008,0.677170868347339,0.0,0.0,0.0,3.697374938367887e-63,0.8784847272242231,0.8784847272242231,False,False,5.176324913715041e-62,True
re2tt_ts-route-service_socket_3,socket,ts-route-service,direct::POST /api/v1/inside_pay_service/inside_payment,POST /api/v1/inside_pay_service/inside_payment (direct),POST /api/v1/inside_pay_service/inside_payment,77,80,44251.0,98179.8,106749.99999999993,15372.0,56693.14999999996,120614.2699999988,0.5774421011246709,0.107025605528637,0.1112535774978514,0.0129870129870129,0.0125,-0.0004870129870129,0.0,0.0,0.0,0.0364151244322767,-0.2185064935064935,0.0,False,False,0.1092453732968301,False
re2tt_ts-route-service_socket_3,socket,ts-route-service,direct::POST /api/v1/orderOtherService/orderOther/refresh,POST /api/v1/orderOtherService/orderOther/refresh (direct),POST /api/v1/orderOtherService/orderOther/refresh,74,65,151578.0,180972.85,202072.55999999985,208631.0,233495.0,239692.8,1.2902211574830147,0.1028557767418069,0.0903935317170042,0.0135135135135135,0.6461538461538462,0.6326403326403327,0.0,0.0,0.0,9.236309451184824e-22,0.9513513513513514,0.9513513513513514,False,False,9.236309451184824e-21,True
re2tt_ts-route-service_socket_3,socket,ts-route-service,direct::POST /api/v1/orderservice/order/refresh,POST /api/v1/orderservice/order/refresh (direct),POST /api/v1/orderservice/order/refresh,97,103,254133.0,296119.0,302639.96,322506.0,351053.5,353354.3,1.1855149450052176,0.1348244641075037,0.1432389810284837,0.0103092783505154,0.8058252427184466,0.7955159643679311,0.0,0.0,0.0,5.37711530610696e-32,0.9689720748673808,0.9689720748673808,False,False,5.914826836717655e-31,True
re2tt_ts-route-service_socket_3,socket,ts-route-service,direct::POST /api/v1/preserveotherservice/preserveOther,POST /api/v1/preserveotherservice/preserveOther (direct),POST /api/v1/preserveotherservice/preserveOther,30,28,492659.5,546525.55,594160.39,738768.5,828657.65,856114.5700000001,1.5162285642455324,0.0416982878683001,0.0389387521242479,0.0333333333333333,1.0,0.9666666666666668,0.0,0.0,0.0,1.3361811732346964e-10,1.0,1.0,False,False,1.0689449385877571e-09,True
re2tt_ts-route-service_socket_3,socket,ts-route-service,direct::POST /api/v1/preserveservice/preserve,POST /api/v1/preserveservice/preserve (direct),POST /api/v1/preserveservice/preserve,46,34,461655.5,561973.75,652537.8499999996,731296.0,836402.5499999998,965465.4700000002,1.4883302823308024,0.0639373747313935,0.0472827704365868,0.0217391304347826,0.9117647058823528,0.8900255754475703,0.0,0.0,0.0,1.606514584967495e-13,0.9820971867007672,0.9820971867007672,False,False,1.4458631264707456e-12,True
re2tt_ts-route-service_socket_3,socket,ts-route-service,direct::POST /api/v1/travel2service/trips/left,POST /api/v1/travel2service/trips/left (direct),POST /api/v1/travel2service/trips/left,919,871,284515.0,329737.2999999999,425468.5999999999,666120.0,792830.5,894615.0999999999,2.404430739258192,1.2773575516989273,1.2112733250078571,0.0108813928182807,0.9988518943742823,0.9879705015560016,0.0,0.0,0.0,9.208099865526588e-290,0.9940233543923472,0.9940233543923472,False,False,1.3812149798289885e-288,True
re2tt_ts-route-service_socket_3,socket,ts-route-service,direct::POST /api/v1/travelservice/trips/left,POST /api/v1/travelservice/trips/left (direct),POST /api/v1/travelservice/trips/left,274,251,633896.5,799908.2499999986,904496.4099999996,1221811.0,1492025.5,1598708.5,1.8652457953771608,0.3808443625304745,0.3490580993995088,0.010948905109489,0.5657370517928287,0.5547881466833396,0.0,0.0,0.0,1.3853049612941418e-44,0.70980312327333,0.70980312327333,False,False,1.8008964496823844e-43,True
re2tt_ts-route-service_socket_3,socket,ts-route-service,direct::POST /api/v1/users/login,POST /api/v1/users/login (direct),POST /api/v1/users/login,1006,947,220687.5,705795.75,1003003.6000000006,227707.0,818383.6999999995,1180255.9599999986,1.1595191668411144,1.3982825865169977,1.316964223630816,0.0109343936381709,0.0190073917634635,0.0080729981252925,0.0,0.0,0.0,1.9915776994940493e-05,0.1155222834062152,0.1155222834062152,False,False,0.0001194946619696,False
re2tt_ts-route-service_socket_3,socket,ts-route-service,direct::PUT /api/v1/consignservice/consigns,PUT /api/v1/consignservice/consigns (direct),PUT /api/v1/consignservice/consigns,94,88,24672.5,33082.7,54639.6899999999,23765.0,33451.749999999985,64962.88999999985,1.0111553772817814,0.1306546353206737,0.1223789352476365,0.0106382978723404,0.0227272727272727,0.0120889748549323,0.0,0.0,0.0,0.0420734167953254,-0.1982591876208898,0.0,False,False,0.1092453732968301,False
re2tt_ts-train-service_cpu_1,cpu,ts-train-service,direct::GET /api/v1/adminbasicservice/adminbasic/configs,GET /api/v1/adminbasicservice/adminbasic/configs (direct),GET /api/v1/adminbasicservice/adminbasic/configs,110,109,9388.0,11615.6,16061.869999999994,9454.0,14915.799999999996,62001.64000000002,1.2841179103963631,0.1528299946926311,0.1514303219075219,0.0181818181818181,0.036697247706422,0.0185154295246038,0.0,0.0,0.0,0.9484909951008456,0.05604670558799,0.05604670558799,False,False,1.0,False
re2tt_ts-train-service_cpu_1,cpu,ts-train-service,direct::GET /api/v1/adminbasicservice/adminbasic/prices,GET /api/v1/adminbasicservice/adminbasic/prices (direct),GET /api/v1/adminbasicservice/adminbasic/prices,111,109,9535.0,11115.5,15494.20000000002,9834.0,12605.999999999998,16566.800000000007,1.1340920336467093,0.1542193582807459,0.1514303219075219,0.018018018018018,0.018348623853211,0.0003306058351929,0.0,0.0,0.0,0.029509126820523,0.1903463096123647,0.1903463096123647,False,False,0.177054760923138,False
re2tt_ts-train-service_cpu_1,cpu,ts-train-service,direct::GET /api/v1/admintravelservice/admintravel,GET /api/v1/admintravelservice/admintravel (direct),GET /api/v1/admintravelservice/admintravel,111,109,154363.0,175827.5,188358.9,404899.0,501631.8,525581.92,2.8529769234050417,0.1542193582807459,0.1514303219075219,0.018018018018018,1.0,0.981981981981982,0.0,0.0,0.0,2.871113738479661e-37,0.9996693941648068,0.9996693941648068,False,False,4.0195592338715255e-36,True
re2tt_ts-train-service_cpu_1,cpu,ts-train-service,direct::GET /api/v1/assuranceservice/assurances/types,GET /api/v1/assuranceservice/assurances/types (direct),GET /api/v1/assuranceservice/assurances/types,78,68,3246.0,4025.6,14336.650000000009,3128.5,3773.1,4101.18,0.9372764308426074,0.1083703598729566,0.0944702925661604,0.0128205128205128,0.0,-0.0128205128205128,0.0,0.0,0.0,0.4200815272247573,-0.1206636500754148,0.0,False,False,1.0,False
re2tt_ts-train-service_cpu_1,cpu,ts-train-service,direct::GET /api/v1/contactservice/contacts/account/{accountId},GET /api/v1/contactservice/contacts/account/{accountId} (direct),GET /api/v1/contactservice/contacts/account/{accountId},78,68,6138.5,8009.099999999999,9915.780000000022,5820.5,7378.45,13448.52,0.9212583186625214,0.1083703598729566,0.0944702925661604,0.0128205128205128,0.0294117647058823,0.0165912518853695,0.0,0.0,0.0,0.0244965868585609,-0.2409502262443439,0.0,False,False,0.1714761080099265,False
re2tt_ts-train-service_cpu_1,cpu,ts-train-service,direct::GET /api/v1/foodservice/foods/{date}/{startStation}/{endStation}/{tripId},GET /api/v1/foodservice/foods/{date}/{startStation}/{endStation}/{tripId} (direct),GET /api/v1/foodservice/foods/{date}/{startStation}/{endStation}/{tripId},258,263,43911.5,52026.2,56891.74000000001,42742.0,55251.79999999998,112188.77999999996,1.0619995310055317,0.3584558057336256,0.3653777491897088,0.0116279069767441,0.0418250950570342,0.03019718808029,0.0,0.0,0.0,0.0074744080150767,-0.1468446959648657,0.0,False,False,0.059795264120614,False
re2tt_ts-train-service_cpu_1,cpu,ts-train-service,direct::POST /api/v1/inside_pay_service/inside_payment,POST /api/v1/inside_pay_service/inside_payment (direct),POST /api/v1/inside_pay_service/inside_payment,81,92,14603.0,60656.0,85824.80000000008,20255.0,57615.6,91102.07000000012,0.9498747032445264,0.112538450637301,0.1278127487659818,0.0123456790123456,0.0217391304347826,0.0093934514224369,0.0,0.0,0.0,1.0,0.0347557702630165,0.0347557702630165,False,False,1.0,False
re2tt_ts-train-service_cpu_1,cpu,ts-train-service,direct::POST /api/v1/orderOtherService/orderOther/refresh,POST /api/v1/orderOtherService/orderOther/refresh (direct),POST /api/v1/orderOtherService/orderOther/refresh,69,69,530244.0,591187.6,616364.3999999998,591507.0,663390.8,685710.1199999996,1.1221324669191304,0.0958660875799231,0.0958595615744863,0.0144927536231884,0.2463768115942029,0.2318840579710145,0.0,0.0,0.0,4.118286405245632e-12,0.6937618147448015,0.6937618147448015,False,False,4.118286405245632e-11,True
re2tt_ts-train-service_cpu_1,cpu,ts-train-service,direct::POST /api/v1/orderservice/order/refresh,POST /api/v1/orderservice/order/refresh (direct),POST /api/v1/orderservice/order/refresh,85,101,724748.0,814836.3999999999,859452.5599999999,835712.0,914119.0,941333.0,1.1218435995250091,0.1180959049897603,0.1403161698409148,0.0117647058823529,0.3663366336633663,0.3545719277810134,0.0,0.0,0.0,1.5520632141861297e-23,0.8578916715200933,0.8578916715200933,False,False,2.0176821784419689e-22,True
re2tt_ts-train-service_cpu_1,cpu,ts-train-service,direct::POST /api/v1/preserveotherservice/preserveOther,POST /api/v1/preserveotherservice/preserveOther (direct),POST /api/v1/preserveotherservice/preserveOther,27,33,543851.0,693486.2,763013.8399999999,672280.0,770723.8,826342.6,1.1113758283870685,0.0375128168791003,0.0458458772747543,0.037037037037037,0.0909090909090909,0.0538720538720538,0.0,0.0,0.0,1.7806840851362388e-08,0.8698092031425364,0.8698092031425364,False,False,1.602615676622615e-07,True
re2tt_ts-train-service_cpu_1,cpu,ts-train-service,direct::POST /api/v1/preserveservice/preserve,POST /api/v1/preserveservice/preserve (direct),POST /api/v1/preserveservice/preserve,51,35,533497.0,586859.5,702013.0,666797.0,798762.2,820078.32,1.3610790998526905,0.0708575429938562,0.0486244152914061,0.0196078431372549,0.2857142857142857,0.2661064425770308,0.0,0.0,0.0,3.072271256000984e-13,0.9417366946778712,0.9417366946778712,False,False,3.3794983816010816e-12,True
re2tt_ts-train-service_cpu_1,cpu,ts-train-service,direct::POST /api/v1/travel2service/trips/left,POST /api/v1/travel2service/trips/left (direct),POST /api/v1/travel2service/trips/left,911,905,318391.0,358565.0,376475.79999999993,394876.0,466823.4,542007.5200000001,1.301921269504832,1.2657102287726083,1.2572884525349295,0.0109769484083424,0.5149171270718232,0.5039401786634807,0.0,0.0,0.0,5.633262639079147e-166,0.7448957189901206,0.7448957189901206,False,False,8.449893958618718e-165,True
re2tt_ts-train-service_cpu_1,cpu,ts-train-service,direct::POST /api/v1/travelservice/trips/left,POST /api/v1/travelservice/trips/left (direct),POST /api/v1/travelservice/trips/left,272,237,700926.0,774991.7,888804.9600000017,870566.0,980228.2,1056747.0799999996,1.2648241265035485,0.3779068959672332,0.3292567549732357,0.0110294117647058,0.3248945147679324,0.3138651030032265,0.0,0.0,0.0,1.994186161776419e-18,0.4537416232315712,0.4537416232315712,False,False,2.393023394131703e-17,True
re2tt_ts-train-service_cpu_1,cpu,ts-train-service,direct::POST /api/v1/users/login,POST /api/v1/users/login (direct),POST /api/v1/users/login,992,981,220672.5,700259.8999999999,982849.01,219802.0,606720.0,830302.800000003,0.8664211673408688,1.3782486794099094,1.362872897167697,0.0100806451612903,0.0050968399592252,-0.004983805202065,0.0,0.0,0.0,0.5683908980657437,-0.0278486813981783,0.0,False,False,1.0,False
re2tt_ts-train-service_cpu_1,cpu,ts-train-service,direct::PUT /api/v1/consignservice/consigns,PUT /api/v1/consignservice/consigns (direct),PUT /api/v1/consignservice/consigns,73,78,20627.0,27078.8,41808.48000000002,20583.5,28081.549999999974,32442.880000000016,1.0370308137731352,0.1014235419323824,0.1083629826494193,0.0136986301369863,0.0,-0.0136986301369863,0.0,0.0,0.0,1.0,-0.0035124692658938,0.0,False,False,1.0,False
re2tt_ts-train-service_cpu_2,cpu,ts-train-service,direct::GET /api/v1/adminbasicservice/adminbasic/configs,GET /api/v1/adminbasicservice/adminbasic/configs (direct),GET /api/v1/adminbasicservice/adminbasic/configs,114,114,9907.0,13014.299999999996,25687.72000000004,9887.0,12750.199999999995,16335.920000000002,0.9797069377530871,0.1583333333333333,0.1583337731493698,0.0175438596491228,0.0,-0.0175438596491228,0.0,0.0,0.0,1.0,0.0076946752847029,0.0076946752847029,False,False,1.0,False
re2tt_ts-train-service_cpu_2,cpu,ts-train-service,direct::GET /api/v1/adminbasicservice/adminbasic/prices,GET /api/v1/adminbasicservice/adminbasic/prices (direct),GET /api/v1/adminbasicservice/adminbasic/prices,114,113,10256.5,14476.599999999988,19685.75000000001,10336.0,12717.0,17213.599999999984,0.8784521227360023,0.1583333333333333,0.1569448804024455,0.0175438596491228,0.0,-0.0175438596491228,0.0,0.0,0.0,1.0,0.0409874243129948,0.0409874243129948,False,False,1.0,False
re2tt_ts-train-service_cpu_2,cpu,ts-train-service,direct::GET /api/v1/admintravelservice/admintravel,GET /api/v1/admintravelservice/admintravel (direct),GET /api/v1/admintravelservice/admintravel,115,112,132398.0,158440.6,186062.12,391528.0,540442.2999999992,763379.5200000001,3.4110089206933023,0.1597222222222222,0.1555559876555212,0.017391304347826,1.0,0.982608695652174,0.0,0.0,0.0,4.093118187962677e-38,0.9956521739130436,0.9956521739130436,False,False,5.730365463147748e-37,True
re2tt_ts-train-service_cpu_2,cpu,ts-train-service,direct::GET /api/v1/assuranceservice/assurances/types,GET /api/v1/assuranceservice/assurances/types (direct),GET /api/v1/assuranceservice/assurances/types,74,84,3929.5,4576.55,5235.9699999999975,3822.5,5091.75,13334.14,1.1125738820727404,0.1027777777777777,0.1166669907416409,0.0135135135135135,0.0476190476190476,0.0341055341055341,0.0,0.0,0.0,1.0,-0.0352316602316602,0.0,False,False,1.0,False
re2tt_ts-train-service_cpu_2,cpu,ts-train-service,direct::GET /api/v1/contactservice/contacts/account/{accountId},GET /api/v1/contactservice/contacts/account/{accountId} (direct),GET /api/v1/contactservice/contacts/account/{accountId},74,83,6528.5,7910.45,10773.96999999997,6516.0,8270.699999999999,51997.77999999845,1.0455410248468795,0.1027777777777777,0.1152780979947166,0.0135135135135135,0.0240963855421686,0.0105828720286551,0.0,0.0,0.0,1.0,-0.0009768804949528,0.0,False,False,1.0,False
re2tt_ts-train-service_cpu_2,cpu,ts-train-service,direct::GET /api/v1/foodservice/foods/{date}/{startStation}/{endStation}/{tripId},GET /api/v1/foodservice/foods/{date}/{startStation}/{endStation}/{tripId} (direct),GET /api/v1/foodservice/foods/{date}/{startStation}/{endStation}/{tripId},276,255,42896.5,56153.5,94327.0,42639.0,55314.19999999999,162403.72000000003,0.9850534695076886,0.3833333333333333,0.3541676504656957,0.0108695652173913,0.0196078431372549,0.0087382779198635,0.0,0.0,0.0,0.3169550674730172,-0.0708013640238703,0.0,False,False,1.0,False
re2tt_ts-train-service_cpu_2,cpu,ts-train-service,direct::POST /api/v1/inside_pay_service/inside_payment,POST /api/v1/inside_pay_service/inside_payment (direct),POST /api/v1/inside_pay_service/inside_payment,72,81,13223.5,69865.70000000004,112154.74000000051,13396.0,52077.0,80635.40000000004,0.7453872214835029,0.1,0.112500312500868,0.0138888888888888,0.0,-0.0138888888888888,0.0,0.0,0.0,1.0,-0.017832647462277,0.0,False,False,1.0,False
re2tt_ts-train-service_cpu_2,cpu,ts-train-service,direct::POST /api/v1/orderOtherService/orderOther/refresh,POST /api/v1/orderOtherService/orderOther/refresh (direct),POST /api/v1/orderOtherService/orderOther/refresh,60,78,188914.0,225797.9,243880.53999999995,240334.5,274109.1,295163.62000000005,1.213957702883862,0.0833333333333333,0.1083336342600951,0.0166666666666666,0.3846153846153846,0.367948717948718,0.0,0.0,0.0,2.0175236166971022e-20,0.9290598290598292,0.9290598290598292,False,False,2.4210283400365226e-19,True
re2tt_ts-train-service_cpu_2,cpu,ts-train-service,direct::POST /api/v1/orderservice/order/refresh,POST /api/v1/orderservice/order/refresh (direct),POST /api/v1/orderservice/order/refresh,91,79,252954.0,298135.0,317581.0,349438.0,389885.9,403661.02,1.3077495094504168,0.1263888888888888,0.1097225270070194,0.0109890109890109,0.6962025316455697,0.6852135206565587,0.0,0.0,0.0,9.58078240206148e-27,0.9591041869522884,0.9591041869522884,False,False,1.2455017122679925e-25,True
re2tt_ts-train-service_cpu_2,cpu,ts-train-service,direct::POST /api/v1/preserveotherservice/preserveOther,POST /api/v1/preserveotherservice/preserveOther (direct),POST /api/v1/preserveotherservice/preserveOther,29,26,479370.0,620864.6,709786.5999999999,650801.5,747211.0,880348.0,1.2035007310772752,0.0402777777777777,0.0361112114200317,0.0344827586206896,0.2307692307692307,0.1962864721485411,0.0,0.0,0.0,4.156737141934326e-08,0.8832891246684351,0.8832891246684351,False,False,3.741063427740894e-07,True
re2tt_ts-train-service_cpu_2,cpu,ts-train-service,direct::POST /api/v1/preserveservice/preserve,POST /api/v1/preserveservice/preserve (direct),POST /api/v1/preserveservice/preserve,45,56,457268.0,593998.7999999999,810994.8800000006,596320.5,703552.5,819293.0,1.1844342109782042,0.0625,0.0777779938277606,0.0222222222222222,0.0357142857142857,0.0134920634920634,0.0,0.0,0.0,2.0090096458867817e-12,0.8285714285714285,0.8285714285714285,False,False,2.0090096458867817e-11,True
re2tt_ts-train-service_cpu_2,cpu,ts-train-service,direct::POST /api/v1/travel2service/trips/left,POST /api/v1/travel2service/trips/left (direct),POST /api/v1/travel2service/trips/left,908,894,282448.0,323255.75,424186.05999999936,320505.5,484296.3,613277.8399999996,1.4981830949642814,1.261111111111111,1.2416701157503214,0.0110132158590308,0.1196868008948545,0.1086735850358237,0.0,0.0,0.0,1.6077179060038282e-203,0.8288960175028826,0.8288960175028826,False,False,2.4115768590057424e-202,True
re2tt_ts-train-service_cpu_2,cpu,ts-train-service,direct::POST /api/v1/travelservice/trips/left,POST /api/v1/travelservice/trips/left (direct),POST /api/v1/travelservice/trips/left,281,274,641719.0,811523.0,996324.4,817010.5,1059234.4999999998,1188481.95,1.3052427349563718,0.3902777777777778,0.3805566126572574,0.0106761565836298,0.0656934306569343,0.0550172740733044,0.0,0.0,0.0,1.9259390405830586e-15,0.3940566797412785,0.3940566797412785,False,False,2.1185329446413642e-14,True
re2tt_ts-train-service_cpu_2,cpu,ts-train-service,direct::POST /api/v1/users/login,POST /api/v1/users/login (direct),POST /api/v1/users/login,994,978,226205.5,710304.7999999998,1195415.3099999994,222935.5,785191.4,1306566.9600000002,1.1054288243582195,1.3805555555555555,1.3583371064919625,0.0100603621730382,0.0122699386503067,0.0022095764772685,0.0,0.0,0.0,1.0,-0.0134662782420493,0.0,False,False,1.0,False
re2tt_ts-train-service_cpu_2,cpu,ts-train-service,direct::PUT /api/v1/consignservice/consigns,PUT /api/v1/consignservice/consigns (direct),PUT /api/v1/consignservice/consigns,79,75,23243.0,31250.8,37223.57999999999,22228.0,28524.8,52393.42000000028,0.9127702330820332,0.1097222222222222,0.1041669560193222,0.0126582278481012,0.0266666666666666,0.0140084388185654,0.0,0.0,0.0,0.1145066544161321,-0.1777215189873418,0.0,False,False,0.9160532353290576,False
re2tt_ts-train-service_cpu_3,cpu,ts-train-service,direct::GET /api/v1/adminbasicservice/adminbasic/configs,GET /api/v1/adminbasicservice/adminbasic/configs (direct),GET /api/v1/adminbasicservice/adminbasic/configs,114,119,9607.5,12285.85,25890.45000000004,9904.0,12785.399999999994,16500.579999999987,1.0406605973538658,0.158384808396062,0.1652777777777777,0.0175438596491228,0.0,-0.0175438596491228,0.0,0.0,0.0,0.0940490224747735,0.1506707946336429,0.1506707946336429,False,False,0.6583431573234145,False
re2tt_ts-train-service_cpu_3,cpu,ts-train-service,direct::GET /api/v1/adminbasicservice/adminbasic/prices,GET /api/v1/adminbasicservice/adminbasic/prices (direct),GET /api/v1/adminbasicservice/adminbasic/prices,114,118,10474.0,14621.2,37300.7100000001,10256.0,13892.299999999985,18317.33,0.950147730692418,0.158384808396062,0.1638888888888889,0.0175438596491228,0.0084745762711864,-0.0090692833779363,0.0,0.0,0.0,0.3712090513419677,-0.1006541778174249,0.0,False,False,1.0,False
re2tt_ts-train-service_cpu_3,cpu,ts-train-service,direct::GET /api/v1/admintravelservice/admintravel,GET /api/v1/admintravelservice/admintravel (direct),GET /api/v1/admintravelservice/admintravel,115,118,135481.0,155250.19999999998,165177.72,389061.5,485931.6499999999,573303.5599999999,3.1299904927658706,0.1597741488205889,0.1638888888888889,0.017391304347826,1.0,0.982608695652174,0.0,0.0,0.0,2.031314883495261e-39,1.0,1.0,False,False,2.843840836893365e-38,True
re2tt_ts-train-service_cpu_3,cpu,ts-train-service,direct::GET /api/v1/assuranceservice/assurances/types,GET /api/v1/assuranceservice/assurances/types (direct),GET /api/v1/assuranceservice/assurances/types,81,77,3736.0,4677.0,25689.600000000144,3566.0,4485.200000000001,8497.439999999935,0.9589908060722688,0.1125365743866756,0.1069444444444444,0.0123456790123456,0.0,-0.0123456790123456,0.0,0.0,0.0,0.036869364246417,-0.2174122174122174,0.0,False,False,0.2949549139713366,False
re2tt_ts-train-service_cpu_3,cpu,ts-train-service,direct::GET /api/v1/contactservice/contacts/account/{accountId},GET /api/v1/contactservice/contacts/account/{accountId} (direct),GET /api/v1/contactservice/contacts/account/{accountId},81,77,6110.0,7156.0,7950.800000000007,5833.0,7640.8,7858.48,1.067747344885411,0.1125365743866756,0.1069444444444444,0.0123456790123456,0.0,-0.0123456790123456,0.0,0.0,0.0,0.1509485263218095,-0.164021164021164,0.0,False,False,0.9056911579308572,False
re2tt_ts-train-service_cpu_3,cpu,ts-train-service,direct::GET /api/v1/foodservice/foods/{date}/{startStation}/{endStation}/{tripId},GET /api/v1/foodservice/foods/{date}/{startStation}/{endStation}/{tripId} (direct),GET /api/v1/foodservice/foods/{date}/{startStation}/{endStation}/{tripId},278,243,41176.0,52329.49999999997,90840.0100000002,41791.0,52745.2,101159.4999999999,1.0079438939794958,0.3862366380184671,0.3375,0.0107913669064748,0.0164609053497942,0.0056695384433194,0.0,0.0,0.0,0.1562331884718641,0.0894247564911034,0.0894247564911034,False,False,0.9056911579308572,False
re2tt_ts-train-service_cpu_3,cpu,ts-train-service,direct::POST /api/v1/inside_pay_service/inside_payment,POST /api/v1/inside_pay_service/inside_payment (direct),POST /api/v1/inside_pay_service/inside_payment,87,81,14528.0,50547.2,73990.58000000002,24761.0,69068.0,123058.4000000002,1.366406052165105,0.1208726169338368,0.1125,0.0114942528735632,0.0493827160493827,0.0378884631758194,0.0,0.0,0.0,0.9384560512200502,0.0648502909039308,0.0648502909039308,False,False,1.0,False
re2tt_ts-train-service_cpu_3,cpu,ts-train-service,direct::POST /api/v1/orderOtherService/orderOther/refresh,POST /api/v1/orderOtherService/orderOther/refresh (direct),POST /api/v1/orderOtherService/orderOther/refresh,73,68,298598.0,357577.3999999999,386432.16,340360.0,385772.4,406044.2,1.0788500615531074,0.1014218509904607,0.0944444444444444,0.0136986301369863,0.0441176470588235,0.0304190169218372,0.0,0.0,0.0,1.5526474796557466e-13,0.7300564061240935,0.7300564061240935,False,False,1.5526474796557465e-12,True
re2tt_ts-train-service_cpu_3,cpu,ts-train-service,direct::POST /api/v1/orderservice/order/refresh,POST /api/v1/orderservice/order/refresh (direct),POST /api/v1/orderservice/order/refresh,101,96,430798.0,494594.0,519053.0,535412.0,622947.0,689944.8,1.2595118420360942,0.1403233828772128,0.1333333333333333,0.0099009900990099,0.6875,0.6775990099009901,0.0,0.0,0.0,1.452736666606231e-29,0.9366749174917492,0.9366749174917492,False,False,1.8885576665881003e-28,True
re2tt_ts-train-service_cpu_3,cpu,ts-train-service,direct::POST /api/v1/preserveotherservice/preserveOther,POST /api/v1/preserveotherservice/preserveOther (direct),POST /api/v1/preserveotherservice/preserveOther,28,20,485425.5,579641.6,620344.3200000001,659312.0,747174.15,815834.8299999998,1.289027823399839,0.038901531886752,0.0277777777777777,0.0357142857142857,0.9,0.8642857142857143,0.0,0.0,0.0,1.8892461360169403e-08,0.9821428571428572,0.9821428571428572,False,False,1.7003215224152466e-07,True
re2tt_ts-train-service_cpu_3,cpu,ts-train-service,direct::POST /api/v1/preserveservice/preserve,POST /api/v1/preserveservice/preserve (direct),POST /api/v1/preserveservice/preserve,53,57,471501.0,552870.0,620745.7199999997,594882.0,689607.6,709801.28,1.2473232405447936,0.0736350424999235,0.0791666666666666,0.0188679245283018,0.2982456140350877,0.2793776895067858,0.0,0.0,0.0,4.299331880180641e-16,0.909301555776233,0.909301555776233,False,False,4.729265068198706e-15,True
re2tt_ts-train-service_cpu_3,cpu,ts-train-service,direct::POST /api/v1/travel2service/trips/left,POST /api/v1/travel2service/trips/left (direct),POST /api/v1/travel2service/trips/left,906,897,289419.0,328886.25,382755.4500000005,322641.0,446033.8,521825.4,1.356194732981388,1.2587424246213352,1.2458333333333331,0.0110375275938189,0.2831661092530658,0.2721285816592468,0.0,0.0,0.0,4.180498286988044e-167,0.7501495049724247,0.7501495049724247,False,False,6.270747430482066e-166,True
re2tt_ts-train-service_cpu_3,cpu,ts-train-service,direct::POST /api/v1/travelservice/trips/left,POST /api/v1/travelservice/trips/left (direct),POST /api/v1/travelservice/trips/left,259,266,633472.0,723496.2999999999,789588.94,790383.0,968540.0,1144321.0500000005,1.3386937846123057,0.3598391699524568,0.3694444444444444,0.0115830115830115,0.5037593984962406,0.492176386913229,0.0,0.0,0.0,1.6131732085887362e-17,0.4337968473306819,0.4337968473306819,False,False,1.9358078503064834e-16,True
re2tt_ts-train-service_cpu_3,cpu,ts-train-service,direct::POST /api/v1/users/login,POST /api/v1/users/login (direct),POST /api/v1/users/login,993,995,222878.0,718435.0,1105499.24,221953.0,707908.3999999999,1074328.2999999998,0.9853478741987792,1.3796150415551722,1.3819444444444444,0.0100704934541792,0.0070351758793969,-0.0030353175747822,0.0,0.0,0.0,0.349424360685082,-0.0351586735287717,0.0,False,False,1.0,False
re2tt_ts-train-service_cpu_3,cpu,ts-train-service,direct::PUT /api/v1/consignservice/consigns,PUT /api/v1/consignservice/consigns (direct),PUT /api/v1/consignservice/consigns,87,83,21269.0,32338.400000000005,40426.62000000002,20782.0,29250.8,42046.79999999964,0.9045221779679884,0.1208726169338368,0.1152777777777777,0.0114942528735632,0.0120481927710843,0.0005539398975211,0.0,0.0,0.0,0.7057904879874659,-0.082675529705027,0.0,False,False,1.0,False
re2tt_ts-train-service_delay_1,delay,ts-train-service,direct::GET /api/v1/adminbasicservice/adminbasic/configs,GET /api/v1/adminbasicservice/adminbasic/configs (direct),GET /api/v1/adminbasicservice/adminbasic/configs,115,75,9522.0,13155.199999999995,18063.24,9769.0,12743.1,14230.220000000008,0.968673984432012,0.1597226658962941,0.1041671006962529,0.017391304347826,0.0,-0.017391304347826,0.0,0.0,0.0,0.9539530470143768,0.0612173913043478,0.0612173913043478,False,False,1.0,False
re2tt_ts-train-service_delay_1,delay,ts-train-service,direct::GET /api/v1/adminbasicservice/adminbasic/prices,GET /api/v1/adminbasicservice/adminbasic/prices (direct),GET /api/v1/adminbasicservice/adminbasic/prices,115,75,9916.0,14590.4,17538.78,9855.0,12030.8,14419.040000000015,0.8245695799978068,0.1597226658962941,0.1041671006962529,0.017391304347826,0.0,-0.017391304347826,0.0,0.0,0.0,1.0,-0.017159420289855,0.0,False,False,1.0,False
re2tt_ts-train-service_delay_1,delay,ts-train-service,direct::GET /api/v1/admintravelservice/admintravel,GET /api/v1/admintravelservice/admintravel (direct),GET /api/v1/admintravelservice/admintravel,114,75,157737.0,183081.8,192513.50000000003,6176733.0,6698725.0,6812976.060000001,36.58869969598289,0.1583337731493698,0.1041671006962529,0.0175438596491228,1.0,0.9824561403508772,0.0,0.0,0.0,6.709236563009427e-31,1.0,1.0,False,False,8.722007531912255e-30,True
re2tt_ts-train-service_delay_1,delay,ts-train-service,direct::GET /api/v1/assuranceservice/assurances/types,GET /api/v1/assuranceservice/assurances/types (direct),GET /api/v1/assuranceservice/assurances/types,80,61,3161.5,3938.05,5942.47999999996,3122.0,3936.0,7363.799999999989,0.9994794377928162,0.1111114197539437,0.0847225752329523,0.0125,0.0163934426229508,0.0038934426229508,0.0,0.0,0.0,0.6791139219812388,-0.0942622950819672,0.0,False,False,1.0,False
re2tt_ts-train-service_delay_1,delay,ts-train-service,direct::GET /api/v1/contactservice/contacts/account/{accountId},GET /api/v1/contactservice/contacts/account/{accountId} (direct),GET /api/v1/contactservice/contacts/account/{accountId},80,61,5949.0,7424.349999999999,15371.359999999991,5867.0,7944.0,15884.999999999996,1.0699926592900388,0.1111114197539437,0.0847225752329523,0.0125,0.0163934426229508,0.0038934426229508,0.0,0.0,0.0,1.0,0.0237704918032786,0.0237704918032786,False,False,1.0,False
re2tt_ts-train-service_delay_1,delay,ts-train-service,direct::GET /api/v1/foodservice/foods/{date}/{startStation}/{endStation}/{tripId},GET /api/v1/foodservice/foods/{date}/{startStation}/{endStation}/{tripId} (direct),GET /api/v1/foodservice/foods/{date}/{startStation}/{endStation}/{tripId},252,211,44399.0,52685.05,64158.490000000136,44143.0,53590.5,59141.100000000006,1.017186089792076,0.3500009722249228,0.2930567766254582,0.0119047619047619,0.0047393364928909,-0.0071654254118709,0.0,0.0,0.0,0.3372138110743536,-0.074268411946137,0.0,False,False,1.0,False
re2tt_ts-train-service_delay_1,delay,ts-train-service,direct::POST /api/v1/inside_pay_service/inside_payment,POST /api/v1/inside_pay_service/inside_payment (direct),POST /api/v1/inside_pay_service/inside_payment,87,56,16925.0,64554.0,93351.82,13725.5,64991.0,161979.20000000016,1.006769526288069,0.1208336689824138,0.0777781018532021,0.0114942528735632,0.0357142857142857,0.0242200328407224,0.0,0.0,0.0,1.0,-0.0203201970443349,0.0,False,False,1.0,False
re2tt_ts-train-service_delay_1,delay,ts-train-service,direct::POST /api/v1/orderOtherService/orderOther/refresh,POST /api/v1/orderOtherService/orderOther/refresh (direct),POST /api/v1/orderOtherService/orderOther/refresh,62,44,659327.5,738326.6,770439.37,698461.0,749531.1,830370.98,1.0151755334292438,0.0861113503093064,0.0611113657418017,0.0161290322580645,0.0454545454545454,0.0293255131964809,0.0,0.0,0.0,1.4149272678186936e-05,0.5139296187683284,0.5139296187683284,False,False,0.0001273434541036,True
re2tt_ts-train-service_delay_1,delay,ts-train-service,direct::POST /api/v1/orderservice/order/refresh,POST /api/v1/orderservice/order/refresh (direct),POST /api/v1/orderservice/order/refresh,105,65,926691.0,1010202.0,1044271.52,985586.0,1086196.6,1203632.44,1.0752271327912637,0.1458337384270512,0.0902781539367525,0.019047619047619,0.2,0.1809523809523809,0.0,0.0,0.0,1.2407173920728992e-11,0.6284249084249085,0.6284249084249085,False,False,1.3647891312801888e-10,True
re2tt_ts-train-service_delay_1,delay,ts-train-service,direct::POST /api/v1/preserveotherservice/preserveOther,POST /api/v1/preserveotherservice/preserveOther (direct),POST /api/v1/preserveotherservice/preserveOther,28,26,570879.0,628393.0499999999,710561.52,4194459.0,4518066.5,4696470.25,7.189873439879706,0.0388889969138803,0.036111261574701,0.0357142857142857,1.0,0.9642857142857144,0.0,0.0,0.0,6.233426827190347e-10,1.0,1.0,False,False,6.233426827190347e-09,True
re2tt_ts-train-service_delay_1,delay,ts-train-service,direct::POST /api/v1/preserveservice/preserve,POST /api/v1/preserveservice/preserve (direct),POST /api/v1/preserveservice/preserve,52,35,553987.5,618538.8999999999,639980.9400000001,4171988.0,4209623.4,4328234.72,6.805753688248227,0.0722224228400634,0.0486113136582513,0.0192307692307692,0.9714285714285714,0.952197802197802,0.0,0.0,0.0,2.2993371148351133e-13,0.9428571428571428,0.9428571428571428,False,False,2.7592045378021358e-12,True
re2tt_ts-train-service_delay_1,delay,ts-train-service,direct::POST /api/v1/travel2service/trips/left,POST /api/v1/travel2service/trips/left (direct),POST /api/v1/travel2service/trips/left,886,688,337666.5,381525.0,398904.85,2748083.0,3032776.3,3254584.17,7.949089312626957,1.2305589737749272,0.9555595370536266,0.010158013544018,1.0,0.989841986455982,0.0,0.0,0.0,3.509603721942426e-254,1.0,1.0,False,False,5.264405582913639e-253,True
re2tt_ts-train-service_delay_1,delay,ts-train-service,direct::POST /api/v1/travelservice/trips/left,POST /api/v1/travelservice/trips/left (direct),POST /api/v1/travelservice/trips/left,278,194,462704.5,795776.7,823180.8000000004,7947412.5,8403172.1,8728587.28,10.559711160178477,0.3861121836449545,0.2694455671343075,0.0107913669064748,1.0,0.9892086330935252,0.0,0.0,0.0,4.563413127266105e-76,1.0,1.0,False,False,6.388778378172549e-75,True
re2tt_ts-train-service_delay_1,delay,ts-train-service,direct::POST /api/v1/users/login,POST /api/v1/users/login (direct),POST /api/v1/users/login,972,737,220706.5,718639.2,1105744.42,213982.0,504153.6,632157.2,0.7015392425016614,1.3500037500104165,1.0236153761751785,0.0102880658436214,0.0,-0.0102880658436214,0.0,0.0,0.0,2.855356585538326e-05,-0.1224112322785623,0.0,False,False,0.000228428526843,False
re2tt_ts-train-service_delay_1,delay,ts-train-service,direct::PUT /api/v1/consignservice/consigns,PUT /api/v1/consignservice/consigns (direct),PUT /api/v1/consignservice/consigns,81,53,20326.0,24850.0,27595.200000000008,20724.0,26447.4,61178.11999999978,1.064281690140845,0.112500312500868,0.073611417825352,0.0123456790123456,0.0188679245283018,0.0065222455159562,0.0,0.0,0.0,1.0,0.068017703237829,0.068017703237829,False,False,1.0,False
re2tt_ts-train-service_delay_2,delay,ts-train-service,direct::GET /api/v1/adminbasicservice/adminbasic/configs,GET /api/v1/adminbasicservice/adminbasic/configs (direct),GET /api/v1/adminbasicservice/adminbasic/configs,115,79,10868.0,13196.0,18781.28,10342.0,12241.8,15131.29999999999,0.9276902091542892,0.1597242187749569,0.109732738276307,0.017391304347826,0.0126582278481012,-0.0047330764997248,0.0,0.0,0.0,0.0004060009220562,-0.3143643368189323,0.0,False,False,0.0024360055323372,False
re2tt_ts-train-service_delay_2,delay,ts-train-service,direct::GET /api/v1/adminbasicservice/adminbasic/prices,GET /api/v1/adminbasicservice/adminbasic/prices (direct),GET /api/v1/adminbasicservice/adminbasic/prices,115,80,11643.0,17557.899999999998,23039.18,11062.5,14596.45,18491.409999999996,0.8313323347325136,0.1597242187749569,0.1111217602798045,0.017391304347826,0.0,-0.017391304347826,0.0,0.0,0.0,0.0019198246019833,-0.2783695652173913,0.0,False,False,0.0076792984079332,False
re2tt_ts-train-service_delay_2,delay,ts-train-service,direct::GET /api/v1/admintravelservice/admintravel,GET /api/v1/admintravelservice/admintravel (direct),GET /api/v1/admintravelservice/admintravel,115,80,146237.0,167176.69999999998,183307.66,6174043.0,6742798.05,6814563.34,40.333360151265104,0.1597242187749569,0.1111217602798045,0.017391304347826,1.0,0.982608695652174,0.0,0.0,0.0,3.5845045491959036e-32,1.0,1.0,False,False,4.659855913954675e-31,True
re2tt_ts-train-service_delay_2,delay,ts-train-service,direct::GET /api/v1/assuranceservice/assurances/types,GET /api/v1/assuranceservice/assurances/types (direct),GET /api/v1/assuranceservice/assurances/types,71,58,4311.0,5250.5,8659.199999999977,4051.0,5109.4,13543.43,0.973126368917246,0.0986123437654081,0.0805632762028583,0.0140845070422535,0.0344827586206896,0.0203982515784361,0.0,0.0,0.0,0.0019664743982789,-0.3382710053423992,0.0,False,False,0.0076792984079332,False
re2tt_ts-train-service_delay_2,delay,ts-train-service,direct::GET /api/v1/contactservice/contacts/account/{accountId},GET /api/v1/contactservice/contacts/account/{accountId} (direct),GET /api/v1/contactservice/contacts/account/{accountId},71,58,7526.0,10451.0,16302.1,7052.5,8775.199999999999,9164.24,0.839651707970529,0.0986123437654081,0.0805632762028583,0.0140845070422535,0.0,-0.0140845070422535,0.0,0.0,0.0,0.0001301616570818,-0.4099077221952404,0.0,False,False,0.0009111315995728,False
re2tt_ts-train-service_delay_2,delay,ts-train-service,direct::GET /api/v1/foodservice/foods/{date}/{startStation}/{endStation}/{tripId},GET /api/v1/foodservice/foods/{date}/{startStation}/{endStation}/{tripId} (direct),GET /api/v1/foodservice/foods/{date}/{startStation}/{endStation}/{tripId},265,179,44291.0,62431.7999999999,111769.08000000012,43501.0,61212.0,80507.67999999998,0.9804618800034614,0.3680601563075094,0.2486349386260627,0.0113207547169811,0.0,-0.0113207547169811,0.0,0.0,0.0,0.0010459797473266,-0.1939917782228312,0.0,False,False,0.005229898736633,False
re2tt_ts-train-service_delay_2,delay,ts-train-service,direct::POST /api/v1/inside_pay_service/inside_payment,POST /api/v1/inside_pay_service/inside_payment (direct),POST /api/v1/inside_pay_service/inside_payment,81,48,15386.0,94413.0,108056.00000000004,45254.0,92087.0,106659.39000000004,0.9753635622213044,0.1125014062675783,0.0666730561678827,0.0123456790123456,0.0208333333333333,0.0084876543209876,0.0,0.0,0.0,1.0,0.026491769547325,0.026491769547325,False,False,1.0,False
re2tt_ts-train-service_delay_2,delay,ts-train-service,direct::POST /api/v1/orderOtherService/orderOther/refresh,POST /api/v1/orderOtherService/orderOther/refresh (direct),POST /api/v1/orderOtherService/orderOther/refresh,78,44,139945.0,177537.35,183466.7,172996.0,211552.55,226975.93,1.1915946137531062,0.1083346875169272,0.0611169681538925,0.0128205128205128,0.2272727272727272,0.2144522144522144,0.0,0.0,0.0,3.8168697904875333e-13,0.8041958041958042,0.8041958041958042,False,False,3.816869790487533e-12,True
re2tt_ts-train-service_delay_2,delay,ts-train-service,direct::POST /api/v1/orderservice/order/refresh,POST /api/v1/orderservice/order/refresh (direct),POST /api/v1/orderservice/order/refresh,78,77,227956.5,287311.4999999999,343471.46000000014,281711.0,314633.60000000003,329719.99999999994,1.095095741033687,0.1083346875169272,0.1069546942693119,0.0128205128205128,0.0,-0.0128205128205128,0.0,0.0,0.0,2.6030529759945053e-18,0.8195138195138194,0.8195138195138194,False,False,3.1236635711934067e-17,True
re2tt_ts-train-service_delay_2,delay,ts-train-service,direct::POST /api/v1/preserveotherservice/preserveOther,POST /api/v1/preserveotherservice/preserveOther (direct),POST /api/v1/preserveotherservice/preserveOther,28,24,477638.0,663250.3999999999,705128.95,4097342.5,4395419.0,4468560.14,6.627088351548677,0.0388893750060764,0.0333365280839413,0.0357142857142857,1.0,0.9642857142857144,0.0,0.0,0.0,1.470634288632906e-09,1.0,1.0,False,False,1.3235708597696156e-08,True
re2tt_ts-train-service_delay_2,delay,ts-train-service,direct::POST /api/v1/preserveservice/preserve,POST /api/v1/preserveservice/preserve (direct),POST /api/v1/preserveservice/preserve,43,34,460714.0,683871.9,836757.1399999997,4091583.5,4494356.0,4547948.69,6.571926701477279,0.0597229687593317,0.0472267481189169,0.0232558139534883,1.0,0.9767441860465116,0.0,0.0,0.0,1.3403095608009277e-13,1.0,1.0,False,False,1.4743405168810202e-12,True
re2tt_ts-train-service_delay_2,delay,ts-train-service,direct::POST /api/v1/travel2service/trips/left,POST /api/v1/travel2service/trips/left (direct),POST /api/v1/travel2service/trips/left,923,679,280619.0,328057.6,423737.8,2693798.0,3076222.7,3260070.460000003,9.377081036988628,1.2819604689503064,0.9431459403748416,0.0108342361863488,1.0,0.9891657638136512,0.0,0.0,0.0,9.502174598385579e-257,1.0,1.0,False,False,1.4253261897578368e-255,True
re2tt_ts-train-service_delay_2,delay,ts-train-service,direct::POST /api/v1/travelservice/trips/left,POST /api/v1/travelservice/trips/left (direct),POST /api/v1/travelservice/trips/left,267,200,639127.0,756592.4999999999,937105.32,7845165.0,8288087.899999999,8448600.569999998,10.954493865588148,0.3708379688079434,0.2778044006995114,0.0112359550561797,1.0,0.9887640449438202,0.0,0.0,0.0,4.037599104348625e-76,1.0,1.0,False,False,5.652638746088074e-75,True
re2tt_ts-train-service_delay_2,delay,ts-train-service,direct::POST /api/v1/users/login,POST /api/v1/users/login (direct),POST /api/v1/users/login,1008,735,222703.0,727896.15,1300243.56,214911.0,602148.9999999999,808325.96,0.8272457547687261,1.4000175002187527,1.0209311725707046,0.0109126984126984,0.0,-0.0109126984126984,0.0,0.0,0.0,2.94150932973967e-07,-0.1472357196846992,0.0,False,False,2.353207463791736e-06,False
re2tt_ts-train-service_delay_2,delay,ts-train-service,direct::PUT /api/v1/consignservice/consigns,PUT /api/v1/consignservice/consigns (direct),PUT /api/v1/consignservice/consigns,75,73,24465.0,36977.5,65568.7000000003,23664.0,31948.799999999992,113660.08000000006,0.8640064904333714,0.1041679687662762,0.1013986062553216,0.0133333333333333,0.0273972602739726,0.0140639269406392,0.0,0.0,0.0,0.0333987377534126,-0.2281278538812785,0.0,False,False,0.0667974755068252,False
re2tt_ts-train-service_delay_3,delay,ts-train-service,direct::GET /api/v1/adminbasicservice/adminbasic/configs,GET /api/v1/adminbasicservice/adminbasic/configs (direct),GET /api/v1/adminbasicservice/adminbasic/configs,117,80,10118.0,12713.39999999999,17019.360000000004,9929.0,12958.149999999994,19244.11,1.0192513411046615,0.1625,0.1111111111111111,0.017094017094017,0.0375,0.0204059829059829,0.0,0.0,0.0,0.3749341786670868,-0.1107905982905983,0.0,False,False,1.0,False
re2tt_ts-train-service_delay_3,delay,ts-train-service,direct::GET /api/v1/adminbasicservice/adminbasic/prices,GET /api/v1/adminbasicservice/adminbasic/prices (direct),GET /api/v1/adminbasicservice/adminbasic/prices,117,79,10502.0,16932.0,18846.16,10429.0,12916.399999999998,17148.199999999997,0.7628395936687927,0.1625,0.1097222222222222,0.017094017094017,0.0,-0.017094017094017,0.0,0.0,0.0,1.0,-0.0563669804176133,0.0,False,False,1.0,False
re2tt_ts-train-service_delay_3,delay,ts-train-service,direct::GET /api/v1/admintravelservice/admintravel,GET /api/v1/admintravelservice/admintravel (direct),GET /api/v1/admintravelservice/admintravel,118,78,147120.5,169495.25,263789.56,6161070.0,6522580.55,6613873.7700000005,38.482379594708405,0.1638888888888889,0.1083333333333333,0.0169491525423728,1.0,0.9830508474576272,0.0,0.0,0.0,4.98175725644054e-32,1.0,1.0,False,False,6.476284433372703e-31,True
re2tt_ts-train-service_delay_3,delay,ts-train-service,direct::GET /api/v1/assuranceservice/assurances/types,GET /api/v1/assuranceservice/assurances/types (direct),GET /api/v1/assuranceservice/assurances/types,93,56,3873.0,4649.999999999999,5630.959999999995,3651.0,4653.25,9239.35000000002,1.000698924731183,0.1291666666666666,0.0777777777777777,0.010752688172043,0.0357142857142857,0.0249615975422427,0.0,0.0,0.0,0.0474618577173471,-0.2217741935483871,0.0,False,False,0.3322330040214302,False
re2tt_ts-train-service_delay_3,delay,ts-train-service,direct::GET /api/v1/contactservice/contacts/account/{accountId},GET /api/v1/contactservice/contacts/account/{accountId} (direct),GET /api/v1/contactservice/contacts/account/{accountId},93,56,6929.0,8323.599999999999,9195.079999999998,6791.0,7690.0,8158.900000000001,0.9238790907780288,0.1291666666666666,0.0777777777777777,0.010752688172043,0.0,-0.010752688172043,0.0,0.0,0.0,0.1685264508656104,-0.1693548387096773,0.0,False,False,0.6741058034624418,False
re2tt_ts-train-service_delay_3,delay,ts-train-service,direct::GET /api/v1/foodservice/foods/{date}/{startStation}/{endStation}/{tripId},GET /api/v1/foodservice/foods/{date}/{startStation}/{endStation}/{tripId} (direct),GET /api/v1/foodservice/foods/{date}/{startStation}/{endStation}/{tripId},270,192,41701.5,53240.8,92657.76,40606.5,49477.45,86727.75000000003,0.9293145482411984,0.375,0.2666666666666666,0.0111111111111111,0.0104166666666666,-0.0006944444444444,0.0,0.0,0.0,0.0002699873928468,-0.2082947530864197,0.0,False,False,0.0021598991427751,False
re2tt_ts-train-service_delay_3,delay,ts-train-service,direct::POST /api/v1/inside_pay_service/inside_payment,POST /api/v1/inside_pay_service/inside_payment (direct),POST /api/v1/inside_pay_service/inside_payment,70,76,42448.0,56610.55,102361.12,20005.5,59852.25,115650.25,1.0572631779765431,0.0972222222222222,0.1055555555555555,0.0142857142857142,0.0263157894736842,0.0120300751879699,0.0,0.0,0.0,1.0,-0.0620300751879698,0.0,False,False,1.0,False
re2tt_ts-train-service_delay_3,delay,ts-train-service,direct::POST /api/v1/orderOtherService/orderOther/refresh,POST /api/v1/orderOtherService/orderOther/refresh (direct),POST /api/v1/orderOtherService/orderOther/refresh,54,53,226709.0,283815.65,291361.51,262796.0,291177.6,299597.16,1.025939196799049,0.075,0.0736111111111111,0.0185185185185185,0.0377358490566037,0.0192173305380852,0.0,0.0,0.0,3.4440107971342653e-09,0.6757512229210343,0.6757512229210343,False,False,3.4440107971342656e-08,True
re2tt_ts-train-service_delay_3,delay,ts-train-service,direct::POST /api/v1/orderservice/order/refresh,POST /api/v1/orderservice/order/refresh (direct),POST /api/v1/orderservice/order/refresh,103,80,396746.0,471159.7,498235.48,457352.0,512316.75,546160.2199999999,1.0873526534633586,0.1430555555555555,0.1111111111111111,0.0194174757281553,0.1125,0.0930825242718446,0.0,0.0,0.0,6.722237795810244e-19,0.7728155339805824,0.7728155339805824,False,False,8.066685354972294e-18,True
re2tt_ts-train-service_delay_3,delay,ts-train-service,direct::POST /api/v1/preserveotherservice/preserveOther,POST /api/v1/preserveotherservice/preserveOther (direct),POST /api/v1/preserveotherservice/preserveOther,31,17,481215.0,526360.0,544893.4,4091539.0,4349144.0,4387905.6,8.262679534919068,0.0430555555555555,0.0236111111111111,0.032258064516129,1.0,0.967741935483871,0.0,0.0,0.0,2.8646758316425715e-08,1.0,1.0,False,False,2.578208248478314e-07,True
re2tt_ts-train-service_delay_3,delay,ts-train-service,direct::POST /api/v1/preserveservice/preserve,POST /api/v1/preserveservice/preserve (direct),POST /api/v1/preserveservice/preserve,62,39,467230.0,521404.6,588408.98,4097303.0,4374224.7,4598558.56,8.389309760596666,0.0861111111111111,0.0541666666666666,0.0161290322580645,1.0,0.9838709677419356,0.0,0.0,0.0,6.934586481188522e-17,1.0,1.0,False,False,7.628045129307374e-16,True
re2tt_ts-train-service_delay_3,delay,ts-train-service,direct::POST /api/v1/travel2service/trips/left,POST /api/v1/travel2service/trips/left (direct),POST /api/v1/travel2service/trips/left,916,671,283270.0,321484.0,359095.20000000024,2690319.0,2991473.0,3113021.4,9.305200258799816,1.272222222222222,0.9319444444444444,0.0109170305676855,0.9985096870342772,0.9875926564665916,0.0,0.0,0.0,3.078999114800044e-253,0.9980996882707812,0.9980996882707812,False,False,4.618498672200066e-252,True
re2tt_ts-train-service_delay_3,delay,ts-train-service,direct::POST /api/v1/travelservice/trips/left,POST /api/v1/travelservice/trips/left (direct),POST /api/v1/travelservice/trips/left,286,197,631464.0,707405.5,799791.6999999997,7832225.0,8254725.2,8576703.239999998,11.669014730589456,0.3972222222222222,0.2736111111111111,0.0104895104895104,1.0,0.9895104895104896,0.0,0.0,0.0,1.2564289503136602e-77,1.0,1.0,False,False,1.7590005304391244e-76,True
re2tt_ts-train-service_delay_3,delay,ts-train-service,direct::POST /api/v1/users/login,POST /api/v1/users/login (direct),POST /api/v1/users/login,1002,731,217743.5,613341.4499999998,868919.1100000002,214459.0,582501.0,905302.2,0.9497173230343394,1.3916666666666666,1.0152777777777775,0.0109780439121756,0.0136798905608755,0.0027018466486998,0.0,0.0,0.0,0.0705575130420938,-0.0591375388757369,0.0,False,False,0.4233450782525628,False
re2tt_ts-train-service_delay_3,delay,ts-train-service,direct::PUT /api/v1/consignservice/consigns,PUT /api/v1/consignservice/consigns (direct),PUT /api/v1/consignservice/consigns,87,57,22265.0,28194.800000000003,30971.44,21044.0,25880.19999999999,30285.519999999997,0.9179068480712752,0.1208333333333333,0.0791666666666666,0.0114942528735632,0.0175438596491228,0.0060496067755595,0.0,0.0,0.0,0.1221224737585416,-0.1851179673321233,0.0,False,False,0.610612368792708,False
re2tt_ts-train-service_disk_1,disk,ts-train-service,direct::GET /api/v1/adminbasicservice/adminbasic/configs,GET /api/v1/adminbasicservice/adminbasic/configs (direct),GET /api/v1/adminbasicservice/adminbasic/configs,121,114,9884.0,11960.0,25100.199999999983,9753.0,14433.849999999991,22463.680000000026,1.2068436454849492,0.1680641921876541,0.1583335532410461,0.0165289256198347,0.0087719298245614,-0.0077569957952733,0.0,0.0,0.0,1.0,-0.038422502537335,0.0,False,False,1.0,False
re2tt_ts-train-service_disk_1,disk,ts-train-service,direct::GET /api/v1/adminbasicservice/adminbasic/prices,GET /api/v1/adminbasicservice/adminbasic/prices (direct),GET /api/v1/adminbasicservice/adminbasic/prices,121,114,10501.0,12862.0,18001.199999999997,10339.0,16116.799999999992,23835.670000000016,1.253055512361996,0.1680641921876541,0.1583335532410461,0.0165289256198347,0.043859649122807,0.0273307235029723,0.0,0.0,0.0,0.3724115085817756,-0.0998985065970712,0.0,False,False,1.0,False
re2tt_ts-train-service_disk_1,disk,ts-train-service,direct::GET /api/v1/admintravelservice/admintravel,GET /api/v1/admintravelservice/admintravel (direct),GET /api/v1/admintravelservice/admintravel,119,115,128399.0,143530.6,157996.59999999998,219006.0,742709.4,851786.72,5.17457183346269,0.1652862716556267,0.15972244405895,0.0168067226890756,0.6260869565217392,0.6092802338326635,0.0,0.0,0.0,1.5442169160054004e-22,0.7443916697113628,0.7443916697113628,False,False,2.007481990807021e-21,True
re2tt_ts-train-service_disk_1,disk,ts-train-service,direct::GET /api/v1/assuranceservice/assurances/types,GET /api/v1/assuranceservice/assurances/types (direct),GET /api/v1/assuranceservice/assurances/types,87,77,3934.0,5402.700000000001,7041.100000000004,3759.0,4589.6,7481.99999999996,0.8495011753382568,0.1208395431431893,0.1069445929786013,0.0114942528735632,0.0129870129870129,0.0014927601134497,0.0,0.0,0.0,0.0003831772749591,-0.3381101656963726,0.0,False,False,0.0038317727495911,False
re2tt_ts-train-service_disk_1,disk,ts-train-service,direct::GET /api/v1/contactservice/contacts/account/{accountId},GET /api/v1/contactservice/contacts/account/{accountId} (direct),GET /api/v1/contactservice/contacts/account/{accountId},87,77,6929.0,8325.0,9899.180000000004,6574.0,7955.0,12346.639999999934,0.9555555555555556,0.1208395431431893,0.1069445929786013,0.0114942528735632,0.0129870129870129,0.0014927601134497,0.0,0.0,0.0,0.0016397810078838,-0.303328855052993,0.0,False,False,0.0131182480630709,False
re2tt_ts-train-service_disk_1,disk,ts-train-service,direct::GET /api/v1/foodservice/foods/{date}/{startStation}/{endStation}/{tripId},GET /api/v1/foodservice/foods/{date}/{startStation}/{endStation}/{tripId} (direct),GET /api/v1/foodservice/foods/{date}/{startStation}/{endStation}/{tripId},257,253,42878.0,55898.19999999999,95811.63999999998,42398.0,69723.59999999993,117665.76,1.2473317566576374,0.3569627883655132,0.3513893769296902,0.0116731517509727,0.0316205533596837,0.019947401608711,0.0,0.0,0.0,0.1622072883674327,-0.0892942280186401,0.0,False,False,0.8110364418371635,False
re2tt_ts-train-service_disk_1,disk,ts-train-service,direct::POST /api/v1/inside_pay_service/inside_payment,POST /api/v1/inside_pay_service/inside_payment (direct),POST /api/v1/inside_pay_service/inside_payment,67,81,43336.0,104873.59999999996,192075.76000000004,40414.0,97564.0,133843.80000000008,0.9303008574131147,0.0930603378229159,0.112500156250217,0.0149253731343283,0.0,-0.0149253731343283,0.0,0.0,0.0,0.2064087463571417,-0.156071494379952,0.0,False,False,0.825634985428567,False
re2tt_ts-train-service_disk_1,disk,ts-train-service,direct::POST /api/v1/orderOtherService/orderOther/refresh,POST /api/v1/orderOtherService/orderOther/refresh (direct),POST /api/v1/orderOtherService/orderOther/refresh,74,58,170233.0,201685.5,220464.0699999999,222848.0,260525.0,270901.97,1.2917388706674502,0.1027830596850116,0.080555667438427,0.0135135135135135,0.5172413793103449,0.5037278657968314,0.0,0.0,0.0,8.157866958832926e-20,0.933830382106244,0.933830382106244,False,False,9.78944035059951e-19,True
re2tt_ts-train-service_disk_1,disk,ts-train-service,direct::POST /api/v1/orderservice/order/refresh,POST /api/v1/orderservice/order/refresh (direct),POST /api/v1/orderservice/order/refresh,79,104,205712.0,265956.2,308823.72,282431.5,332903.19999999995,395476.54999999993,1.2517219000722672,0.1097278610150799,0.144444645062007,0.0126582278481012,0.1634615384615384,0.1508033106134371,0.0,0.0,0.0,1.5944997173705928e-25,0.9079844206426484,0.9079844206426484,False,False,2.23229960431883e-24,True
re2tt_ts-train-service_disk_1,disk,ts-train-service,direct::POST /api/v1/preserveotherservice/preserveOther,POST /api/v1/preserveotherservice/preserveOther (direct),POST /api/v1/preserveotherservice/preserveOther,40,26,473903.0,605507.0,623905.88,495507.5,754511.0,784371.75,1.2460813830393374,0.0555584106405468,0.0361111612655017,0.025,0.2307692307692307,0.2057692307692308,0.0,0.0,0.0,0.0320725000366635,0.3538461538461539,0.3538461538461539,False,False,0.2245075002566446,False
re2tt_ts-train-service_disk_1,disk,ts-train-service,direct::POST /api/v1/preserveservice/preserve,POST /api/v1/preserveservice/preserve (direct),POST /api/v1/preserveservice/preserve,47,51,452928.0,764194.1999999996,914511.88,559471.0,753556.5,875600.5,0.986079847243018,0.0652811325026425,0.0708334317130996,0.0212765957446808,0.0196078431372549,-0.0016687526074259,0.0,0.0,0.0,0.0005285525988685,0.4284522319566124,0.4284522319566124,False,False,0.0047569733898165,True
re2tt_ts-train-service_disk_1,disk,ts-train-service,direct::POST /api/v1/travel2service/trips/left,POST /api/v1/travel2service/trips/left (direct),POST /api/v1/travel2service/trips/left,932,906,269669.0,310167.4,392841.5,294297.5,480261.25,565138.5000000001,1.548393706108379,1.2945109679247406,1.2583350810209455,0.0107296137339055,0.1677704194260485,0.157040805692143,0.0,0.0,0.0,5.204672061535484e-81,0.514584458403206,0.514584458403206,False,False,7.807008092303225e-80,True
re2tt_ts-train-service_disk_1,disk,ts-train-service,direct::POST /api/v1/travelservice/trips/left,POST /api/v1/travelservice/trips/left (direct),POST /api/v1/travelservice/trips/left,258,269,601373.0,757159.8499999999,1063864.5200000012,626519.0,1137278.8,1265589.48,1.5020326289092063,0.3583517486315269,0.3736116300161528,0.0116279069767441,0.0855018587360594,0.0738739517593153,0.0,0.0,0.0,1.8619887318096158e-09,0.3082476009336907,0.3082476009336907,False,False,2.0481876049905773e-08,True
re2tt_ts-train-service_disk_1,disk,ts-train-service,direct::POST /api/v1/users/login,POST /api/v1/users/login (direct),POST /api/v1/users/login,1010,995,221885.0,658417.3499999992,1075235.939999998,222778.0,736844.2,1120487.3599999973,1.119114191021851,1.402849868673807,1.381946363814394,0.0108910891089108,0.0150753768844221,0.0041842877755112,0.0,0.0,0.0,0.4874050804002778,0.0300721428926811,0.0300721428926811,False,False,1.0,False
re2tt_ts-train-service_disk_1,disk,ts-train-service,direct::PUT /api/v1/consignservice/consigns,PUT /api/v1/consignservice/consigns (direct),PUT /api/v1/consignservice/consigns,86,80,22472.0,32685.75,67812.35000000008,22012.5,26725.14999999998,47842.81999999962,0.8176391852718686,0.1194505828771756,0.1111112654323131,0.0116279069767441,0.0125,0.0008720930232558,0.0,0.0,0.0,0.0663881422295603,-0.1917151162790697,0.0,False,False,0.3983288533773622,False
re2tt_ts-train-service_disk_2,disk,ts-train-service,direct::GET /api/v1/adminbasicservice/adminbasic/configs,GET /api/v1/adminbasicservice/adminbasic/configs (direct),GET /api/v1/adminbasicservice/adminbasic/configs,114,110,9947.0,12632.299999999996,19336.270000000008,10189.0,14577.049999999996,17785.929999999993,1.153950586987326,0.1583335532410461,0.1527777777777778,0.0175438596491228,0.0,-0.0175438596491228,0.0,0.0,0.0,0.1638772145272759,0.1346092503987241,0.1346092503987241,False,False,0.8193860726363799,False
re2tt_ts-train-service_disk_2,disk,ts-train-service,direct::GET /api/v1/adminbasicservice/adminbasic/prices,GET /api/v1/adminbasicservice/adminbasic/prices (direct),GET /api/v1/adminbasicservice/adminbasic/prices,114,111,10169.5,12964.399999999996,17140.620000000003,10737.0,14256.0,34690.000000000095,1.0996266699577308,0.1583335532410461,0.1541666666666666,0.0175438596491228,0.045045045045045,0.0275011853959222,0.0,0.0,0.0,0.0001354064395983,0.3074917022285444,0.3074917022285444,False,False,0.0009478450771883,True
re2tt_ts-train-service_disk_2,disk,ts-train-service,direct::GET /api/v1/admintravelservice/admintravel,GET /api/v1/admintravelservice/admintravel (direct),GET /api/v1/admintravelservice/admintravel,114,112,134608.5,153771.69999999998,156435.8,462611.5,896192.6499999999,995003.76,5.828072720793228,0.1583335532410461,0.1555555555555555,0.0175438596491228,0.7946428571428571,0.7770989974937343,0.0,0.0,0.0,1.2449916637345386e-30,0.8903508771929824,0.8903508771929824,False,False,1.7429883292283538e-29,True
re2tt_ts-train-service_disk_2,disk,ts-train-service,direct::GET /api/v1/assuranceservice/assurances/types,GET /api/v1/assuranceservice/assurances/types (direct),GET /api/v1/assuranceservice/assurances/types,75,85,3540.0,4498.9,8483.720000000034,3626.0,4495.4,6571.4399999999705,0.9992220320522794,0.1041668113427935,0.1180555555555555,0.0133333333333333,0.0117647058823529,-0.0015686274509803,0.0,0.0,0.0,1.0,0.0233725490196079,0.0233725490196079,False,False,1.0,False
re2tt_ts-train-service_disk_2,disk,ts-train-service,direct::GET /api/v1/contactservice/contacts/account/{accountId},GET /api/v1/contactservice/contacts/account/{accountId} (direct),GET /api/v1/contactservice/contacts/account/{accountId},75,85,6340.0,7536.0,10319.54000000005,6298.0,7641.2,16529.6,1.0139596602972398,0.1041668113427935,0.1180555555555555,0.0133333333333333,0.0235294117647058,0.0101960784313725,0.0,0.0,0.0,0.1665882248481777,-0.1590588235294118,0.0,False,False,0.8193860726363799,False
re2tt_ts-train-service_disk_2,disk,ts-train-service,direct::GET /api/v1/foodservice/foods/{date}/{startStation}/{endStation}/{tripId},GET /api/v1/foodservice/foods/{date}/{startStation}/{endStation}/{tripId} (direct),GET /api/v1/foodservice/foods/{date}/{startStation}/{endStation}/{tripId},256,269,42295.5,51434.0,89213.29999999967,43157.0,55795.99999999999,103143.55999999994,1.0848077147412216,0.3555560493834019,0.3736111111111111,0.01171875,0.0148698884758364,0.0031511384758364,0.0,0.0,0.0,0.0173784620306958,0.1324204228624534,0.1324204228624534,False,False,0.104270772184175,False
re2tt_ts-train-service_disk_2,disk,ts-train-service,direct::POST /api/v1/inside_pay_service/inside_payment,POST /api/v1/inside_pay_service/inside_payment (direct),POST /api/v1/inside_pay_service/inside_payment,92,67,14929.0,49941.4,57739.790000000125,40847.0,56797.59999999999,71867.0600000001,1.137284897900339,0.12777795524716,0.0930555555555555,0.0108695652173913,0.044776119402985,0.0339065541855937,0.0,0.0,0.0,0.2858198309842957,0.1364373783257624,0.1364373783257624,False,False,0.8574594929528871,False
re2tt_ts-train-service_disk_2,disk,ts-train-service,direct::POST /api/v1/orderOtherService/orderOther/refresh,POST /api/v1/orderOtherService/orderOther/refresh (direct),POST /api/v1/orderOtherService/orderOther/refresh,65,51,265417.0,305173.2,317364.52,322081.0,365417.5,385264.5,1.1974101919827822,0.0902779031637543,0.0708333333333333,0.0153846153846153,0.5490196078431373,0.533634992458522,0.0,0.0,0.0,2.912366917400426e-16,0.8962292609351432,0.8962292609351432,False,False,3.4948403008805117e-15,True
re2tt_ts-train-service_disk_2,disk,ts-train-service,direct::POST /api/v1/orderservice/order/refresh,POST /api/v1/orderservice/order/refresh (direct),POST /api/v1/orderservice/order/refresh,107,89,344005.0,404103.3,418095.58,431246.0,514582.6,551231.5600000002,1.2733937089848066,0.1486113175157187,0.1236111111111111,0.0186915887850467,0.6741573033707865,0.6554657145857398,0.0,0.0,0.0,2.879071613449421e-28,0.9208232699779482,0.9208232699779482,False,False,3.742793097484248e-27,True
re2tt_ts-train-service_disk_2,disk,ts-train-service,direct::POST /api/v1/preserveotherservice/preserveOther,POST /api/v1/preserveotherservice/preserveOther (direct),POST /api/v1/preserveotherservice/preserveOther,32,34,475018.5,504373.85,513769.49,594668.0,860419.2999999999,919055.48,1.7059157607001234,0.0444445061729252,0.0472222222222222,0.03125,0.8529411764705882,0.8216911764705882,0.0,0.0,0.0,1.0566425912673629e-10,0.9411764705882352,0.9411764705882352,False,False,1.056642591267363e-09,True
re2tt_ts-train-service_disk_2,disk,ts-train-service,direct::POST /api/v1/preserveservice/preserve,POST /api/v1/preserveservice/preserve (direct),POST /api/v1/preserveservice/preserve,43,51,472041.0,517843.8,549025.88,568097.0,852227.5,904326.0,1.6457230925618884,0.0597223051698682,0.0708333333333333,0.0232558139534883,0.5294117647058824,0.506155950752394,0.0,0.0,0.0,4.4552026775777877e-10,0.7628818969448243,0.7628818969448243,False,False,4.009682409820009e-09,True
re2tt_ts-train-service_disk_2,disk,ts-train-service,direct::POST /api/v1/travel2service/trips/left,POST /api/v1/travel2service/trips/left (direct),POST /api/v1/travel2service/trips/left,913,907,276421.0,313853.6,333305.84,318813.0,510388.5,541462.9599999995,1.6261992852718592,1.2680573167462732,1.2597222222222222,0.0109529025191675,0.434399117971334,0.4234462154521665,0.0,0.0,0.0,3.7657167083321034e-144,0.6928779566496919,0.6928779566496919,False,False,5.6485750624981545e-143,True
re2tt_ts-train-service_disk_2,disk,ts-train-service,direct::POST /api/v1/travelservice/trips/left,POST /api/v1/travelservice/trips/left (direct),POST /api/v1/travelservice/trips/left,253,268,625932.0,698252.0,722278.72,669468.5,1187835.55,1309345.4899999993,1.7011559580208866,0.3513893769296902,0.3722222222222222,0.0118577075098814,0.3880597014925373,0.3762019939826559,0.0,0.0,0.0,9.262593186689916e-15,0.396997227302224,0.396997227302224,False,False,1.0188852505358909e-13,True
re2tt_ts-train-service_disk_2,disk,ts-train-service,direct::POST /api/v1/users/login,POST /api/v1/users/login (direct),POST /api/v1/users/login,997,984,219414.0,752515.7999999997,1115064.919999997,227730.5,707388.75,909385.0,0.9400317574727338,1.384724145450202,1.3666666666666667,0.0100300902708124,0.0,-0.0100300902708124,0.0,0.0,0.0,5.227866159054775e-05,0.1091159657835294,0.1091159657835294,False,False,0.0004182292927243,False
re2tt_ts-train-service_disk_2,disk,ts-train-service,direct::PUT /api/v1/consignservice/consigns,PUT /api/v1/consignservice/consigns (direct),PUT /api/v1/consignservice/consigns,80,72,21603.5,27911.65,46334.06999999957,21397.5,25826.550000000003,41855.270000000186,0.9252964264025956,0.1111112654323131,0.1,0.0125,0.0138888888888888,0.0013888888888888,0.0,0.0,0.0,1.0,-0.0100694444444444,0.0,False,False,1.0,False
re2tt_ts-train-service_disk_3,disk,ts-train-service,direct::GET /api/v1/adminbasicservice/adminbasic/configs,GET /api/v1/adminbasicservice/adminbasic/configs (direct),GET /api/v1/adminbasicservice/adminbasic/configs,117,115,9618.0,15428.999999999996,17091.16,9679.0,12791.5,16059.32,0.8290556743794156,0.1625076739734932,0.1597222222222222,0.017094017094017,0.0,-0.017094017094017,0.0,0.0,0.0,1.0,0.0369379412857673,0.0369379412857673,False,False,1.0,False
re2tt_ts-train-service_disk_3,disk,ts-train-service,direct::GET /api/v1/adminbasicservice/adminbasic/prices,GET /api/v1/adminbasicservice/adminbasic/prices (direct),GET /api/v1/adminbasicservice/adminbasic/prices,117,116,9937.0,12372.0,14599.920000000002,10274.0,12844.75,17175.799999999992,1.0382112835434854,0.1625076739734932,0.1611111111111111,0.017094017094017,0.0344827586206896,0.0173887415266725,0.0,0.0,0.0,0.0693751454917711,0.1601827291482465,0.1601827291482465,False,False,0.4162508729506267,False
re2tt_ts-train-service_disk_3,disk,ts-train-service,direct::GET /api/v1/admintravelservice/admintravel,GET /api/v1/admintravelservice/admintravel (direct),GET /api/v1/admintravelservice/admintravel,118,116,134492.5,151372.1,181033.15,255977.5,694864.25,870577.2499999998,4.5904380661958175,0.1638966284518991,0.1611111111111111,0.0169491525423728,0.6206896551724138,0.603740502630041,0.0,0.0,0.0,2.620193609252092e-19,0.6854178842781999,0.6854178842781999,False,False,3.4062516920277197e-18,True
re2tt_ts-train-service_disk_3,disk,ts-train-service,direct::GET /api/v1/assuranceservice/assurances/types,GET /api/v1/assuranceservice/assurances/types (direct),GET /api/v1/assuranceservice/assurances/types,81,74,3493.0,4447.0,13037.2,3385.5,4397.7,12718.939999999991,0.9889138745221496,0.1125053127508799,0.1027777777777777,0.0123456790123456,0.0135135135135135,0.0011678345011678,0.0,0.0,0.0,0.3832527749601677,-0.1217884551217884,0.0,False,False,1.0,False
re2tt_ts-train-service_disk_3,disk,ts-train-service,direct::GET /api/v1/contactservice/contacts/account/{accountId},GET /api/v1/contactservice/contacts/account/{accountId} (direct),GET /api/v1/contactservice/contacts/account/{accountId},81,74,6022.0,7201.0,10373.600000000037,5818.0,6895.399999999999,13643.02,0.9575614497986388,0.1125053127508799,0.1027777777777777,0.0123456790123456,0.027027027027027,0.0146813480146813,0.0,0.0,0.0,0.0368250845279223,-0.2197197197197197,0.0,False,False,0.2577755916954564,False
re2tt_ts-train-service_disk_3,disk,ts-train-service,direct::GET /api/v1/foodservice/foods/{date}/{startStation}/{endStation}/{tripId},GET /api/v1/foodservice/foods/{date}/{startStation}/{endStation}/{tripId} (direct),GET /api/v1/foodservice/foods/{date}/{startStation}/{endStation}/{tripId},268,272,41145.5,51961.99999999999,111046.17999999998,42118.5,53402.9,94086.77000000008,1.027729879527347,0.3722398002127878,0.3777777777777777,0.0111940298507462,0.0073529411764705,-0.0038410886742756,0.0,0.0,0.0,0.0010167255433492,0.172917581211589,0.172917581211589,False,False,0.0081338043467941,True
re2tt_ts-train-service_disk_3,disk,ts-train-service,direct::POST /api/v1/inside_pay_service/inside_payment,POST /api/v1/inside_pay_service/inside_payment (direct),POST /api/v1/inside_pay_service/inside_payment,91,82,19438.0,59463.5,116452.29999999996,16917.5,82067.15000000002,154228.57999999993,1.3801264641334603,0.1263948575349391,0.1138888888888888,0.0109890109890109,0.024390243902439,0.013401232913428,0.0,0.0,0.0,1.0,0.0192977753953362,0.0192977753953362,False,False,1.0,False
re2tt_ts-train-service_disk_3,disk,ts-train-service,direct::POST /api/v1/orderOtherService/orderOther/refresh,POST /api/v1/orderOtherService/orderOther/refresh (direct),POST /api/v1/orderOtherService/orderOther/refresh,75,63,372547.0,435319.9,450364.8000000001,448852.0,503938.7,528878.02,1.157628447493441,0.1041715858804443,0.0875,0.0133333333333333,0.4761904761904761,0.4628571428571428,0.0,0.0,0.0,1.5266293348507512e-18,0.878095238095238,0.878095238095238,False,False,1.8319552018209012e-17,True
re2tt_ts-train-service_disk_3,disk,ts-train-service,direct::POST /api/v1/orderservice/order/refresh,POST /api/v1/orderservice/order/refresh (direct),POST /api/v1/orderservice/order/refresh,107,93,515753.0,577015.5,638082.2399999999,592543.0,648350.0,675594.04,1.1236266616754662,0.1486181291894339,0.1291666666666666,0.0186915887850467,0.1290322580645161,0.1103406692794694,0.0,0.0,0.0,1.309421991829908e-24,0.845844638729776,0.845844638729776,False,False,1.833190788561872e-23,True
re2tt_ts-train-service_disk_3,disk,ts-train-service,direct::POST /api/v1/preserveotherservice/preserveOther,POST /api/v1/preserveotherservice/preserveOther (direct),POST /api/v1/preserveotherservice/preserveOther,36,30,498599.5,584088.25,594488.75,605277.5,795498.4999999998,844215.7,1.3619491575117284,0.0500023612226132,0.0416666666666666,0.0277777777777777,0.5333333333333333,0.5055555555555555,0.0,0.0,0.0,1.2743340040144852e-05,0.6499999999999999,0.6499999999999999,False,False,0.0001146900603613,True
re2tt_ts-train-service_disk_3,disk,ts-train-service,direct::POST /api/v1/preserveservice/preserve,POST /api/v1/preserveservice/preserve (direct),POST /api/v1/preserveservice/preserve,45,44,484627.0,597035.7999999999,710105.8000000004,558917.5,790413.6000000002,814544.19,1.3238964899592292,0.0625029515282666,0.0611111111111111,0.0222222222222222,0.0681818181818181,0.0459595959595959,0.0,0.0,0.0,8.4693630800082e-06,0.5666666666666667,0.5666666666666667,False,False,8.4693630800082e-05,True
re2tt_ts-train-service_disk_3,disk,ts-train-service,direct::POST /api/v1/travel2service/trips/left,POST /api/v1/travel2service/trips/left (direct),POST /api/v1/travel2service/trips/left,922,899,282406.5,329703.1499999999,363724.36,311681.0,501964.0,519168.14,1.522472563577267,1.2806160290902626,1.2486111111111111,0.0108459869848156,0.339265850945495,0.3284198639606794,0.0,0.0,0.0,3.171383701527465e-89,0.543054587044173,0.543054587044173,False,False,4.757075552291197e-88,True
re2tt_ts-train-service_disk_3,disk,ts-train-service,direct::POST /api/v1/travelservice/trips/left,POST /api/v1/travelservice/trips/left (direct),POST /api/v1/travelservice/trips/left,248,266,631935.5,705553.1499999999,753067.9400000001,661636.5,1137101.0,1257300.7000000011,1.6116447074185696,0.3444607106446693,0.3694444444444444,0.0120967741935483,0.3270676691729323,0.3149708949793839,0.0,0.0,0.0,5.349243702065071e-13,0.3729080766432209,0.3729080766432209,False,False,5.8841680722715775e-12,True
re2tt_ts-train-service_disk_3,disk,ts-train-service,direct::POST /api/v1/users/login,POST /api/v1/users/login (direct),POST /api/v1/users/login,1004,985,223106.5,735189.1499999997,1043600.5000000003,224764.0,715435.0,906343.3599999998,0.973130520220545,1.3945102963195484,1.3680555555555556,0.0109561752988047,0.0071065989847715,-0.0038495763140332,0.0,0.0,0.0,1.0,0.0126185612878435,0.0126185612878435,False,False,1.0,False
re2tt_ts-train-service_disk_3,disk,ts-train-service,direct::PUT /api/v1/consignservice/consigns,PUT /api/v1/consignservice/consigns (direct),PUT /api/v1/consignservice/consigns,91,74,20284.0,26397.5,28747.99999999997,20284.5,27052.14999999998,46825.60999999981,1.0247996969409974,0.1263948575349391,0.1027777777777777,0.0109890109890109,0.054054054054054,0.043065043065043,0.0,0.0,0.0,1.0,0.0421740421740421,0.0421740421740421,False,False,1.0,False
re2tt_ts-train-service_loss_1,loss,ts-train-service,direct::GET /api/v1/adminbasicservice/adminbasic/configs,GET /api/v1/adminbasicservice/adminbasic/configs (direct),GET /api/v1/adminbasicservice/adminbasic/configs,115,112,11346.0,13888.7,22620.74,10998.5,13959.8,18442.08,1.005119269622067,0.1597228877342544,0.1555557716052383,0.017391304347826,0.0,-0.017391304347826,0.0,0.0,0.0,0.1161528219638435,-0.1456521739130435,0.0,False,False,0.5807641098192174,False
re2tt_ts-train-service_loss_1,loss,ts-train-service,direct::GET /api/v1/adminbasicservice/adminbasic/prices,GET /api/v1/adminbasicservice/adminbasic/prices (direct),GET /api/v1/adminbasicservice/adminbasic/prices,115,111,11081.0,14180.599999999991,18311.0,11252.0,18294.5,44250.90000000012,1.2901076118076815,0.1597228877342544,0.1541668807873344,0.017391304347826,0.054054054054054,0.0366627497062279,0.0,0.0,0.0,1.0,0.0481002741872307,0.0481002741872307,False,False,1.0,False
re2tt_ts-train-service_loss_1,loss,ts-train-service,direct::GET /api/v1/admintravelservice/admintravel,GET /api/v1/admintravelservice/admintravel (direct),GET /api/v1/admintravelservice/admintravel,116,111,153063.5,174892.25,189217.15,622977.0,1598319.5,2035247.4,9.138881225440237,0.1611117824102045,0.1541668807873344,0.0172413793103448,0.90990990990991,0.8926685305995651,0.0,0.0,0.0,1.1930205506309798e-35,0.9617893755824792,0.9617893755824792,False,False,1.5509267158202735e-34,True
re2tt_ts-train-service_loss_1,loss,ts-train-service,direct::GET /api/v1/assuranceservice/assurances/types,GET /api/v1/assuranceservice/assurances/types (direct),GET /api/v1/assuranceservice/assurances/types,108,96,3300.5,4196.599999999999,4647.349999999999,3116.5,3832.75,4082.9,0.9132988609827004,0.1500006250026042,0.1333335185187757,0.0185185185185185,0.0,-0.0185185185185185,0.0,0.0,0.0,1.2334130876110384e-05,-0.3670910493827161,0.0,False,False,8.63389161327727e-05,False
re2tt_ts-train-service_loss_1,loss,ts-train-service,direct::GET /api/v1/contactservice/contacts/account/{accountId},GET /api/v1/contactservice/contacts/account/{accountId} (direct),GET /api/v1/contactservice/contacts/account/{accountId},108,96,7656.5,9570.049999999996,12291.299999999996,7179.5,8901.5,13227.449999999988,0.930141430818021,0.1500006250026042,0.1333335185187757,0.0185185185185185,0.0208333333333333,0.0023148148148148,0.0,0.0,0.0,3.393342584457385e-07,-0.4246720679012346,0.0,False,False,2.714674067565908e-06,False
re2tt_ts-train-service_loss_1,loss,ts-train-service,direct::GET /api/v1/foodservice/foods/{date}/{startStation}/{endStation}/{tripId},GET /api/v1/foodservice/foods/{date}/{startStation}/{endStation}/{tripId} (direct),GET /api/v1/foodservice/foods/{date}/{startStation}/{endStation}/{tripId},319,283,43089.0,51714.99999999999,56284.81999999999,44106.0,52971.5,61805.260000000046,1.0242966257372137,0.4430574016280623,0.3930561014668076,0.012539184952978,0.0282685512367491,0.015729366283771,0.0,0.0,0.0,0.000484819164812,0.1731891843991271,0.1731891843991271,False,False,0.0029089149888722,True
re2tt_ts-train-service_loss_1,loss,ts-train-service,direct::POST /api/v1/inside_pay_service/inside_payment,POST /api/v1/inside_pay_service/inside_payment (direct),POST /api/v1/inside_pay_service/inside_payment,88,83,17469.5,74457.84999999996,130476.74999999977,14631.0,57208.0,71625.25999999972,0.7683273153871624,0.1222227314836034,0.1152779378860248,0.0113636363636363,0.0,-0.0113636363636363,0.0,0.0,0.0,1.0,-0.0584611171960569,0.0,False,False,1.0,False
re2tt_ts-train-service_loss_1,loss,ts-train-service,direct::POST /api/v1/orderOtherService/orderOther/refresh,POST /api/v1/orderOtherService/orderOther/refresh (direct),POST /api/v1/orderOtherService/orderOther/refresh,72,75,374920.0,424441.7,450593.7000000001,423031.0,515486.8,553792.4600000001,1.2145055492898085,0.1000004166684027,0.1041668113427935,0.0138888888888888,0.2933333333333333,0.2794444444444444,0.0,0.0,0.0,5.799226639628816e-15,0.7548148148148148,0.7548148148148148,False,False,5.799226639628816e-14,True
re2tt_ts-train-service_loss_1,loss,ts-train-service,direct::POST /api/v1/orderservice/order/refresh,POST /api/v1/orderservice/order/refresh (direct),POST /api/v1/orderservice/order/refresh,101,94,543441.0,629499.0,667422.0,642863.5,729800.0999999999,769329.3599999999,1.159334804344407,0.1402783622709539,0.1305557368829679,0.0099009900990099,0.3829787234042553,0.3730777333052454,0.0,0.0,0.0,2.999424179146973e-23,0.8297872340425532,0.8297872340425532,False,False,3.599309014976367e-22,True
re2tt_ts-train-service_loss_1,loss,ts-train-service,direct::POST /api/v1/preserveotherservice/preserveOther,POST /api/v1/preserveotherservice/preserveOther (direct),POST /api/v1/preserveotherservice/preserveOther,43,41,549520.0,695805.6,710380.1599999999,952526.0,1394449.0,1578967.4,2.0040784380004992,0.0597224710658516,0.0569445235340604,0.0232558139534883,0.8048780487804879,0.7816222348269994,0.0,0.0,0.0,2.563967025447051e-12,0.9001701644923426,0.9001701644923426,False,False,2.307570322902345e-11,True
re2tt_ts-train-service_loss_1,loss,ts-train-service,direct::POST /api/v1/preserveservice/preserve,POST /api/v1/preserveservice/preserve (direct),POST /api/v1/preserveservice/preserve,65,55,516911.0,600992.5999999999,718353.08,931534.0,1764210.3999999997,2395767.7400000007,2.9354943804632536,0.0902781539367525,0.0763889949847152,0.0153846153846153,0.7636363636363637,0.7482517482517483,0.0,0.0,0.0,3.2689062824644793e-18,0.932867132867133,0.932867132867133,False,False,3.595796910710927e-17,True
re2tt_ts-train-service_loss_1,loss,ts-train-service,direct::POST /api/v1/travel2service/trips/left,POST /api/v1/travel2service/trips/left (direct),POST /api/v1/travel2service/trips/left,1032,990,328172.0,367813.45,392701.99999999977,538091.0,1168533.15,1696919.14,3.1769723211590004,1.43333930558044,1.375001909724875,0.0106589147286821,0.6595959595959596,0.6489370448672774,0.0,0.0,0.0,1.2688119182219466e-175,0.726503406154569,0.726503406154569,False,False,1.90321787733292e-174,True
re2tt_ts-train-service_loss_1,loss,ts-train-service,direct::POST /api/v1/travelservice/trips/left,POST /api/v1/travelservice/trips/left (direct),POST /api/v1/travelservice/trips/left,328,300,343380.0,786237.2499999999,860616.92,1108439.5,2194926.7500000005,2874044.7499999977,2.791685016195812,0.4555574537116127,0.4166672453711741,0.0121951219512195,0.5966666666666667,0.5844715447154472,0.0,0.0,0.0,2.946302704082996e-43,0.6388414634146342,0.6388414634146342,False,False,4.124823785716195e-42,True
re2tt_ts-train-service_loss_1,loss,ts-train-service,direct::POST /api/v1/users/login,POST /api/v1/users/login (direct),POST /api/v1/users/login,1105,1060,230631.0,716580.7999999998,1077042.000000001,228375.0,806267.45,1242474.0600000022,1.1251591586043057,1.534728616924793,1.4722242669781485,0.0108597285067873,0.020754716981132,0.0098949884743447,0.0,0.0,0.0,1.0,-0.0038060274908221,0.0,False,False,1.0,False
re2tt_ts-train-service_loss_1,loss,ts-train-service,direct::PUT /api/v1/consignservice/consigns,PUT /api/v1/consignservice/consigns (direct),PUT /api/v1/consignservice/consigns,85,86,21740.0,26098.6,48347.9999999998,21410.5,28239.0,39680.4,1.0820120619496831,0.1180560474557533,0.1194446103397365,0.0117647058823529,0.0,-0.0117647058823529,0.0,0.0,0.0,0.4882900903408569,-0.1032831737346101,0.0,False,False,1.0,False
re2tt_ts-train-service_loss_2,loss,ts-train-service,direct::GET /api/v1/adminbasicservice/adminbasic/configs,GET /api/v1/adminbasicservice/adminbasic/configs (direct),GET /api/v1/adminbasicservice/adminbasic/configs,112,111,9770.0,13338.39999999999,17340.31,9722.0,12904.5,16558.200000000004,0.9674698614526488,0.1555557716052383,0.1541957925385906,0.0178571428571428,0.009009009009009,-0.0088481338481338,0.0,0.0,0.0,1.0,-0.0382882882882883,0.0,False,False,1.0,False
re2tt_ts-train-service_loss_2,loss,ts-train-service,direct::GET /api/v1/adminbasicservice/adminbasic/prices,GET /api/v1/adminbasicservice/adminbasic/prices (direct),GET /api/v1/adminbasicservice/adminbasic/prices,112,112,10253.0,13402.849999999997,18215.96,10125.0,12539.899999999998,17018.43,0.9356144402123432,0.1555557716052383,0.155584943822722,0.0178571428571428,0.0,-0.0178571428571428,0.0,0.0,0.0,0.3843341351839138,-0.1009247448979592,0.0,False,False,1.0,False
re2tt_ts-train-service_loss_2,loss,ts-train-service,direct::GET /api/v1/admintravelservice/admintravel,GET /api/v1/admintravelservice/admintravel (direct),GET /api/v1/admintravelservice/admintravel,112,111,144050.5,163196.45,177030.63,757518.0,1892407.0,2541723.300000001,11.59588336633548,0.1555557716052383,0.1541957925385906,0.0178571428571428,0.8918918918918919,0.874034749034749,0.0,0.0,0.0,3.538010225239613e-33,0.9345238095238096,0.9345238095238096,False,False,4.953214315335459e-32,True
re2tt_ts-train-service_loss_2,loss,ts-train-service,direct::GET /api/v1/assuranceservice/assurances/types,GET /api/v1/assuranceservice/assurances/types (direct),GET /api/v1/assuranceservice/assurances/types,74,64,3544.5,4441.949999999999,7615.929999999959,3434.0,4177.1,6000.209999999996,0.9403752856290596,0.1027779205248896,0.0889056821844126,0.0135135135135135,0.0,-0.0135135135135135,0.0,0.0,0.0,0.1978153071567864,-0.163429054054054,0.0,False,False,1.0,False
re2tt_ts-train-service_loss_2,loss,ts-train-service,direct::GET /api/v1/contactservice/contacts/account/{accountId},GET /api/v1/contactservice/contacts/account/{accountId} (direct),GET /api/v1/contactservice/contacts/account/{accountId},74,64,6427.0,8626.149999999994,15846.909999999998,6094.0,7490.8499999999985,14470.179999999998,0.8683885626843961,0.1027779205248896,0.0889056821844126,0.0135135135135135,0.0,-0.0135135135135135,0.0,0.0,0.0,0.0157321003426942,-0.2630912162162162,0.0,False,False,0.1258568027415538,False
re2tt_ts-train-service_loss_2,loss,ts-train-service,direct::GET /api/v1/foodservice/foods/{date}/{startStation}/{endStation}/{tripId},GET /api/v1/foodservice/foods/{date}/{startStation}/{endStation}/{tripId} (direct),GET /api/v1/foodservice/foods/{date}/{startStation}/{endStation}/{tripId},247,223,40618.0,48806.4,70522.23999999979,41008.0,50486.0,74106.70000000001,1.0344135195384212,0.3430560320222667,0.3097807363613127,0.0121457489878542,0.0134529147982062,0.001307165810352,0.0,0.0,0.0,0.4521003062771378,0.0646502423703272,0.0646502423703272,False,False,1.0,False
re2tt_ts-train-service_loss_2,loss,ts-train-service,direct::POST /api/v1/inside_pay_service/inside_payment,POST /api/v1/inside_pay_service/inside_payment (direct),POST /api/v1/inside_pay_service/inside_payment,88,86,13302.5,80733.1499999998,110577.68999999996,42050.5,101989.0,143308.15000000078,1.2632852799624472,0.1222223919755444,0.1194670104353044,0.0113636363636363,0.0465116279069767,0.0351479915433403,0.0,0.0,0.0,0.329565360506481,0.1220930232558139,0.1220930232558139,False,False,1.0,False
re2tt_ts-train-service_loss_2,loss,ts-train-service,direct::POST /api/v1/orderOtherService/orderOther/refresh,POST /api/v1/orderOtherService/orderOther/refresh (direct),POST /api/v1/orderOtherService/orderOther/refresh,62,66,318025.0,377148.25,380675.5,356033.5,415953.0,427381.1,1.1028899113279724,0.0861112307100426,0.0916839847526755,0.0161290322580645,0.2424242424242424,0.2262952101661779,0.0,0.0,0.0,3.0772958413959496e-11,0.6915933528836755,0.6915933528836755,False,False,3.07729584139595e-10,True
re2tt_ts-train-service_loss_2,loss,ts-train-service,direct::POST /api/v1/orderservice/order/refresh,POST /api/v1/orderservice/order/refresh (direct),POST /api/v1/orderservice/order/refresh,118,91,555119.0,630351.25,652236.39,600174.0,683679.0,713349.6999999998,1.0846000543347856,0.1638891165126618,0.1264127668559616,0.0169491525423728,0.1538461538461538,0.1368970013037809,0.0,0.0,0.0,6.377130627731622e-13,0.5883777239709442,0.5883777239709442,False,False,7.652556753277947e-12,True
re2tt_ts-train-service_loss_2,loss,ts-train-service,direct::POST /api/v1/preserveotherservice/preserveOther,POST /api/v1/preserveotherservice/preserveOther (direct),POST /api/v1/preserveotherservice/preserveOther,33,27,482446.0,534543.2,599648.24,732819.0,1375734.9,1486062.2199999995,2.5736645794016275,0.0458333969908291,0.037507084671549,0.0303030303030303,0.7777777777777778,0.7474747474747475,0.0,0.0,0.0,1.8496748141975667e-09,0.9259259259259258,0.9259259259259258,False,False,1.66470733277781e-08,True
re2tt_ts-train-service_loss_2,loss,ts-train-service,direct::POST /api/v1/preserveservice/preserve,POST /api/v1/preserveservice/preserve (direct),POST /api/v1/preserveservice/preserve,41,37,480062.0,519193.0,555814.0000000001,876950.0,1795802.5999999994,2217635.4000000004,3.458834383360329,0.0569445235340604,0.0513985975128635,0.024390243902439,0.8918918918918919,0.8675016479894528,0.0,0.0,0.0,5.7145719265914614e-12,0.92089650626236,0.92089650626236,False,False,6.286029119250607e-11,True
re2tt_ts-train-service_loss_2,loss,ts-train-service,direct::POST /api/v1/travel2service/trips/left,POST /api/v1/travel2service/trips/left (direct),POST /api/v1/travel2service/trips/left,905,885,282235.0,320334.2,340879.68000000005,496103.0,1104399.2,1583022.359999994,3.447646863806612,1.256946190203042,1.2293988864563306,0.011049723756906,0.655367231638418,0.644317507881512,0.0,0.0,0.0,8.498433986270855e-148,0.7075905983706339,0.7075905983706339,False,False,1.2747650979406282e-146,True
re2tt_ts-train-service_loss_2,loss,ts-train-service,direct::POST /api/v1/travelservice/trips/left,POST /api/v1/travelservice/trips/left (direct),POST /api/v1/travelservice/trips/left,247,248,633314.0,697300.3,745744.6399999997,928389.5,2172360.4,2730139.17,3.1153871581584,0.3430560320222667,0.3445095184645989,0.0121457489878542,0.6169354838709677,0.6047897348831135,0.0,0.0,0.0,1.9335837558817238e-27,0.5671281180619041,0.5671281180619041,False,False,2.513658882646241e-26,True
re2tt_ts-train-service_loss_2,loss,ts-train-service,direct::POST /api/v1/users/login,POST /api/v1/users/login (direct),POST /api/v1/users/login,985,969,218642.0,701323.0,1400910.16,220701.0,710333.7999999996,1113157.8,1.012848288163941,1.368057455635355,1.346087594323372,0.0101522842639593,0.0030959752321981,-0.0070563090317612,0.0,0.0,0.0,1.0,0.0149350683367122,0.0149350683367122,False,False,1.0,False
re2tt_ts-train-service_loss_2,loss,ts-train-service,direct::PUT /api/v1/consignservice/consigns,PUT /api/v1/consignservice/consigns (direct),PUT /api/v1/consignservice/consigns,92,71,21093.5,26154.25,30602.900000000005,20978.0,28067.5,37061.0,1.073152546909202,0.12777795524716,0.0986297411733327,0.0108695652173913,0.0422535211267605,0.0313839559093692,0.0,0.0,0.0,1.0,-0.0612369871402327,0.0,False,False,1.0,False
re2tt_ts-train-service_loss_3,loss,ts-train-service,direct::GET /api/v1/adminbasicservice/adminbasic/configs,GET /api/v1/adminbasicservice/adminbasic/configs (direct),GET /api/v1/adminbasicservice/adminbasic/configs,117,110,9375.0,13435.799999999976,18491.880000000005,9226.0,11043.05,13380.919999999998,0.8219123535628707,0.1625115112320456,0.152780324116513,0.017094017094017,0.009090909090909,-0.008003108003108,0.0,0.0,0.0,0.3432249624735708,-0.105128205128205,0.0,False,False,1.0,False
re2tt_ts-train-service_loss_3,loss,ts-train-service,direct::GET /api/v1/adminbasicservice/adminbasic/prices,GET /api/v1/adminbasicservice/adminbasic/prices (direct),GET /api/v1/adminbasicservice/adminbasic/prices,117,110,9826.0,14500.999999999996,17408.84,9647.0,12155.05,16814.92,0.8382215019653818,0.1625115112320456,0.152780324116513,0.017094017094017,0.009090909090909,-0.008003108003108,0.0,0.0,0.0,0.3967810220534042,-0.0989121989121989,0.0,False,False,1.0,False
re2tt_ts-train-service_loss_3,loss,ts-train-service,direct::GET /api/v1/admintravelservice/admintravel,GET /api/v1/admintravelservice/admintravel (direct),GET /api/v1/admintravelservice/admintravel,118,111,143954.5,174061.19999999995,249433.0999999999,768094.0,1590598.5,1818582.8000000005,9.138156579410005,0.1639004985075332,0.1541692361539358,0.0169491525423728,0.90990990990991,0.8929607573675371,0.0,0.0,0.0,1.0084238724533883e-34,0.9447243854023516,0.9447243854023516,False,False,1.411793421434744e-33,True
re2tt_ts-train-service_loss_3,loss,ts-train-service,direct::GET /api/v1/assuranceservice/assurances/types,GET /api/v1/assuranceservice/assurances/types (direct),GET /api/v1/assuranceservice/assurances/types,73,73,3433.0,4278.799999999999,4620.72,3221.0,3913.0,3955.64,0.91450874076844,0.1013960711105925,0.1013905787318677,0.0136986301369863,0.0,-0.0136986301369863,0.0,0.0,0.0,0.0002733265224502,-0.3659223118784012,0.0,False,False,0.002186612179602,False
re2tt_ts-train-service_loss_3,loss,ts-train-service,direct::GET /api/v1/contactservice/contacts/account/{accountId},GET /api/v1/contactservice/contacts/account/{accountId} (direct),GET /api/v1/contactservice/contacts/account/{accountId},73,73,6017.0,8628.59999999999,14579.240000000002,5904.0,7425.799999999999,10366.400000000003,0.8606031105857275,0.1013960711105925,0.1013905787318677,0.0136986301369863,0.0,-0.0136986301369863,0.0,0.0,0.0,0.2489740399587238,-0.1474948395571401,0.0,False,False,1.0,False
re2tt_ts-train-service_loss_3,loss,ts-train-service,direct::GET /api/v1/foodservice/foods/{date}/{startStation}/{endStation}/{tripId},GET /api/v1/foodservice/foods/{date}/{startStation}/{endStation}/{tripId} (direct),GET /api/v1/foodservice/foods/{date}/{startStation}/{endStation}/{tripId},261,233,40297.0,48071.0,70001.19999999972,40323.0,49169.6,52984.96000000001,1.022853695575295,0.3625256789022556,0.3236165047195231,0.0114942528735632,0.0042918454935622,-0.0072024073800009,0.0,0.0,0.0,0.9170975251234784,0.0386266094420599,0.0386266094420599,False,False,1.0,False
re2tt_ts-train-service_loss_3,loss,ts-train-service,direct::POST /api/v1/inside_pay_service/inside_payment,POST /api/v1/inside_pay_service/inside_payment (direct),POST /api/v1/inside_pay_service/inside_payment,82,61,15010.0,53285.2,60798.58999999998,12787.0,52391.0,55789.6,0.9832186047908236,0.1138969565899806,0.0847236342827936,0.0121951219512195,0.0,-0.0121951219512195,0.0,0.0,0.0,1.0,-0.0619752099160335,0.0,False,False,1.0,False
re2tt_ts-train-service_loss_3,loss,ts-train-service,direct::POST /api/v1/orderOtherService/orderOther/refresh,POST /api/v1/orderOtherService/orderOther/refresh (direct),POST /api/v1/orderOtherService/orderOther/refresh,69,51,417146.0,471817.7999999999,498683.08,469599.0,526864.0,570390.5,1.1166683410418177,0.0958401220086422,0.0708345139085651,0.0144927536231884,0.2745098039215686,0.2600170502983802,0.0,0.0,0.0,1.241730730246799e-15,0.8658709860755898,0.8658709860755898,False,False,1.3659038032714787e-14,True
re2tt_ts-train-service_loss_3,loss,ts-train-service,direct::POST /api/v1/orderservice/order/refresh,POST /api/v1/orderservice/order/refresh (direct),POST /api/v1/orderservice/order/refresh,98,82,681517.0,744737.5499999999,755891.62,756362.5,836455.3,853313.57,1.1231544589097195,0.1361207529977817,0.1138907870686733,0.010204081632653,0.5121951219512195,0.5019910403185665,0.0,0.0,0.0,6.3331278977160945e-21,0.8195619711299154,0.8195619711299154,False,False,7.599753477259314e-20,True
re2tt_ts-train-service_loss_3,loss,ts-train-service,direct::POST /api/v1/preserveotherservice/preserveOther,POST /api/v1/preserveotherservice/preserveOther (direct),POST /api/v1/preserveotherservice/preserveOther,33,29,488974.0,532889.2,548941.24,905370.0,1448694.7999999996,1528406.8,2.718566636366434,0.0458365800910897,0.0402784490852625,0.0303030303030303,0.7931034482758621,0.7628004179728318,0.0,0.0,0.0,1.0396538179162489e-08,0.8662486938349008,0.8662486938349008,False,False,1.0396538179162489e-07,True
re2tt_ts-train-service_loss_3,loss,ts-train-service,direct::POST /api/v1/preserveservice/preserve,POST /api/v1/preserveservice/preserve (direct),POST /api/v1/preserveservice/preserve,40,44,497805.0,730938.8499999999,925246.41,889842.0,1321115.95,1529108.23,1.807423356960709,0.0555594910195027,0.0611121296466052,0.025,0.4090909090909091,0.3840909090909091,0.0,0.0,0.0,1.739286057254922e-08,0.7306818181818182,0.7306818181818182,False,False,1.56535745152943e-07,True
re2tt_ts-train-service_loss_3,loss,ts-train-service,direct::POST /api/v1/travel2service/trips/left,POST /api/v1/travel2service/trips/left (direct),POST /api/v1/travel2service/trips/left,916,887,289042.5,326866.0,343659.60000000003,501897.0,1116209.0,1544276.88,3.414882551259537,1.2723123443466136,1.2319649771940642,0.0109170305676855,0.6629086809470124,0.6519916503793268,0.0,0.0,0.0,8.253205130878215e-141,0.6880116973459431,0.6880116973459431,False,False,1.2379807696317323e-139,True
re2tt_ts-train-service_loss_3,loss,ts-train-service,direct::POST /api/v1/travelservice/trips/left,POST /api/v1/travelservice/trips/left (direct),POST /api/v1/travelservice/trips/left,256,272,630483.5,713663.25,829071.9499999993,921456.0,2116513.4,2743431.19,2.965703222072875,0.3555807425248177,0.377784074179014,0.01171875,0.5808823529411765,0.5691636029411765,0.0,0.0,0.0,9.859720626362171e-32,0.5928308823529411,0.5928308823529411,False,False,1.2817636814270823e-30,True
re2tt_ts-train-service_loss_3,loss,ts-train-service,direct::POST /api/v1/users/login,POST /api/v1/users/login (direct),POST /api/v1/users/login,1000,969,217730.0,658615.6999999997,900585.57,220109.0,698877.5999999997,1014641.88,1.0611310966319203,1.3889872754875694,1.3458557642627376,0.01,0.0206398348813209,0.0106398348813209,0.0,0.0,0.0,0.0935591166711422,0.0517605779153766,0.0517605779153766,False,False,0.6549138166979955,False
re2tt_ts-train-service_loss_3,loss,ts-train-service,direct::PUT /api/v1/consignservice/consigns,PUT /api/v1/consignservice/consigns (direct),PUT /api/v1/consignservice/consigns,85,72,20264.0,28137.4,30698.16,19936.5,24713.200000000004,32491.93000000001,0.8783043209393905,0.1180639184164434,0.1000016666944449,0.0117647058823529,0.0277777777777777,0.0160130718954248,0.0,0.0,0.0,0.4196018015864551,-0.1165032679738562,0.0,False,False,1.0,False
re2tt_ts-train-service_mem_1,mem,ts-train-service,direct::GET /api/v1/adminbasicservice/adminbasic/configs,GET /api/v1/adminbasicservice/adminbasic/configs (direct),GET /api/v1/adminbasicservice/adminbasic/configs,112,105,12368.0,18178.99999999999,48406.310000000005,10861.0,27676.19999999997,70032.91999999997,1.5224269761813076,0.1555559876555212,0.1459016233987296,0.0178571428571428,0.0285714285714285,0.0107142857142857,0.0,0.0,0.0,1.6954608762143774e-09,-0.4823979591836734,0.0,False,False,6.78184350485751e-09,False
re2tt_ts-train-service_mem_1,mem,ts-train-service,direct::GET /api/v1/adminbasicservice/adminbasic/prices,GET /api/v1/adminbasicservice/adminbasic/prices (direct),GET /api/v1/adminbasicservice/adminbasic/prices,112,107,14107.0,23239.55,49514.56,11582.0,15789.799999999985,157179.2999999999,0.6794365639610054,0.1555559876555212,0.1486807019396578,0.0178571428571428,0.0373831775700934,0.0195260347129506,0.0,0.0,0.0,2.444813990350383e-19,-0.7093624833110814,0.0,False,False,2.2003325913153445e-18,False
re2tt_ts-train-service_mem_1,mem,ts-train-service,direct::GET /api/v1/admintravelservice/admintravel,GET /api/v1/admintravelservice/admintravel (direct),GET /api/v1/admintravelservice/admintravel,110,107,164708.0,474784.75,665948.8099999999,1567778.0,2552030.399999997,3345239.92,5.375131362159372,0.1527782021616726,0.1486807019396578,0.0181818181818181,0.9345794392523364,0.9163976210705184,0.0,0.0,0.0,5.841785158060214e-36,0.988105352591334,0.988105352591334,False,False,8.1784992212843e-35,True
re2tt_ts-train-service_mem_1,mem,ts-train-service,direct::GET /api/v1/assuranceservice/assurances/types,GET /api/v1/assuranceservice/assurances/types (direct),GET /api/v1/assuranceservice/assurances/types,81,82,6409.0,11963.0,68660.00000000006,4829.0,6652.55,10076.19999999999,0.5560937891833152,0.112500312500868,0.1139422201780555,0.0123456790123456,0.0,-0.0123456790123456,0.0,0.0,0.0,1.6322230544332168e-14,-0.7046070460704608,0.0,False,False,1.3057784435465734e-13,False
re2tt_ts-train-service_mem_1,mem,ts-train-service,direct::GET /api/v1/contactservice/contacts/account/{accountId},GET /api/v1/contactservice/contacts/account/{accountId} (direct),GET /api/v1/contactservice/contacts/account/{accountId},81,82,9931.0,14436.0,83857.20000000004,8054.0,10930.3,88755.94999999976,0.7571557218065946,0.112500312500868,0.1139422201780555,0.0123456790123456,0.0121951219512195,-0.0001505570611261,0.0,0.0,0.0,4.336470843465315e-12,-0.6373080397470641,0.0,False,False,2.601882506079189e-11,False
re2tt_ts-train-service_mem_1,mem,ts-train-service,direct::GET /api/v1/foodservice/foods/{date}/{startStation}/{endStation}/{tripId},GET /api/v1/foodservice/foods/{date}/{startStation}/{endStation}/{tripId} (direct),GET /api/v1/foodservice/foods/{date}/{startStation}/{endStation}/{tripId},239,237,56564.0,152268.4,224778.8200000001,46044.0,115154.99999999994,178613.84,0.7562632824670118,0.3319453665149069,0.3293208070999898,0.0125523012552301,0.0042194092827004,-0.0083328919725297,0.0,0.0,0.0,1.488733081580992e-26,-0.5684550606429744,0.0,False,False,1.6376063897390912e-25,False
re2tt_ts-train-service_mem_1,mem,ts-train-service,direct::POST /api/v1/inside_pay_service/inside_payment,POST /api/v1/inside_pay_service/inside_payment (direct),POST /api/v1/inside_pay_service/inside_payment,84,99,47775.5,186280.2999999999,224330.27000000005,16191.0,147917.59999999983,191454.1599999999,0.7940592751890561,0.1166669907416409,0.1375643877759451,0.0119047619047619,0.0,-0.0119047619047619,0.0,0.0,0.0,0.0012490969247107,-0.2938912938912938,0.0,False,False,0.0012490969247107,False
re2tt_ts-train-service_mem_1,mem,ts-train-service,direct::POST /api/v1/orderOtherService/orderOther/refresh,POST /api/v1/orderOtherService/orderOther/refresh (direct),POST /api/v1/orderOtherService/orderOther/refresh,53,76,41401.0,74749.8,106204.5999999998,104245.5,136975.0,186189.25,1.83244637443846,0.0736113155869877,0.105604984555271,0.0188679245283018,0.4868421052631579,0.467974180734856,0.0,0.0,0.0,6.076626684331693e-20,0.9563058589870904,0.9563058589870904,False,False,6.076626684331693e-19,True
re2tt_ts-train-service_mem_1,mem,ts-train-service,direct::POST /api/v1/orderservice/order/refresh,POST /api/v1/orderservice/order/refresh (direct),POST /api/v1/orderservice/order/refresh,111,112,66114.0,122681.5,150987.80000000002,129342.0,169406.0,208226.66,1.3808601948949109,0.1541670949085969,0.1556283982919783,0.018018018018018,0.1875,0.1694819819819819,0.0,0.0,0.0,7.223870933251411e-31,0.8999356499356499,0.8999356499356499,False,False,8.668645119901691e-30,True
re2tt_ts-train-service_mem_1,mem,ts-train-service,direct::POST /api/v1/preserveotherservice/preserveOther,POST /api/v1/preserveotherservice/preserveOther (direct),POST /api/v1/preserveotherservice/preserveOther,33,40,597357.0,1099576.7999999998,1318682.48,1744845.5,2202302.6999999997,2682546.06,2.0028639200099527,0.0458334606485018,0.0555815708185636,0.0303030303030303,0.85,0.8196969696969697,0.0,0.0,0.0,9.642963087352991e-12,0.9454545454545455,0.9454545454545455,False,False,4.821481543676496e-11,True
re2tt_ts-train-service_mem_1,mem,ts-train-service,direct::POST /api/v1/preserveservice/preserve,POST /api/v1/preserveservice/preserve (direct),POST /api/v1/preserveservice/preserve,48,42,690065.0,1417498.4499999995,1567588.9700000002,1670213.0,2195930.6999999997,2220399.73,1.5491591542833785,0.0666668518523662,0.0583606493594918,0.0208333333333333,0.7619047619047619,0.7410714285714285,0.0,0.0,0.0,2.550790633761428e-12,0.871031746031746,0.871031746031746,False,False,1.7855534436329993e-11,True
re2tt_ts-train-service_mem_1,mem,ts-train-service,direct::POST /api/v1/travel2service/trips/left,POST /api/v1/travel2service/trips/left (direct),POST /api/v1/travel2service/trips/left,918,850,324431.5,897268.4999999999,1121621.210000001,967659.0,1662004.95,1957926.49,1.852293878588182,1.2750035416765046,1.1811083798944784,0.0108932461873638,0.3976470588235294,0.3867538126361656,0.0,0.0,0.0,1.2188475099201155e-185,0.7994566192490067,0.7994566192490067,False,False,1.8282712648801736e-184,True
re2tt_ts-train-service_mem_1,mem,ts-train-service,direct::POST /api/v1/travelservice/trips/left,POST /api/v1/travelservice/trips/left (direct),POST /api/v1/travelservice/trips/left,260,231,675758.0,1666827.4499999995,2154967.9400000004,1902509.0,3340397.5,3637100.399999999,2.004045169762473,0.3611121142003172,0.3209835714772053,0.0115384615384615,0.4502164502164502,0.4386779886779887,0.0,0.0,0.0,5.867048992535606e-32,0.6178821178821179,0.6178821178821179,False,False,7.627163690296288e-31,True
re2tt_ts-train-service_mem_1,mem,ts-train-service,direct::POST /api/v1/users/login,POST /api/v1/users/login (direct),POST /api/v1/users/login,995,917,259856.0,906560.8,1469257.3799999985,223324.0,656004.5999999999,1098949.8400000003,0.7236189784513073,1.3819482831896754,1.2742075110155726,0.0100502512562814,0.0021810250817884,-0.0078692261744929,0.0,0.0,0.0,1.3557148770237458e-07,-0.1426763040940799,0.0,False,False,2.711429754047491e-07,False
re2tt_ts-train-service_mem_1,mem,ts-train-service,direct::PUT /api/v1/consignservice/consigns,PUT /api/v1/consignservice/consigns (direct),PUT /api/v1/consignservice/consigns,80,89,31015.0,97234.5,117231.49999999952,23921.0,123954.39999999976,277894.76000000053,1.2747985540111768,0.1111114197539437,0.1236689950713042,0.0125,0.0561797752808988,0.0436797752808988,0.0,0.0,0.0,1.8054473800620414e-09,-0.5466292134831461,0.0,False,False,6.78184350485751e-09,False
re2tt_ts-train-service_mem_2,mem,ts-train-service,direct::GET /api/v1/adminbasicservice/adminbasic/configs,GET /api/v1/adminbasicservice/adminbasic/configs (direct),GET /api/v1/adminbasicservice/adminbasic/configs,107,106,14764.0,28948.39999999999,61384.26,12387.5,27442.0,118519.3,0.9479625816970888,0.1486181291894339,0.1472488088127023,0.0186915887850467,0.0471698113207547,0.0284782225357079,0.0,0.0,0.0,2.6654641266892458e-11,-0.5365896667254453,0.0,False,False,1.8658248886824724e-10,False
re2tt_ts-train-service_mem_2,mem,ts-train-service,direct::GET /api/v1/adminbasicservice/adminbasic/prices,GET /api/v1/adminbasicservice/adminbasic/prices (direct),GET /api/v1/adminbasicservice/adminbasic/prices,108,106,15980.5,46448.89999999976,85775.52999999987,13088.0,18038.5,66645.40000000011,0.3883515002508153,0.1500070836678398,0.1472488088127023,0.0185185185185185,0.0094339622641509,-0.0090845562543675,0.0,0.0,0.0,2.4717771142330857e-17,-0.6765373864430468,0.0,False,False,2.718954825656394e-16,False
re2tt_ts-train-service_mem_2,mem,ts-train-service,direct::GET /api/v1/admintravelservice/admintravel,GET /api/v1/admintravelservice/admintravel (direct),GET /api/v1/admintravelservice/admintravel,107,105,191836.0,608277.6,735006.52,583498.0,1588839.2,1985016.7599999995,2.6120297706178888,0.1486181291894339,0.145859669106922,0.0186915887850467,0.4095238095238095,0.3908322207387628,0.0,0.0,0.0,4.968294956019162e-23,0.791188251001335,0.791188251001335,False,False,6.458783442824911e-22,True
re2tt_ts-train-service_mem_2,mem,ts-train-service,direct::GET /api/v1/assuranceservice/assurances/types,GET /api/v1/assuranceservice/assurances/types (direct),GET /api/v1/assuranceservice/assurances/types,71,65,6588.0,10969.0,24141.499999999916,5171.0,6774.799999999999,10854.999999999996,0.6176315069742,0.0986157679668206,0.0902940808757136,0.0140845070422535,0.0,-0.0140845070422535,0.0,0.0,0.0,4.6129028168483076e-11,-0.6652221018418202,0.0,False,False,2.7677416901089845e-10,False
re2tt_ts-train-service_mem_2,mem,ts-train-service,direct::GET /api/v1/contactservice/contacts/account/{accountId},GET /api/v1/contactservice/contacts/account/{accountId} (direct),GET /api/v1/contactservice/contacts/account/{accountId},71,65,10864.0,29737.5,61915.09999999997,8387.0,10244.4,17064.839999999993,0.3444943253467843,0.0986157679668206,0.0902940808757136,0.0140845070422535,0.0,-0.0140845070422535,0.0,0.0,0.0,1.3449367313291376e-14,-0.7750812567713976,0.0,False,False,1.2104430581962237e-13,False
re2tt_ts-train-service_mem_2,mem,ts-train-service,direct::GET /api/v1/foodservice/foods/{date}/{startStation}/{endStation}/{tripId},GET /api/v1/foodservice/foods/{date}/{startStation}/{endStation}/{tripId} (direct),GET /api/v1/foodservice/foods/{date}/{startStation}/{endStation}/{tripId},259,226,62683.0,191928.9,230823.96,50169.0,153177.75,274271.0,0.7980963262958315,0.3597392099071345,0.3139455735063275,0.0115830115830115,0.0221238938053097,0.0105408822222981,0.0,0.0,0.0,3.4609644813864523e-19,-0.4750230635186387,0.0,False,False,4.153157377663742e-18,False
re2tt_ts-train-service_mem_2,mem,ts-train-service,direct::POST /api/v1/inside_pay_service/inside_payment,POST /api/v1/inside_pay_service/inside_payment (direct),POST /api/v1/inside_pay_service/inside_payment,71,98,59819.0,207018.0,306382.4999999992,19642.0,97415.35,113508.43,0.470564636891478,0.0986157679668206,0.1361356911664606,0.0140845070422535,0.0,-0.0140845070422535,0.0,0.0,0.0,2.7717016062133403e-06,-0.4357574015521701,0.0,False,False,1.108680642485336e-05,False
re2tt_ts-train-service_mem_2,mem,ts-train-service,direct::POST /api/v1/orderOtherService/orderOther/refresh,POST /api/v1/orderOtherService/orderOther/refresh (direct),POST /api/v1/orderOtherService/orderOther/refresh,53,73,48534.0,80693.0,146521.91999999975,78555.0,94532.19999999998,115225.40000000004,1.1715043436233623,0.073614587355514,0.1014071985219553,0.0188679245283018,0.0,-0.0188679245283018,0.0,0.0,0.0,5.710566481026111e-15,0.8263117084517964,0.8263117084517964,False,False,5.710566481026109e-14,True
re2tt_ts-train-service_mem_2,mem,ts-train-service,direct::POST /api/v1/orderservice/order/refresh,POST /api/v1/orderservice/order/refresh (direct),POST /api/v1/orderservice/order/refresh,93,106,65643.0,97728.19999999992,200340.7199999999,119917.5,164618.75,176533.05000000002,1.684454947497244,0.129172766491751,0.1472488088127023,0.010752688172043,0.0094339622641509,-0.001318725907892,0.0,0.0,0.0,1.4986389583691638e-25,0.8646784337593831,0.8646784337593831,False,False,2.098094541716829e-24,True
re2tt_ts-train-service_mem_2,mem,ts-train-service,direct::POST /api/v1/preserveotherservice/preserveOther,POST /api/v1/preserveotherservice/preserveOther (direct),POST /api/v1/preserveotherservice/preserveOther,30,21,643262.5,1232623.9999999998,1352100.39,655890.0,1872156.0,2113091.2,1.5188378613429565,0.0416686343521777,0.0291719338213844,0.0333333333333333,0.0952380952380952,0.0619047619047619,0.0,0.0,0.0,1.0,0.0793650793650793,0.0793650793650793,False,False,1.0,False
re2tt_ts-train-service_mem_2,mem,ts-train-service,direct::POST /api/v1/preserveservice/preserve,POST /api/v1/preserveservice/preserve (direct),POST /api/v1/preserveservice/preserve,41,44,728247.0,1566674.0,2165362.0000000005,660869.5,1826490.75,2210706.48,1.1658397024524567,0.0569471336146429,0.0611221470543292,0.024390243902439,0.0227272727272727,-0.0016629711751662,0.0,0.0,0.0,1.0,-0.0199556541019955,0.0,False,False,1.0,False
re2tt_ts-train-service_mem_2,mem,ts-train-service,direct::POST /api/v1/travel2service/trips/left,POST /api/v1/travel2service/trips/left (direct),POST /api/v1/travel2service/trips/left,884,877,334796.5,1085452.8499999996,1398761.34,488885.0,1430656.2,1740101.6800000004,1.3180270336016902,1.2278357589108375,1.2182755219692445,0.0101809954751131,0.0741163055872291,0.063935310112116,0.0,0.0,0.0,4.012447549178089e-38,0.3567746895267185,0.3567746895267185,False,False,6.018671323767133e-37,True
re2tt_ts-train-service_mem_2,mem,ts-train-service,direct::POST /api/v1/travelservice/trips/left,POST /api/v1/travelservice/trips/left (direct),POST /api/v1/travelservice/trips/left,249,246,780068.0,2250919.8,3368678.280000004,1071029.0,2326540.75,2873524.5000000005,1.033595577239136,0.3458496651230752,0.3417283676219317,0.0120481927710843,0.0,-0.0120481927710843,0.0,0.0,0.0,1.165692671322263e-07,0.2818101674992654,0.2818101674992654,False,False,5.828463356611315e-07,True
re2tt_ts-train-service_mem_2,mem,ts-train-service,direct::POST /api/v1/users/login,POST /api/v1/users/login (direct),POST /api/v1/users/login,962,960,250285.5,905983.8999999996,1202817.29,232131.5,757930.6499999999,972010.7399999998,0.836582912786861,1.3361742082264996,1.333574117549002,0.0103950103950103,0.0,-0.0103950103950103,0.0,0.0,0.0,0.0560717080667141,-0.057876386001386,0.0,False,False,0.1682151242001422,False
re2tt_ts-train-service_mem_2,mem,ts-train-service,direct::PUT /api/v1/consignservice/consigns,PUT /api/v1/consignservice/consigns (direct),PUT /api/v1/consignservice/consigns,75,81,33579.0,104802.3,121740.92000000009,25526.0,54560.0,108424.60000000033,0.5205992616574254,0.1041715858804443,0.112520316168197,0.0133333333333333,0.0123456790123456,-0.0009876543209876,0.0,0.0,0.0,9.358261790023231e-12,-0.6419753086419753,0.0,False,False,7.486609432018585e-11,False
re2tt_ts-train-service_mem_3,mem,ts-train-service,direct::GET /api/v1/adminbasicservice/adminbasic/configs,GET /api/v1/adminbasicservice/adminbasic/configs (direct),GET /api/v1/adminbasicservice/adminbasic/configs,116,110,10900.0,13858.0,17608.949999999986,10600.0,14493.049999999996,20311.62,1.045825515947467,0.1611220763635303,0.153105039800351,0.0172413793103448,0.0454545454545454,0.0282131661442006,0.0,0.0,0.0,0.0750155040370596,-0.1602664576802508,0.0,False,False,0.3000620161482387,False
re2tt_ts-train-service_mem_3,mem,ts-train-service,direct::GET /api/v1/adminbasicservice/adminbasic/prices,GET /api/v1/adminbasicservice/adminbasic/prices (direct),GET /api/v1/adminbasicservice/adminbasic/prices,116,112,11882.0,14693.5,21800.59999999999,11331.5,21286.349999999988,71208.97000000002,1.4486915983257895,0.1611220763635303,0.155888767796721,0.0172413793103448,0.0535714285714285,0.0363300492610837,0.0,0.0,0.0,0.0221363590490684,-0.1948121921182266,0.0,False,False,0.1328181542944104,False
re2tt_ts-train-service_mem_3,mem,ts-train-service,direct::GET /api/v1/admintravelservice/admintravel,GET /api/v1/admintravelservice/admintravel (direct),GET /api/v1/admintravelservice/admintravel,115,112,137732.0,171810.4,242593.6,482963.5,1552880.2499999995,1682425.03,9.038336736309324,0.1597330929466033,0.155888767796721,0.017391304347826,0.9910714285714286,0.9736801242236024,0.0,0.0,0.0,1.7332867115312604e-37,0.987111801242236,0.987111801242236,False,False,2.426601396143765e-36,True
re2tt_ts-train-service_mem_3,mem,ts-train-service,direct::GET /api/v1/assuranceservice/assurances/types,GET /api/v1/assuranceservice/assurances/types (direct),GET /api/v1/assuranceservice/assurances/types,87,94,4231.0,5852.400000000001,14372.46,4032.5,5126.499999999999,11642.079999999998,0.8759654158977511,0.1208415572726477,0.1308352158293908,0.0114942528735632,0.0,-0.0114942528735632,0.0,0.0,0.0,0.0008464105039275,-0.3037417461482025,0.0,False,False,0.0059248735274927,False
re2tt_ts-train-service_mem_3,mem,ts-train-service,direct::GET /api/v1/contactservice/contacts/account/{accountId},GET /api/v1/contactservice/contacts/account/{accountId} (direct),GET /api/v1/contactservice/contacts/account/{accountId},87,94,7298.0,9556.100000000002,16997.02,6627.0,8339.9,15021.179999999977,0.8727305072152863,0.1208415572726477,0.1308352158293908,0.0114942528735632,0.0106382978723404,-0.0008559550012227,0.0,0.0,0.0,2.171251811294091e-09,-0.525189532893128,0.0,False,False,1.7370014490352727e-08,False
re2tt_ts-train-service_mem_3,mem,ts-train-service,direct::GET /api/v1/foodservice/foods/{date}/{startStation}/{endStation}/{tripId},GET /api/v1/foodservice/foods/{date}/{startStation}/{endStation}/{tripId} (direct),GET /api/v1/foodservice/foods/{date}/{startStation}/{endStation}/{tripId},254,245,45646.0,62680.55,108892.6,44478.0,117074.59999999998,298080.20000000007,1.867797905410849,0.3528017878994542,0.3410066795553272,0.0118110236220472,0.0571428571428571,0.0453318335208099,0.0,0.0,0.0,0.0414463862375504,-0.1197171782098666,0.0,False,False,0.2072319311877521,False
re2tt_ts-train-service_mem_3,mem,ts-train-service,direct::POST /api/v1/inside_pay_service/inside_payment,POST /api/v1/inside_pay_service/inside_payment (direct),POST /api/v1/inside_pay_service/inside_payment,71,85,17774.0,103229.5,124248.6,14084.0,104725.79999999994,179769.15999999992,1.0144948876048023,0.0986178226018159,0.1183084398457258,0.0140845070422535,0.0235294117647058,0.0094449047224523,0.0,0.0,0.0,0.1463135621961689,-0.1670256835128417,0.0,False,False,0.4389406865885068,False
re2tt_ts-train-service_mem_3,mem,ts-train-service,direct::POST /api/v1/orderOtherService/orderOther/refresh,POST /api/v1/orderOtherService/orderOther/refresh (direct),POST /api/v1/orderOtherService/orderOther/refresh,59,60,137485.0,166798.1,177822.74000000002,204210.5,238958.25,248396.28,1.4326197360761304,0.0819500215986921,0.0835118398911005,0.0169491525423728,0.8333333333333334,0.8163841807909605,0.0,0.0,0.0,1.142162300535618e-19,0.9728813559322034,0.9728813559322034,False,False,1.2563785305891798e-18,True
re2tt_ts-train-service_mem_3,mem,ts-train-service,direct::POST /api/v1/orderservice/order/refresh,POST /api/v1/orderservice/order/refresh (direct),POST /api/v1/orderservice/order/refresh,90,108,192121.5,249126.3,284237.86,275125.0,354653.9,468390.6099999999,1.4235907650055413,0.1250085075234286,0.150321311803981,0.0111111111111111,0.3703703703703703,0.3592592592592592,0.0,0.0,0.0,2.0487154854160881e-29,0.9353909465020576,0.9353909465020576,False,False,2.663330131040914e-28,True
re2tt_ts-train-service_mem_3,mem,ts-train-service,direct::POST /api/v1/preserveotherservice/preserveOther,POST /api/v1/preserveotherservice/preserveOther (direct),POST /api/v1/preserveotherservice/preserveOther,40,42,473055.0,647739.1499999999,709793.63,737694.0,1736500.45,1821894.52,2.680863816862081,0.0555593366770794,0.0584582879237703,0.025,0.5952380952380952,0.5702380952380952,0.0,0.0,0.0,9.889245798063847e-11,0.8440476190476192,0.8440476190476192,False,False,8.900321218257461e-10,True
re2tt_ts-train-service_mem_3,mem,ts-train-service,direct::POST /api/v1/preserveservice/preserve,POST /api/v1/preserveservice/preserve (direct),POST /api/v1/preserveservice/preserve,47,52,480713.0,648571.8999999999,722814.24,598523.5,1619829.2499999998,1745606.83,2.497532270516191,0.0652822205955683,0.0723769279056204,0.0212765957446808,0.2115384615384615,0.1902618657937806,0.0,0.0,0.0,7.992438186177328e-11,0.7716857610474632,0.7716857610474632,False,False,7.992438186177327e-10,True
re2tt_ts-train-service_mem_3,mem,ts-train-service,direct::POST /api/v1/travel2service/trips/left,POST /api/v1/travel2service/trips/left (direct),POST /api/v1/travel2service/trips/left,914,881,277348.5,326782.9999999999,381370.2800000001,419886.0,1402029.0,1518522.2000000002,4.290397603302499,1.2695308430712646,1.2262321824009932,0.0109409190371991,0.5970488081725313,0.5861078891353322,0.0,0.0,0.0,8.15968439790031e-241,0.904159536234188,0.904159536234188,False,False,1.2239526596850469e-239,True
re2tt_ts-train-service_mem_3,mem,ts-train-service,direct::POST /api/v1/travelservice/trips/left,POST /api/v1/travelservice/trips/left (direct),POST /api/v1/travelservice/trips/left,274,250,647568.5,824319.3999999999,1016926.47,886320.5,1968580.3,2140045.2099999995,2.3881280726863885,0.3805814562379939,0.3479659995462523,0.010948905109489,0.392,0.381051094890511,0.0,0.0,0.0,1.0548458630841175e-24,0.5220291970802919,0.5220291970802919,False,False,1.2658150357009409e-23,True
re2tt_ts-train-service_mem_3,mem,ts-train-service,direct::POST /api/v1/users/login,POST /api/v1/users/login (direct),POST /api/v1/users/login,988,951,222412.5,755921.7999999998,1094760.83,226166.0,781131.5,1123257.5,1.0333496136769706,1.3723156159238614,1.3236626622739438,0.0101214574898785,0.0147213459516298,0.0045998884617513,0.0,0.0,0.0,1.0,0.0175087378723439,0.0175087378723439,False,False,1.0,False
re2tt_ts-train-service_mem_3,mem,ts-train-service,direct::PUT /api/v1/consignservice/consigns,PUT /api/v1/consignservice/consigns (direct),PUT /api/v1/consignservice/consigns,78,83,23524.0,31021.45,38435.860000000095,23005.0,38485.99999999996,105413.5399999993,1.2406254382048538,0.1083407065203048,0.1155247118493557,0.0128205128205128,0.0602409638554216,0.0474204510349088,0.0,0.0,0.0,0.2645207122899416,-0.1376274328081557,0.0,False,False,0.5290414245798832,False
re2tt_ts-train-service_socket_1,socket,ts-train-service,direct::GET /api/v1/adminbasicservice/adminbasic/configs,GET /api/v1/adminbasicservice/adminbasic/configs (direct),GET /api/v1/adminbasicservice/adminbasic/configs,0,50,,,,8674.5,10877.0,16414.35999999999,,0.0,0.069513571829764,,,,,0.0,,,,0.0,True,False,,False
re2tt_ts-train-service_socket_1,socket,ts-train-service,direct::GET /api/v1/adminbasicservice/adminbasic/prices,GET /api/v1/adminbasicservice/adminbasic/prices (direct),GET /api/v1/adminbasicservice/adminbasic/prices,2,43,9116.0,9131.3,9132.66,9392.0,14839.499999999996,17039.12,1.6251245715286975,0.0027889218446486,0.059781671773597,0.5,0.5581395348837209,0.0581395348837209,0.0,0.0,0.0,1.0,,0.0,True,False,,False
re2tt_ts-train-service_socket_1,socket,ts-train-service,direct::GET /api/v1/admintravelservice/admintravel,GET /api/v1/admintravelservice/admintravel (direct),GET /api/v1/admintravelservice/admintravel,0,51,,,,982761.0,1085293.5,1135732.5,,0.0,0.0709038432663593,,,,,0.0,,,,0.0,True,False,,False
re2tt_ts-train-service_socket_1,socket,ts-train-service,direct::GET /api/v1/assuranceservice/assurances/types,GET /api/v1/assuranceservice/assurances/types (direct),GET /api/v1/assuranceservice/assurances/types,0,30,,,,2409.0,3033.7999999999997,7780.790000000005,,0.0,0.0417081430978584,,,,,0.0,,,,0.0,True,False,,False
re2tt_ts-train-service_socket_1,socket,ts-train-service,direct::GET /api/v1/contactservice/contacts/account/{accountId},GET /api/v1/contactservice/contacts/account/{accountId} (direct),GET /api/v1/contactservice/contacts/account/{accountId},2,34,5209.5,5464.65,5487.33,4747.0,5360.0,5569.450000000001,0.9808496427035585,0.0027889218446486,0.0472692288442395,0.5,0.0294117647058823,-0.4705882352941176,0.0,0.0,0.0,1.0,,0.0,True,False,,False
re2tt_ts-train-service_socket_1,socket,ts-train-service,direct::GET /api/v1/foodservice/foods/{date}/{startStation}/{endStation}/{tripId},GET /api/v1/foodservice/foods/{date}/{startStation}/{endStation}/{tripId} (direct),GET /api/v1/foodservice/foods/{date}/{startStation}/{endStation}/{tripId},0,104,,,,41532.5,51531.5,98236.97,,0.0,0.1445882294059092,,,,,0.0,,,,0.0,True,False,,False
re2tt_ts-train-service_socket_1,socket,ts-train-service,direct::POST /api/v1/inside_pay_service/inside_payment,POST /api/v1/inside_pay_service/inside_payment (direct),POST /api/v1/inside_pay_service/inside_payment,0,30,,,,17657.0,71046.84999999995,78558.43,,0.0,0.0417081430978584,,,,,0.0,,,,0.0,True,False,,False
re2tt_ts-train-service_socket_1,socket,ts-train-service,direct::POST /api/v1/orderOtherService/orderOther/refresh,POST /api/v1/orderOtherService/orderOther/refresh (direct),POST /api/v1/orderOtherService/orderOther/refresh,0,27,,,,1559204.0,1726499.1,1784253.0599999998,,0.0,0.0375373287880725,,,,,0.0,,,,0.0,True,False,,False
re2tt_ts-train-service_socket_1,socket,ts-train-service,direct::POST /api/v1/orderservice/order/refresh,POST /api/v1/orderservice/order/refresh (direct),POST /api/v1/orderservice/order/refresh,0,36,,,,2287733.0,2518983.0,2755479.45,,0.0,0.0500497717174301,,,,,0.0,,,,0.0,True,False,,False
re2tt_ts-train-service_socket_1,socket,ts-train-service,direct::POST /api/v1/preserveotherservice/preserveOther,POST /api/v1/preserveotherservice/preserveOther (direct),POST /api/v1/preserveotherservice/preserveOther,0,19,,,,886375.0,1088580.299999999,1370080.86,,0.0,0.0264151572953103,,,,,0.0,,,,0.0,True,False,,False
re2tt_ts-train-service_socket_1,socket,ts-train-service,direct::POST /api/v1/preserveservice/preserve,POST /api/v1/preserveservice/preserve (direct),POST /api/v1/preserveservice/preserve,1,17,614634.0,614634.0,614634.0,1014685.0,1195700.4,1197496.88,1.9453860346157223,0.0013944609223243,0.0236346144221197,0.0,1.0,1.0,0.0,0.0,0.0,1.0,,0.0,True,False,,False
re2tt_ts-train-service_socket_1,socket,ts-train-service,direct::POST /api/v1/travel2service/trips/left,POST /api/v1/travel2service/trips/left (direct),POST /api/v1/travel2service/trips/left,0,365,,,,506066.0,686859.6,725855.1600000001,,0.0,0.5074490743572775,,,,,0.0,,,,0.0,True,False,,False
re2tt_ts-train-service_socket_1,socket,ts-train-service,direct::POST /api/v1/travelservice/trips/left,POST /api/v1/travelservice/trips/left (direct),POST /api/v1/travelservice/trips/left,0,112,,,,1285644.0,1599865.5499999996,1739037.4,,0.0,0.1557104008986714,,,,,0.0,,,,0.0,True,False,,False
re2tt_ts-train-service_socket_1,socket,ts-train-service,direct::POST /api/v1/users/login,POST /api/v1/users/login (direct),POST /api/v1/users/login,0,409,,,,217345.0,637237.5999999999,935433.0800000004,,0.0,0.5686210175674699,,,,,0.0,,,,0.0,True,False,,False
re2tt_ts-train-service_socket_1,socket,ts-train-service,direct::PUT /api/v1/consignservice/consigns,PUT /api/v1/consignservice/consigns (direct),PUT /api/v1/consignservice/consigns,0,36,,,,16267.0,19852.5,23790.2,,0.0,0.0500497717174301,,,,,0.0,,,,0.0,True,False,,False
re2tt_ts-train-service_socket_2,socket,ts-train-service,direct::GET /api/v1/adminbasicservice/adminbasic/configs,GET /api/v1/adminbasicservice/adminbasic/configs (direct),GET /api/v1/adminbasicservice/adminbasic/configs,117,112,9348.0,13600.399999999992,16352.8,9294.0,11607.249999999996,15976.43,0.8534491632599042,0.1625009027827932,0.1555594445416691,0.017094017094017,0.0089285714285714,-0.0081654456654456,0.0,0.0,0.0,1.0,0.0070970695970695,0.0070970695970695,False,False,1.0,False
re2tt_ts-train-service_socket_2,socket,ts-train-service,direct::GET /api/v1/adminbasicservice/adminbasic/prices,GET /api/v1/adminbasicservice/adminbasic/prices (direct),GET /api/v1/adminbasicservice/adminbasic/prices,115,113,9784.0,12414.3,16678.6,9495.0,12804.599999999997,16032.239999999998,1.0314395495517263,0.1597231095728309,0.1569483681536483,0.017391304347826,0.0088495575221238,-0.0085417468257021,0.0,0.0,0.0,0.8836652637492994,-0.059022701038861,0.0,False,False,1.0,False
re2tt_ts-train-service_socket_2,socket,ts-train-service,direct::GET /api/v1/admintravelservice/admintravel,GET /api/v1/admintravelservice/admintravel (direct),GET /api/v1/admintravelservice/admintravel,117,112,138089.0,163345.4,184198.84000000003,677224.0,1075575.35,1099857.68,6.5846687448804815,0.1625009027827932,0.1555594445416691,0.017094017094017,0.9196428571428572,0.90254884004884,0.0,0.0,0.0,1.0803576149294684e-32,0.9152930402930404,0.9152930402930404,False,False,1.5125006609012559e-31,True
re2tt_ts-train-service_socket_2,socket,ts-train-service,direct::GET /api/v1/assuranceservice/assurances/types,GET /api/v1/assuranceservice/assurances/types (direct),GET /api/v1/assuranceservice/assurances/types,80,89,3173.0,3930.65,6210.00999999994,3123.0,3839.2,11773.200000000024,0.9767341279432156,0.1111117283984911,0.1236142014661477,0.0125,0.0224719101123595,0.0099719101123595,0.0,0.0,0.0,0.3709899713749565,-0.1182584269662921,0.0,False,False,1.0,False
re2tt_ts-train-service_socket_2,socket,ts-train-service,direct::GET /api/v1/contactservice/contacts/account/{accountId},GET /api/v1/contactservice/contacts/account/{accountId} (direct),GET /api/v1/contactservice/contacts/account/{accountId},80,88,5971.5,14960.4,108311.33999999842,5478.5,6723.15,10386.29999999998,0.4493964065131948,0.1111117283984911,0.1222252778541685,0.0125,0.0,-0.0125,0.0,0.0,0.0,6.6046563136643405e-06,-0.4161931818181817,0.0,False,False,5.283725050931472e-05,False
re2tt_ts-train-service_socket_2,socket,ts-train-service,direct::GET /api/v1/foodservice/foods/{date}/{startStation}/{endStation}/{tripId},GET /api/v1/foodservice/foods/{date}/{startStation}/{endStation}/{tripId} (direct),GET /api/v1/foodservice/foods/{date}/{startStation}/{endStation}/{tripId},255,260,41748.0,52944.39999999998,89474.16000000015,42211.0,58597.69999999999,112646.96,1.1067780539584926,0.3541686342701904,0.361120139114589,0.0117647058823529,0.0346153846153846,0.0228506787330316,0.0,0.0,0.0,1.0,0.0187782805429863,0.0187782805429863,False,False,1.0,False
re2tt_ts-train-service_socket_2,socket,ts-train-service,direct::POST /api/v1/inside_pay_service/inside_payment,POST /api/v1/inside_pay_service/inside_payment (direct),POST /api/v1/inside_pay_service/inside_payment,82,78,39490.5,51978.55,64833.789999999935,19086.0,54979.599999999984,92474.97000000004,1.0577363162304447,0.1138895216084533,0.1083360417343766,0.0121951219512195,0.0256410256410256,0.0134459036898061,0.0,0.0,0.0,1.0,-0.040650406504065,0.0,False,False,1.0,False
re2tt_ts-train-service_socket_2,socket,ts-train-service,direct::POST /api/v1/orderOtherService/orderOther/refresh,POST /api/v1/orderOtherService/orderOther/refresh (direct),POST /api/v1/orderOtherService/orderOther/refresh,67,72,500515.0,578214.6,622331.18,531435.0,622927.8,640175.5800000001,1.0773297664915416,0.0930560725337363,0.1000025000625015,0.0149253731343283,0.0555555555555555,0.0406301824212271,0.0,0.0,0.0,5.731689960255261e-07,0.5049751243781095,0.5049751243781095,False,False,5.158520964229735e-06,True
re2tt_ts-train-service_socket_2,socket,ts-train-service,direct::POST /api/v1/orderservice/order/refresh,POST /api/v1/orderservice/order/refresh (direct),POST /api/v1/orderservice/order/refresh,97,93,665099.0,768080.0,833506.2799999997,748746.0,816426.9999999999,835706.7999999999,1.0629452661181125,0.1347229706831704,0.1291698959140645,0.0103092783505154,0.021505376344086,0.0111960979935705,0.0,0.0,0.0,7.004389150427186e-20,0.7731958762886597,0.7731958762886597,False,False,8.405266980512623e-19,True
re2tt_ts-train-service_socket_2,socket,ts-train-service,direct::POST /api/v1/preserveotherservice/preserveOther,POST /api/v1/preserveotherservice/preserveOther (direct),POST /api/v1/preserveotherservice/preserveOther,30,39,514424.0,611066.3499999999,670718.93,782480.0,1005390.2000000004,1237209.4399999997,1.6453044747104804,0.0416668981494341,0.0541680208671883,0.0333333333333333,0.7948717948717948,0.7615384615384615,0.0,0.0,0.0,1.8104503342398084e-10,0.9162393162393164,0.9162393162393164,False,False,1.8104503342398082e-09,True
re2tt_ts-train-service_socket_2,socket,ts-train-service,direct::POST /api/v1/preserveservice/preserve,POST /api/v1/preserveservice/preserve (direct),POST /api/v1/preserveservice/preserve,49,49,499349.0,568283.0,698490.9199999998,769595.0,979743.1999999996,1059429.7599999995,1.724041014776088,0.0680559336440758,0.0680572569869802,0.0204081632653061,0.6938775510204082,0.673469387755102,0.0,0.0,0.0,1.0928949949232076e-14,0.916701374427322,0.916701374427322,False,False,1.2021844944155285e-13,True
re2tt_ts-train-service_socket_2,socket,ts-train-service,direct::POST /api/v1/travel2service/trips/left,POST /api/v1/travel2service/trips/left (direct),POST /api/v1/travel2service/trips/left,912,906,293239.0,336366.0,357849.61,412965.5,691314.25,881312.4000000004,2.0552441388249703,1.2666737037427986,1.2583647924531447,0.0109649122807017,0.7582781456953642,0.7473132334146625,0.0,0.0,0.0,2.8892565610767363e-205,0.8287803532008831,0.8287803532008831,False,False,4.3338848416151054e-204,True
re2tt_ts-train-service_socket_2,socket,ts-train-service,direct::POST /api/v1/travelservice/trips/left,POST /api/v1/travelservice/trips/left (direct),POST /api/v1/travelservice/trips/left,268,239,649986.0,723149.0999999999,801148.0099999998,877125.0,1382253.9,1758455.9800000002,1.9114369360343533,0.3722242901349452,0.331952743263026,0.0111940298507462,0.5188284518828452,0.507634422032099,0.0,0.0,0.0,5.055201809214272e-21,0.487478923374758,0.487478923374758,False,False,6.571762351978555e-20,True
re2tt_ts-train-service_socket_2,socket,ts-train-service,direct::POST /api/v1/users/login,POST /api/v1/users/login (direct),POST /api/v1/users/login,999,980,223062.0,655276.7999999985,895076.8399999999,225894.0,884623.5499999997,1340416.610000003,1.3499998016105583,1.3875077083761578,1.3611451397396046,0.01001001001001,0.0479591836734693,0.0379491736634593,0.0,0.0,0.0,0.3308093234029348,0.0360166288737717,0.0360166288737717,False,False,1.0,False
re2tt_ts-train-service_socket_2,socket,ts-train-service,direct::PUT /api/v1/consignservice/consigns,PUT /api/v1/consignservice/consigns (direct),PUT /api/v1/consignservice/consigns,82,86,19714.0,26864.6,32428.439999999995,19453.0,23728.5,33086.10000000005,0.8832627323689912,0.1138895216084533,0.1194474306302102,0.0121951219512195,0.0116279069767441,-0.0005672149744753,0.0,0.0,0.0,0.2775985855086919,-0.1324446965399887,0.0,False,False,1.0,False
re2tt_ts-train-service_socket_3,socket,ts-train-service,direct::GET /api/v1/adminbasicservice/adminbasic/configs,GET /api/v1/adminbasicservice/adminbasic/configs (direct),GET /api/v1/adminbasicservice/adminbasic/configs,110,106,14131.5,23184.84999999999,67523.62999999998,11763.5,17507.5,67163.05000000002,0.7551267314647283,0.1527854170486302,0.1472222222222222,0.0181818181818181,0.0188679245283018,0.0006861063464837,0.0,0.0,0.0,7.363689578909479e-18,-0.6843910806174958,0.0,False,False,7.363689578909481e-17,False
re2tt_ts-train-service_socket_3,socket,ts-train-service,direct::GET /api/v1/adminbasicservice/adminbasic/prices,GET /api/v1/adminbasicservice/adminbasic/prices (direct),GET /api/v1/adminbasicservice/adminbasic/prices,110,106,15719.0,30686.54999999999,70527.57999999996,12367.5,16037.25,20634.250000000004,0.5226149567155645,0.1527854170486302,0.1472222222222222,0.0181818181818181,0.0094339622641509,-0.0087478559176672,0.0,0.0,0.0,1.510582752192412e-22,-0.7751286449399657,0.0,False,False,1.661641027411653e-21,False
re2tt_ts-train-service_socket_3,socket,ts-train-service,direct::GET /api/v1/admintravelservice/admintravel,GET /api/v1/admintravelservice/admintravel (direct),GET /api/v1/admintravelservice/admintravel,111,105,189387.0,583003.5,777220.200000001,901807.0,1085017.4,1098308.36,1.8610821375857949,0.1541743753854359,0.1458333333333333,0.018018018018018,0.8761904761904762,0.8581724581724581,0.0,0.0,0.0,3.738120764603229e-35,0.9790647790647792,0.9790647790647792,False,False,5.607181146904843e-34,True
re2tt_ts-train-service_socket_3,socket,ts-train-service,direct::GET /api/v1/assuranceservice/assurances/types,GET /api/v1/assuranceservice/assurances/types (direct),GET /api/v1/assuranceservice/assurances/types,84,83,6714.0,11308.899999999998,33144.55000000006,5102.0,7618.799999999998,16197.699999999975,0.6736994756342349,0.1166725002916812,0.1152777777777777,0.0119047619047619,0.0,-0.0119047619047619,0.0,0.0,0.0,3.6682949635615393e-16,-0.7379518072289157,0.0,False,False,3.0068346221301894e-15,False
re2tt_ts-train-service_socket_3,socket,ts-train-service,direct::GET /api/v1/contactservice/contacts/account/{accountId},GET /api/v1/contactservice/contacts/account/{accountId} (direct),GET /api/v1/contactservice/contacts/account/{accountId},84,83,11154.5,22114.99999999998,92377.78000000004,8743.0,11868.499999999993,16862.379999999997,0.5366719421207327,0.1166725002916812,0.1152777777777777,0.0119047619047619,0.0,-0.0119047619047619,0.0,0.0,0.0,3.3409273579224327e-16,-0.7389558232931727,0.0,False,False,3.0068346221301894e-15,False
re2tt_ts-train-service_socket_3,socket,ts-train-service,direct::GET /api/v1/foodservice/foods/{date}/{startStation}/{endStation}/{tripId},GET /api/v1/foodservice/foods/{date}/{startStation}/{endStation}/{tripId} (direct),GET /api/v1/foodservice/foods/{date}/{startStation}/{endStation}/{tripId},254,260,59749.5,143044.69999999998,288508.81,47790.0,102549.19999999995,181659.4700000001,0.7169031778178429,0.3527954175486552,0.3611111111111111,0.0118110236220472,0.0,-0.0118110236220472,0.0,0.0,0.0,2.2952178792781369e-29,-0.576741368867353,0.0,False,False,2.7542614551337647e-28,False
re2tt_ts-train-service_socket_3,socket,ts-train-service,direct::POST /api/v1/inside_pay_service/inside_payment,POST /api/v1/inside_pay_service/inside_payment (direct),POST /api/v1/inside_pay_service/inside_payment,76,85,53067.5,201525.25,242407.0,51089.0,128319.8,247497.35999999853,0.6367430384033763,0.1055608335972354,0.1180555555555555,0.0131578947368421,0.0117647058823529,-0.0013931888544891,0.0,0.0,0.0,0.3609752089933631,-0.1226006191950463,0.0,False,False,0.7219504179867262,False
re2tt_ts-train-service_socket_3,socket,ts-train-service,direct::POST /api/v1/orderOtherService/orderOther/refresh,POST /api/v1/orderOtherService/orderOther/refresh (direct),POST /api/v1/orderOtherService/orderOther/refresh,64,59,49886.0,89983.74999999996,114910.74,88331.0,109536.2,113995.1,1.2172886771222586,0.0888933335555666,0.0819444444444444,0.015625,0.0,-0.015625,0.0,0.0,0.0,4.467450426122463e-16,0.8591101694915255,0.8591101694915255,False,False,3.1272152982857244e-15,True
re2tt_ts-train-service_socket_3,socket,ts-train-service,direct::POST /api/v1/orderservice/order/refresh,POST /api/v1/orderservice/order/refresh (direct),POST /api/v1/orderservice/order/refresh,102,109,72776.5,102768.1,113889.30999999998,138644.0,194076.4,210276.00000000003,1.8884887431021884,0.1416737503541843,0.1513888888888888,0.0196078431372549,0.8165137614678899,0.796905918330635,0.0,0.0,0.0,1.0349614767745409e-33,0.9694189602446484,0.9694189602446484,False,False,1.448946067484357e-32,True
re2tt_ts-train-service_socket_3,socket,ts-train-service,direct::POST /api/v1/preserveotherservice/preserveOther,POST /api/v1/preserveotherservice/preserveOther (direct),POST /api/v1/preserveotherservice/preserveOther,35,26,776780.0,1454328.6,1861818.679999998,829605.0,1026131.0,1141171.25,0.7055702542052739,0.0486135417882005,0.0361111111111111,0.0285714285714285,0.0,-0.0285714285714285,0.0,0.0,0.0,0.6937557601017619,0.1428571428571428,0.1428571428571428,False,False,0.7219504179867262,False
re2tt_ts-train-service_socket_3,socket,ts-train-service,direct::POST /api/v1/preserveservice/preserve,POST /api/v1/preserveservice/preserve (direct),POST /api/v1/preserveservice/preserve,49,57,611033.0,1123490.4,1960635.3999999987,782376.0,1210199.4,1349491.6799999997,1.077178229560306,0.0680589585034807,0.0791666666666666,0.0204081632653061,0.0,-0.0204081632653061,0.0,0.0,0.0,0.003066127526514,0.3583959899749374,0.3583959899749374,False,False,0.0091983825795421,True
re2tt_ts-train-service_socket_3,socket,ts-train-service,direct::POST /api/v1/travel2service/trips/left,POST /api/v1/travel2service/trips/left (direct),POST /api/v1/travel2service/trips/left,889,872,364522.0,985152.2,1356585.12,493962.5,707235.6,982091.4399999998,0.7178947577846347,1.2347839614202931,1.211111111111111,0.0101237345331833,0.0,-0.0101237345331833,0.0,0.0,0.0,8.82920484515289e-30,0.3136603337426857,0.3136603337426857,False,False,1.1477966298698752e-28,True
re2tt_ts-train-service_socket_3,socket,ts-train-service,direct::POST /api/v1/travelservice/trips/left,POST /api/v1/travelservice/trips/left (direct),POST /api/v1/travelservice/trips/left,268,266,763239.5,2457355.8499999978,3050056.089999997,1085908.5,1782441.75,2310302.600000001,0.7253494645474328,0.3722408342639354,0.3694444444444444,0.0111940298507462,0.0,-0.0111940298507462,0.0,0.0,0.0,0.0007169904249269,0.1785153181461116,0.1785153181461116,False,False,0.0028679616997079,True
re2tt_ts-train-service_socket_3,socket,ts-train-service,direct::POST /api/v1/users/login,POST /api/v1/users/login (direct),POST /api/v1/users/login,965,952,241385.0,872812.3999999999,1648496.9200000002,221806.5,713772.3499999997,1026572.55,0.8177843829899757,1.3403447950175285,1.3222222222222222,0.0103626943005181,0.0,-0.0103626943005181,0.0,0.0,0.0,1.3213780954587643e-05,-0.1188705534027082,0.0,False,False,6.606890477293823e-05,False
re2tt_ts-train-service_socket_3,socket,ts-train-service,direct::PUT /api/v1/consignservice/consigns,PUT /api/v1/consignservice/consigns (direct),PUT /api/v1/consignservice/consigns,90,83,33469.0,97599.7,182494.54,26801.0,69138.0999999998,104382.39999999944,0.708384349542056,0.1250062503125156,0.1152777777777777,0.0111111111111111,0.0,-0.0111111111111111,0.0,0.0,0.0,4.3051773591178725e-11,-0.5900937081659974,0.0,False,False,2.583106415470724e-10,False
re2tt_ts-travel-service_cpu_1,cpu,ts-travel-service,direct::GET /api/v1/adminbasicservice/adminbasic/configs,GET /api/v1/adminbasicservice/adminbasic/configs (direct),GET /api/v1/adminbasicservice/adminbasic/configs,117,111,15117.0,22343.599999999995,61748.60000000015,12578.0,15707.5,67499.20000000003,0.7029977264183034,0.1625237013731169,0.1542712282769432,0.017094017094017,0.027027027027027,0.0099330099330099,0.0,0.0,0.0,7.855427257830654e-22,-0.7416647416647417,0.0,False,False,9.426512709396784e-21,False
re2tt_ts-travel-service_cpu_1,cpu,ts-travel-service,direct::GET /api/v1/adminbasicservice/adminbasic/prices,GET /api/v1/adminbasicservice/adminbasic/prices (direct),GET /api/v1/adminbasicservice/adminbasic/prices,116,111,16286.5,36120.0,68692.64999999998,13276.0,18261.0,46365.00000000015,0.5055647840531562,0.1611346099083894,0.1542712282769432,0.0172413793103448,0.0,-0.0172413793103448,0.0,0.0,0.0,4.689877690001367e-24,-0.7824634979807393,0.0,False,False,6.096840997001778e-23,False
re2tt_ts-travel-service_cpu_1,cpu,ts-travel-service,direct::GET /api/v1/admintravelservice/admintravel,GET /api/v1/admintravelservice/admintravel (direct),GET /api/v1/admintravelservice/admintravel,117,110,198946.0,636681.7999999998,854070.2,277988.5,466925.95,569279.94,0.7333741124687405,0.1625237013731169,0.1528813973915654,0.017094017094017,0.0,-0.017094017094017,0.0,0.0,0.0,3.3072956734605064e-06,0.3682983682983682,0.3682983682983682,False,False,1.3229182693842024e-05,True
re2tt_ts-travel-service_cpu_1,cpu,ts-travel-service,direct::GET /api/v1/assuranceservice/assurances/types,GET /api/v1/assuranceservice/assurances/types (direct),GET /api/v1/assuranceservice/assurances/types,80,70,6537.5,11525.8,34566.38999999974,4776.0,5961.7,8992.430000000018,0.517248260424439,0.1111273171781996,0.0972881619764507,0.0125,0.0,-0.0125,0.0,0.0,0.0,8.139253057543812e-20,-0.8710714285714286,0.0,False,False,8.953178363298194e-19,False
re2tt_ts-travel-service_cpu_1,cpu,ts-travel-service,direct::GET /api/v1/contactservice/contacts/account/{accountId},GET /api/v1/contactservice/contacts/account/{accountId} (direct),GET /api/v1/contactservice/contacts/account/{accountId},80,70,12074.0,17476.249999999996,59697.19999999896,9445.0,11826.85,15655.070000000022,0.6767384307274159,0.1111273171781996,0.0972881619764507,0.0125,0.0,-0.0125,0.0,0.0,0.0,4.339682767701952e-16,-0.77875,0.0,False,False,3.471746214161561e-15,False
re2tt_ts-travel-service_cpu_1,cpu,ts-travel-service,direct::GET /api/v1/foodservice/foods/{date}/{startStation}/{endStation}/{tripId},GET /api/v1/foodservice/foods/{date}/{startStation}/{endStation}/{tripId} (direct),GET /api/v1/foodservice/foods/{date}/{startStation}/{endStation}/{tripId},265,290,62826.0,171773.79999999996,229230.80000000008,102502.0,139097.20000000004,202240.4000000001,0.8097695923359678,0.3681092381527862,0.4030509567595815,0.0113207547169811,0.0034482758620689,-0.0078724788549121,0.0,0.0,0.0,1.1738135165135517e-15,0.3973975276512687,0.3973975276512687,False,False,8.216694615594861e-15,True
re2tt_ts-travel-service_cpu_1,cpu,ts-travel-service,direct::POST /api/v1/inside_pay_service/inside_payment,POST /api/v1/inside_pay_service/inside_payment (direct),POST /api/v1/inside_pay_service/inside_payment,86,94,58780.0,167741.5,214300.85000000003,18197.0,109560.5,121973.3,0.6531508302954248,0.1194618659665645,0.1306441032255195,0.0116279069767441,0.0,-0.0116279069767441,0.0,0.0,0.0,2.600148931174232e-05,-0.3767936665017318,0.0,False,False,7.800446793522695e-05,False
re2tt_ts-travel-service_cpu_1,cpu,ts-travel-service,direct::POST /api/v1/orderOtherService/orderOther/refresh,POST /api/v1/orderOtherService/orderOther/refresh (direct),POST /api/v1/orderOtherService/orderOther/refresh,59,66,50434.0,121357.89999999983,161275.42000000004,88997.5,114319.0,151155.3,0.9419988315552604,0.0819563964189222,0.0917288384349392,0.0169491525423728,0.0,-0.0169491525423728,0.0,0.0,0.0,3.024959264871927e-13,0.7673343605546996,0.7673343605546996,False,False,1.814975558923156e-12,True
re2tt_ts-travel-service_cpu_1,cpu,ts-travel-service,direct::POST /api/v1/orderservice/order/refresh,POST /api/v1/orderservice/order/refresh (direct),POST /api/v1/orderservice/order/refresh,107,120,90683.0,121335.1,179048.29999999993,156633.0,204719.15,222628.38000000003,1.687221175076297,0.1486327867258419,0.166779706245344,0.0186915887850467,0.3083333333333333,0.2896417445482866,0.0,0.0,0.0,1.5488358608099763e-34,0.9473520249221185,0.9473520249221185,False,False,2.168370205133967e-33,True
re2tt_ts-travel-service_cpu_1,cpu,ts-travel-service,direct::POST /api/v1/preserveotherservice/preserveOther,POST /api/v1/preserveotherservice/preserveOther (direct),POST /api/v1/preserveotherservice/preserveOther,28,23,700841.0,1268156.6999999995,1520935.16,556778.0,753548.9999999999,809585.42,0.5942081132402645,0.0388945610123698,0.0319661103636909,0.0357142857142857,0.0,-0.0357142857142857,0.0,0.0,0.0,0.0007724036865518,-0.5838509316770186,0.0,False,False,0.0015448073731036,False
re2tt_ts-travel-service_cpu_1,cpu,ts-travel-service,direct::POST /api/v1/preserveservice/preserve,POST /api/v1/preserveservice/preserve (direct),POST /api/v1/preserveservice/preserve,52,47,722650.5,1543274.4,1764715.3200000003,968379.0,1184407.3999999997,1568970.36,0.7674639066131077,0.0722327561658297,0.0653220516127597,0.0192307692307692,0.0,-0.0192307692307692,0.0,0.0,0.0,2.042785947996984e-06,0.5711947626841243,0.5711947626841243,False,False,1.021392973998492e-05,True
re2tt_ts-travel-service_cpu_1,cpu,ts-travel-service,direct::POST /api/v1/travel2service/trips/left,POST /api/v1/travel2service/trips/left (direct),POST /api/v1/travel2service/trips/left,1005,993,381007.0,934060.8,1332436.1600000004,300670.0,414480.9999999999,529726.8800000004,0.4437409213618641,1.3960369220511324,1.3801020691802222,0.0109452736318407,0.0,-0.0109452736318407,0.0,0.0,0.0,4.30728241380602e-140,-0.6517974077247197,0.0,False,False,6.460923620709031e-139,False
re2tt_ts-travel-service_cpu_1,cpu,ts-travel-service,direct::POST /api/v1/travelservice/trips/left,POST /api/v1/travelservice/trips/left (direct),POST /api/v1/travelservice/trips/left,290,315,782958.5,2395255.0500000003,2804809.480000002,1545966.0,2073917.0,2597986.080000001,0.8658439108603486,0.4028365247709735,0.4377967288940282,0.0103448275862068,0.0,-0.0103448275862068,0.0,0.0,0.0,9.897395173353819e-18,0.406984126984127,0.406984126984127,False,False,9.89739517335382e-17,True
re2tt_ts-travel-service_cpu_1,cpu,ts-travel-service,direct::POST /api/v1/users/login,POST /api/v1/users/login (direct),POST /api/v1/users/login,1091,1080,256707.0,821580.5,1106462.0999999945,270801.5,908227.1,1406475.3400000045,1.105463311264082,1.515498788017697,1.5010173562080966,0.0100824931255728,0.0212962962962962,0.0112138031707234,0.0,0.0,0.0,0.6343706151035993,0.0247954645754828,0.0247954645754828,False,False,0.6343706151035993,False
re2tt_ts-travel-service_cpu_1,cpu,ts-travel-service,direct::PUT /api/v1/consignservice/consigns,PUT /api/v1/consignservice/consigns (direct),PUT /api/v1/consignservice/consigns,80,92,35539.0,107704.4,133969.0899999995,27276.5,68815.65000000001,111238.24000000028,0.6389307214932725,0.1111273171781996,0.1278644414547638,0.0125,0.0108695652173913,-0.0016304347826086,0.0,0.0,0.0,2.0899640100179766e-16,-0.7347826086956522,0.0,False,False,1.880967609016179e-15,False
re2tt_ts-travel-service_cpu_2,cpu,ts-travel-service,direct::GET /api/v1/adminbasicservice/adminbasic/configs,GET /api/v1/adminbasicservice/adminbasic/configs (direct),GET /api/v1/adminbasicservice/adminbasic/configs,116,114,9976.0,12704.5,18468.7,10136.0,13052.299999999994,17938.32,1.0273761265693253,0.1611111111111111,0.1583628064111931,0.0172413793103448,0.0087719298245614,-0.0084694494857834,0.0,0.0,0.0,1.0,0.0333484573502722,0.0333484573502722,False,False,1.0,False
re2tt_ts-travel-service_cpu_2,cpu,ts-travel-service,direct::GET /api/v1/adminbasicservice/adminbasic/prices,GET /api/v1/adminbasicservice/adminbasic/prices (direct),GET /api/v1/adminbasicservice/adminbasic/prices,116,115,10527.0,16215.5,34814.24999999989,10433.0,12865.2,18820.62,0.7933890413493262,0.1611111111111111,0.1597519538358527,0.0172413793103448,0.0,-0.0172413793103448,0.0,0.0,0.0,0.9253157486688556,-0.0559970014992503,0.0,False,False,1.0,False
re2tt_ts-travel-service_cpu_2,cpu,ts-travel-service,direct::GET /api/v1/admintravelservice/admintravel,GET /api/v1/admintravelservice/admintravel (direct),GET /api/v1/admintravelservice/admintravel,116,114,133239.0,155006.75,183333.14999999997,257011.0,336699.9,437942.7200000003,2.172162825167291,0.1611111111111111,0.1583628064111931,0.0172413793103448,0.912280701754386,0.895039322444041,0.0,0.0,0.0,1.4016349708865331e-38,0.9953115547489412,0.9953115547489412,False,False,1.9622889592411464e-37,True
re2tt_ts-travel-service_cpu_2,cpu,ts-travel-service,direct::GET /api/v1/assuranceservice/assurances/types,GET /api/v1/assuranceservice/assurances/types (direct),GET /api/v1/assuranceservice/assurances/types,81,71,3690.0,4363.0,5348.400000000012,3586.0,4700.0,8173.699999999973,1.0772404308961725,0.1125,0.0986294671508308,0.0123456790123456,0.028169014084507,0.0158233350721613,0.0,0.0,0.0,0.1192878952222882,-0.1775343418535906,0.0,False,False,0.7157273713337294,False
re2tt_ts-travel-service_cpu_2,cpu,ts-travel-service,direct::GET /api/v1/contactservice/contacts/account/{accountId},GET /api/v1/contactservice/contacts/account/{accountId} (direct),GET /api/v1/contactservice/contacts/account/{accountId},81,71,6934.0,8342.0,13641.000000000022,6535.0,7762.0,8301.5,0.9304723087988492,0.1125,0.0986294671508308,0.0123456790123456,0.0,-0.0123456790123456,0.0,0.0,0.0,0.0111575142165739,-0.2611719700921578,0.0,False,False,0.0781025995160175,False
re2tt_ts-travel-service_cpu_2,cpu,ts-travel-service,direct::GET /api/v1/foodservice/foods/{date}/{startStation}/{endStation}/{tripId},GET /api/v1/foodservice/foods/{date}/{startStation}/{endStation}/{tripId} (direct),GET /api/v1/foodservice/foods/{date}/{startStation}/{endStation}/{tripId},269,233,41625.0,57335.4,103446.91999999998,83426.0,111634.8,118146.4,1.9470484203476384,0.3736111111111111,0.3236713499456843,0.0111524163568773,0.2317596566523605,0.2206072402954831,0.0,0.0,0.0,4.7341057447201515e-34,0.6321617180145827,0.6321617180145827,False,False,6.1543374681361974e-33,True
re2tt_ts-travel-service_cpu_2,cpu,ts-travel-service,direct::POST /api/v1/inside_pay_service/inside_payment,POST /api/v1/inside_pay_service/inside_payment (direct),POST /api/v1/inside_pay_service/inside_payment,77,71,14063.0,56210.8,84543.27999999993,41867.0,57352.0,104975.8,1.0203021483415995,0.1069444444444444,0.0986294671508308,0.0129870129870129,0.028169014084507,0.015182001097494,0.0,0.0,0.0,0.1389093068022508,0.173221145052131,0.173221145052131,False,False,0.7157273713337294,False
re2tt_ts-travel-service_cpu_2,cpu,ts-travel-service,direct::POST /api/v1/orderOtherService/orderOther/refresh,POST /api/v1/orderOtherService/orderOther/refresh (direct),POST /api/v1/orderOtherService/orderOther/refresh,71,68,242186.0,288414.5,301422.3,289314.0,319670.3,331043.68,1.1083711117159505,0.0986111111111111,0.094462024876852,0.0140845070422535,0.3088235294117647,0.2947390223695112,0.0,0.0,0.0,2.9523846854399223e-18,0.8645401822700911,0.8645401822700911,False,False,3.247623153983914e-17,True
re2tt_ts-travel-service_cpu_2,cpu,ts-travel-service,direct::POST /api/v1/orderservice/order/refresh,POST /api/v1/orderservice/order/refresh (direct),POST /api/v1/orderservice/order/refresh,87,87,222082.0,277563.50000000006,291900.7,300440.0,348962.7,358652.26,1.2572355515044302,0.1208333333333333,0.1208558259453842,0.0114942528735632,0.632183908045977,0.6206896551724138,0.0,0.0,0.0,2.719870416724116e-26,0.937111903818206,0.937111903818206,False,False,3.26384450006894e-25,True
re2tt_ts-travel-service_cpu_2,cpu,ts-travel-service,direct::POST /api/v1/preserveotherservice/preserveOther,POST /api/v1/preserveotherservice/preserveOther (direct),POST /api/v1/preserveotherservice/preserveOther,31,33,492136.0,585402.5,619310.5,501465.0,543708.0,554686.64,0.9287763547302924,0.0430555555555555,0.0458418650137664,0.032258064516129,0.0,-0.032258064516129,0.0,0.0,0.0,1.0,0.0889540566959921,0.0889540566959921,False,False,1.0,False
re2tt_ts-travel-service_cpu_2,cpu,ts-travel-service,direct::POST /api/v1/preserveservice/preserve,POST /api/v1/preserveservice/preserve (direct),POST /api/v1/preserveservice/preserve,50,38,473285.0,599829.1,625978.48,830099.0,992746.5,1027621.0800000002,1.6550489130987478,0.0694444444444444,0.0527876021370644,0.02,0.9473684210526316,0.9273684210526316,0.0,0.0,0.0,3.089238914668573e-15,0.996842105263158,0.996842105263158,False,False,3.089238914668573e-14,True
re2tt_ts-travel-service_cpu_2,cpu,ts-travel-service,direct::POST /api/v1/travel2service/trips/left,POST /api/v1/travel2service/trips/left (direct),POST /api/v1/travel2service/trips/left,901,902,287981.0,321481.0,344604.0,291712.5,326934.55,347137.33,1.016963833010349,1.2513888888888889,1.2530109770429496,0.0099889012208657,0.0110864745011086,0.0010975732802429,0.0,0.0,0.0,0.0087837286692597,0.0774859665658507,0.0774859665658507,False,False,0.0702698293540782,False
re2tt_ts-travel-service_cpu_2,cpu,ts-travel-service,direct::POST /api/v1/travelservice/trips/left,POST /api/v1/travelservice/trips/left (direct),POST /api/v1/travelservice/trips/left,271,260,636194.0,729482.5,819181.3000000002,1319625.0,1708850.4,1917372.3800000015,2.342551603362657,0.3763888888888889,0.3611783304114933,0.011070110701107,0.6115384615384616,0.6004683508373546,0.0,0.0,0.0,1.540183306441861e-40,0.6713596366732899,0.6713596366732899,False,False,2.310274959662792e-39,True
re2tt_ts-travel-service_cpu_2,cpu,ts-travel-service,direct::POST /api/v1/users/login,POST /api/v1/users/login (direct),POST /api/v1/users/login,986,987,221100.5,694508.25,1079112.95,229845.0,885622.5999999993,1200076.7,1.275179380518517,1.3694444444444445,1.3710885081390147,0.0101419878296146,0.0233029381965552,0.0131609503669406,0.0,0.0,0.0,0.0007839293947918,0.0921913886611136,0.0921913886611136,False,False,0.0070553645531269,False
re2tt_ts-travel-service_cpu_2,cpu,ts-travel-service,direct::PUT /api/v1/consignservice/consigns,PUT /api/v1/consignservice/consigns (direct),PUT /api/v1/consignservice/consigns,81,84,21382.0,25768.0,28863.800000000003,21661.5,27063.45,35518.96000000002,1.0502735951567834,0.1125,0.1166883836714055,0.0123456790123456,0.0357142857142857,0.02336860670194,0.0,0.0,0.0,0.7418517141880037,0.0808348030570251,0.0808348030570251,False,False,1.0,False
re2tt_ts-travel-service_cpu_3,cpu,ts-travel-service,direct::GET /api/v1/adminbasicservice/adminbasic/configs,GET /api/v1/adminbasicservice/adminbasic/configs (direct),GET /api/v1/adminbasicservice/adminbasic/configs,100,96,9701.5,11582.35,17693.56000000001,9642.0,12982.25,17509.649999999994,1.1208649367356367,0.1388958336805729,0.1334052239262269,0.01,0.0104166666666666,0.0004166666666666,0.0,0.0,0.0,0.9394292920545346,-0.0598958333333333,0.0,False,False,1.0,False
re2tt_ts-travel-service_cpu_3,cpu,ts-travel-service,direct::GET /api/v1/adminbasicservice/adminbasic/prices,GET /api/v1/adminbasicservice/adminbasic/prices (direct),GET /api/v1/adminbasicservice/adminbasic/prices,97,94,10059.0,17132.799999999992,21817.879999999743,9973.0,13178.899999999998,17924.409999999985,0.7692204426596939,0.1347289586701557,0.1306259484277638,0.0103092783505154,0.0,-0.0103092783505154,0.0,0.0,0.0,0.465059498166299,-0.1001316078087299,0.0,False,False,1.0,False
re2tt_ts-travel-service_cpu_3,cpu,ts-travel-service,direct::GET /api/v1/admintravelservice/admintravel,GET /api/v1/admintravelservice/admintravel (direct),GET /api/v1/admintravelservice/admintravel,97,99,129499.0,146869.19999999998,153045.71999999997,251671.0,292482.9999999997,350024.76,1.9914522581998115,0.1347289586701557,0.1375741371739215,0.0103092783505154,1.0,0.9896907216494846,0.0,0.0,0.0,2.3381505531048938e-33,1.0,1.0,False,False,3.039595719036362e-32,True
re2tt_ts-travel-service_cpu_3,cpu,ts-travel-service,direct::GET /api/v1/assuranceservice/assurances/types,GET /api/v1/assuranceservice/assurances/types (direct),GET /api/v1/assuranceservice/assurances/types,80,70,3347.5,4165.0,6484.479999999942,3483.5,4681.699999999999,14211.250000000002,1.1240576230492194,0.1111166669444583,0.0972746424462071,0.0125,0.0285714285714285,0.0160714285714285,0.0,0.0,0.0,0.5168288854643983,0.1073214285714285,0.1073214285714285,False,False,1.0,False
re2tt_ts-travel-service_cpu_3,cpu,ts-travel-service,direct::GET /api/v1/contactservice/contacts/account/{accountId},GET /api/v1/contactservice/contacts/account/{accountId} (direct),GET /api/v1/contactservice/contacts/account/{accountId},78,68,6259.5,7640.049999999985,11191.710000000005,6002.5,7535.499999999998,11784.63999999998,0.9863155345841996,0.1083387502708468,0.094495366947744,0.0128205128205128,0.0147058823529411,0.0018853695324283,0.0,0.0,0.0,0.4926810251371611,-0.1116138763197587,0.0,False,False,1.0,False
re2tt_ts-travel-service_cpu_3,cpu,ts-travel-service,direct::GET /api/v1/foodservice/foods/{date}/{startStation}/{endStation}/{tripId},GET /api/v1/foodservice/foods/{date}/{startStation}/{endStation}/{tripId} (direct),GET /api/v1/foodservice/foods/{date}/{startStation}/{endStation}/{tripId},231,227,40177.0,49414.5,56545.39999999996,82862.0,109478.2,115483.8,2.21550759392486,0.3208493758021234,0.3154477690755574,0.0129870129870129,0.6563876651982379,0.6434006522112249,0.0,0.0,0.0,4.328848166439703e-40,0.7187100711329786,0.7187100711329786,False,False,6.493272249659555e-39,True
re2tt_ts-travel-service_cpu_3,cpu,ts-travel-service,direct::POST /api/v1/inside_pay_service/inside_payment,POST /api/v1/inside_pay_service/inside_payment (direct),POST /api/v1/inside_pay_service/inside_payment,66,66,14673.5,53724.5,90369.2999999999,42101.0,73146.0,127871.59999999985,1.3615017357071728,0.0916712502291781,0.091716091449281,0.0151515151515151,0.0454545454545454,0.0303030303030303,0.0,0.0,0.0,0.2558384621693509,0.1538108356290175,0.1538108356290175,False,False,1.0,False
re2tt_ts-travel-service_cpu_3,cpu,ts-travel-service,direct::POST /api/v1/orderOtherService/orderOther/refresh,POST /api/v1/orderOtherService/orderOther/refresh (direct),POST /api/v1/orderOtherService/orderOther/refresh,58,67,362274.5,410308.3,417563.77,409215.0,474759.5,510755.88,1.1570799323338083,0.0805595835347322,0.0931057291985125,0.0172413793103448,0.4477611940298507,0.4305198147195059,0.0,0.0,0.0,1.9219973885985563e-16,0.8641276376737004,0.8641276376737004,False,False,2.114197127458412e-15,True
re2tt_ts-travel-service_cpu_3,cpu,ts-travel-service,direct::POST /api/v1/orderservice/order/refresh,POST /api/v1/orderservice/order/refresh (direct),POST /api/v1/orderservice/order/refresh,80,74,380164.0,434704.7,452759.67,479308.5,544134.0,565987.6399999999,1.251732497946307,0.1111166669444583,0.1028331934431332,0.0125,0.8108108108108109,0.7983108108108109,0.0,0.0,0.0,7.3451028750350435e-25,0.9682432432432432,0.9682432432432432,False,False,8.814123450042052e-24,True
re2tt_ts-travel-service_cpu_3,cpu,ts-travel-service,direct::POST /api/v1/preserveotherservice/preserveOther,POST /api/v1/preserveotherservice/preserveOther (direct),POST /api/v1/preserveotherservice/preserveOther,33,21,501275.0,553108.7999999999,577348.84,504732.0,541457.0,609350.6000000001,0.9789339818856616,0.045835625114589,0.0291823927338621,0.0303030303030303,0.0476190476190476,0.0173160173160173,0.0,0.0,0.0,1.0,0.0735930735930736,0.0735930735930736,False,False,1.0,False
re2tt_ts-travel-service_cpu_3,cpu,ts-travel-service,direct::POST /api/v1/preserveservice/preserve,POST /api/v1/preserveservice/preserve (direct),POST /api/v1/preserveservice/preserve,48,43,472389.5,554203.1,613002.41,848128.0,1030569.4,1140342.5799999996,1.859551850215201,0.066670000166675,0.0597544232169558,0.0208333333333333,0.9767441860465116,0.9559108527131782,0.0,0.0,0.0,5.138480920176547e-16,0.999031007751938,0.999031007751938,False,False,5.138480920176545e-15,True
re2tt_ts-travel-service_cpu_3,cpu,ts-travel-service,direct::POST /api/v1/travel2service/trips/left,POST /api/v1/travel2service/trips/left (direct),POST /api/v1/travel2service/trips/left,820,692,290488.0,325265.25,341824.5799999998,294839.5,331223.9,343699.03,1.0183193562792212,1.138945836180698,0.9616293224682192,0.0109756097560975,0.0130057803468208,0.0020301705907232,0.0,0.0,0.0,0.0003978473970998,0.1109156915268574,0.1109156915268574,False,False,0.0035806265738986,False
re2tt_ts-travel-service_cpu_3,cpu,ts-travel-service,direct::POST /api/v1/travelservice/trips/left,POST /api/v1/travelservice/trips/left (direct),POST /api/v1/travelservice/trips/left,247,238,638818.0,712842.8,778146.9799999999,1323786.5,1715839.4,1956651.8999999997,2.4070375684512766,0.343072709191015,0.3307337843171042,0.0121457489878542,0.5840336134453782,0.5718878644575239,0.0,0.0,0.0,2.8842018089273293e-35,0.653454904228898,0.653454904228898,False,False,4.037882532498261e-34,True
re2tt_ts-travel-service_cpu_3,cpu,ts-travel-service,direct::POST /api/v1/users/login,POST /api/v1/users/login (direct),POST /api/v1/users/login,892,807,224898.5,754711.25,1508192.55,220743.0,693097.3999999993,900544.0799999983,0.9183610288040616,1.2389508364307102,1.121437663629845,0.0100896860986547,0.0,-0.0100896860986547,0.0,0.0,0.0,0.0134936214593078,-0.0760109134756975,0.0,False,False,0.1079489716744629,False
re2tt_ts-travel-service_cpu_3,cpu,ts-travel-service,direct::PUT /api/v1/consignservice/consigns,PUT /api/v1/consignservice/consigns (direct),PUT /api/v1/consignservice/consigns,75,71,20561.0,29080.6,53317.44000000024,19918.0,24890.0,26635.5,0.8558970585201131,0.1041718752604296,0.0986642801954386,0.0133333333333333,0.0,-0.0133333333333333,0.0,0.0,0.0,0.384590779961077,-0.1252582159624413,0.0,False,False,1.0,False
re2tt_ts-travel-service_delay_1,delay,ts-travel-service,direct::GET /api/v1/adminbasicservice/adminbasic/configs,GET /api/v1/adminbasicservice/adminbasic/configs (direct),GET /api/v1/adminbasicservice/adminbasic/configs,114,97,8859.5,10297.7,15357.030000000012,8767.0,10895.0,16265.159999999963,1.058003243442711,0.1583485083987215,0.134724467630016,0.0175438596491228,0.0206185567010309,0.0030746970519081,0.0,0.0,0.0,1.0,-0.0440405136552721,0.0,False,False,1.0,False
re2tt_ts-travel-service_delay_1,delay,ts-travel-service,direct::GET /api/v1/adminbasicservice/adminbasic/prices,GET /api/v1/adminbasicservice/adminbasic/prices (direct),GET /api/v1/adminbasicservice/adminbasic/prices,114,99,9219.0,11337.499999999996,14575.460000000005,9076.0,10881.8,13018.699999999995,0.9598059536934952,0.1583485083987215,0.1375022917048617,0.0175438596491228,0.0,-0.0175438596491228,0.0,0.0,0.0,0.4329224860676597,-0.0983519404572036,0.0,False,False,1.0,False
re2tt_ts-travel-service_delay_1,delay,ts-travel-service,direct::GET /api/v1/admintravelservice/admintravel,GET /api/v1/admintravelservice/admintravel (direct),GET /api/v1/admintravelservice/admintravel,113,98,126954.0,147717.0,262572.84,2543849.5,2835970.849999999,2952000.3800000004,19.198676184867004,0.1569594863952239,0.1361133796674389,0.0176991150442477,1.0,0.9823008849557522,0.0,0.0,0.0,1.2030100095978118e-35,1.0,1.0,False,False,1.5639130124771555e-34,True
re2tt_ts-travel-service_delay_1,delay,ts-travel-service,direct::GET /api/v1/assuranceservice/assurances/types,GET /api/v1/assuranceservice/assurances/types (direct),GET /api/v1/assuranceservice/assurances/types,86,57,3104.5,3895.5,6153.150000000047,2967.0,4210.999999999999,9810.759999999984,1.0809908869208058,0.1194558923007899,0.0791679861331022,0.0116279069767441,0.0350877192982456,0.0234598123215014,0.0,0.0,0.0,0.524156223108794,-0.1111791105671154,0.0,False,False,1.0,False
re2tt_ts-travel-service_delay_1,delay,ts-travel-service,direct::GET /api/v1/contactservice/contacts/account/{accountId},GET /api/v1/contactservice/contacts/account/{accountId} (direct),GET /api/v1/contactservice/contacts/account/{accountId},86,57,5541.5,6573.75,6914.1500000000015,5403.0,6690.199999999999,10047.039999999985,1.0177143943715534,0.1194558923007899,0.0791679861331022,0.0116279069767441,0.0350877192982456,0.0234598123215014,0.0,0.0,0.0,1.0,-0.0122399020807834,0.0,False,False,1.0,False
re2tt_ts-travel-service_delay_1,delay,ts-travel-service,direct::GET /api/v1/foodservice/foods/{date}/{startStation}/{endStation}/{tripId},GET /api/v1/foodservice/foods/{date}/{startStation}/{endStation}/{tripId} (direct),GET /api/v1/foodservice/foods/{date}/{startStation}/{endStation}/{tripId},263,178,39001.0,50391.59999999999,91888.96,640642.5,838555.75,1043661.53,16.64078437676121,0.3653127869198576,0.2472263426612665,0.0114068441064638,1.0,0.988593155893536,0.0,0.0,0.0,9.05092203932577e-71,1.0,1.0,False,False,1.267129085505608e-69,True
re2tt_ts-travel-service_delay_1,delay,ts-travel-service,direct::POST /api/v1/inside_pay_service/inside_payment,POST /api/v1/inside_pay_service/inside_payment (direct),POST /api/v1/inside_pay_service/inside_payment,86,56,38332.5,84590.75,173228.95000000004,38927.5,47742.25,62171.600000000086,0.564390905625024,0.1194558923007899,0.0777790740956793,0.0116279069767441,0.0,-0.0116279069767441,0.0,0.0,0.0,1.0,-0.0176495016611295,0.0,False,False,1.0,False
re2tt_ts-travel-service_delay_1,delay,ts-travel-service,direct::POST /api/v1/orderOtherService/orderOther/refresh,POST /api/v1/orderOtherService/orderOther/refresh (direct),POST /api/v1/orderOtherService/orderOther/refresh,71,38,451012.0,539681.0,611290.8999999999,493437.0,560746.9,573551.21,1.0390339848910746,0.0986205622483265,0.0527786574220681,0.0140845070422535,0.0,-0.0140845070422535,0.0,0.0,0.0,2.5718865537652532e-08,0.6634544106745737,0.6634544106745737,False,False,2.571886553765253e-07,True
re2tt_ts-travel-service_delay_1,delay,ts-travel-service,direct::POST /api/v1/orderservice/order/refresh,POST /api/v1/orderservice/order/refresh (direct),POST /api/v1/orderservice/order/refresh,102,80,614576.5,740045.5,757491.87,673554.5,769110.05,823788.2199999997,1.0392740040983968,0.1416802443567508,0.1111129629938276,0.0196078431372549,0.075,0.055392156862745,0.0,0.0,0.0,4.25038666735913e-12,0.6075980392156863,0.6075980392156863,False,False,4.6754253340950426e-11,True
re2tt_ts-travel-service_delay_1,delay,ts-travel-service,direct::POST /api/v1/preserveotherservice/preserveOther,POST /api/v1/preserveotherservice/preserveOther (direct),POST /api/v1/preserveotherservice/preserveOther,26,21,472996.5,532185.25,547210.25,493488.0,632074.0,728432.4000000001,1.1876954500336114,0.0361145720909364,0.0291671527858797,0.0384615384615384,0.1428571428571428,0.1043956043956043,0.0,0.0,0.0,0.2123829115715536,0.2783882783882783,0.2783882783882783,False,False,1.0,False
re2tt_ts-travel-service_delay_1,delay,ts-travel-service,direct::POST /api/v1/preserveservice/preserve,POST /api/v1/preserveservice/preserve (direct),POST /api/v1/preserveservice/preserve,60,36,463279.0,572154.8499999996,718014.9099999998,7499874.0,8071721.5,8452749.2,14.107582064540754,0.0833413202098534,0.0500008333472224,0.0166666666666666,0.9722222222222222,0.9555555555555556,0.0,0.0,0.0,7.467989354130517e-16,0.9972222222222222,0.9972222222222222,False,False,8.96158722495662e-15,True
re2tt_ts-travel-service_delay_1,delay,ts-travel-service,direct::POST /api/v1/travel2service/trips/left,POST /api/v1/travel2service/trips/left (direct),POST /api/v1/travel2service/trips/left,904,663,276316.5,307876.5,323792.7,284271.0,318646.1,367459.52,1.0349802599418922,1.2556758911617918,0.9208486808113469,0.0110619469026548,0.0346907993966817,0.0236288524940268,0.0,0.0,0.0,7.076118876463968e-06,0.1369295505812944,0.1369295505812944,False,False,6.368506988817572e-05,False
re2tt_ts-travel-service_delay_1,delay,ts-travel-service,direct::POST /api/v1/travelservice/trips/left,POST /api/v1/travelservice/trips/left (direct),POST /api/v1/travelservice/trips/left,278,221,598279.5,698555.5,1173829.1200000006,15016041.0,16396493.0,17216891.400000002,23.47199757213278,0.3861481169723209,0.3069495602704489,0.0107913669064748,1.0,0.9892086330935252,0.0,0.0,0.0,7.491372773162572e-82,1.0,1.0,False,False,1.1237059159743858e-80,True
re2tt_ts-travel-service_delay_1,delay,ts-travel-service,direct::POST /api/v1/users/login,POST /api/v1/users/login (direct),POST /api/v1/users/login,991,741,220801.0,688555.5,1006807.0,217135.0,510944.0,830632.0000000001,0.7420520204979846,1.3765208054660794,1.029183819730329,0.0100908173562058,0.0013495276653171,-0.0087412896908887,0.0,0.0,0.0,0.0008323654571974,-0.0989975910046014,0.0,False,False,0.0066589236575799,False
re2tt_ts-travel-service_delay_1,delay,ts-travel-service,direct::PUT /api/v1/consignservice/consigns,PUT /api/v1/consignservice/consigns (direct),PUT /api/v1/consignservice/consigns,87,62,18829.0,26068.6,29802.22,18496.5,24044.349999999995,28001.19,0.9223491096568284,0.1208449143042874,0.0861125463202164,0.0114942528735632,0.0,-0.0114942528735632,0.0,0.0,0.0,0.8175288366613698,-0.0797182054134223,0.0,False,False,1.0,False
re2tt_ts-travel-service_delay_2,delay,ts-travel-service,direct::GET /api/v1/adminbasicservice/adminbasic/configs,GET /api/v1/adminbasicservice/adminbasic/configs (direct),GET /api/v1/adminbasicservice/adminbasic/configs,116,97,10110.5,12656.25,15803.199999999995,10211.0,12016.2,17523.119999999966,0.949428148148148,0.1611187194950872,0.1347222222222222,0.0172413793103448,0.0309278350515463,0.0136864557412015,0.0,0.0,0.0,1.0,-0.0272840383931745,0.0,False,False,1.0,False
re2tt_ts-travel-service_delay_2,delay,ts-travel-service,direct::GET /api/v1/adminbasicservice/adminbasic/prices,GET /api/v1/adminbasicservice/adminbasic/prices (direct),GET /api/v1/adminbasicservice/adminbasic/prices,115,98,10638.0,12577.1,16591.18,10494.0,11835.499999999998,14051.010000000006,0.9410356918526528,0.1597297650166813,0.1361111111111111,0.017391304347826,0.010204081632653,-0.007187222715173,0.0,0.0,0.0,0.274188723740365,-0.1183673469387754,0.0,False,False,1.0,False
re2tt_ts-travel-service_delay_2,delay,ts-travel-service,direct::GET /api/v1/admintravelservice/admintravel,GET /api/v1/admintravelservice/admintravel (direct),GET /api/v1/admintravelservice/admintravel,115,99,137186.0,159823.69999999998,180508.76,2554067.0,2945708.9,3140337.9999999995,18.43098927130332,0.1597297650166813,0.1375,0.017391304347826,1.0,0.982608695652174,0.0,0.0,0.0,4.071511979756916e-36,1.0,1.0,False,False,5.292965573683991e-35,True
re2tt_ts-travel-service_delay_2,delay,ts-travel-service,direct::GET /api/v1/assuranceservice/assurances/types,GET /api/v1/assuranceservice/assurances/types (direct),GET /api/v1/assuranceservice/assurances/types,102,59,3255.5,3968.249999999999,4305.499999999999,3279.0,4122.2,4327.740000000001,1.038795438795439,0.1416733567974043,0.0819444444444444,0.0196078431372549,0.0169491525423728,-0.002658690594882,0.0,0.0,0.0,1.0,0.0171153207045529,0.0171153207045529,False,False,1.0,False
re2tt_ts-travel-service_delay_2,delay,ts-travel-service,direct::GET /api/v1/contactservice/contacts/account/{accountId},GET /api/v1/contactservice/contacts/account/{accountId} (direct),GET /api/v1/contactservice/contacts/account/{accountId},102,58,7116.5,9402.149999999992,11652.91,6784.5,8281.3,10163.04,0.880787904894094,0.1416733567974043,0.0805555555555555,0.0196078431372549,0.0,-0.0196078431372549,0.0,0.0,0.0,0.0254239826772864,-0.2374915483434753,0.0,False,False,0.2033918614182915,False
re2tt_ts-travel-service_delay_2,delay,ts-travel-service,direct::GET /api/v1/foodservice/foods/{date}/{startStation}/{endStation}/{tripId},GET /api/v1/foodservice/foods/{date}/{startStation}/{endStation}/{tripId} (direct),GET /api/v1/foodservice/foods/{date}/{startStation}/{endStation}/{tripId},289,210,42078.0,52957.6,62047.24000000011,644293.5,801818.7999999999,1054393.75,15.140769219148902,0.4014078442593122,0.2916666666666667,0.0103806228373702,1.0,0.9896193771626296,0.0,0.0,0.0,7.108083363580679e-81,1.0,1.0,False,False,9.951316709012952e-80,True
re2tt_ts-travel-service_delay_2,delay,ts-travel-service,direct::POST /api/v1/inside_pay_service/inside_payment,POST /api/v1/inside_pay_service/inside_payment (direct),POST /api/v1/inside_pay_service/inside_payment,84,57,40257.5,57741.3,76080.14000000007,42131.0,62078.99999999986,101357.79999999996,1.07512300554369,0.1166721761860976,0.0791666666666666,0.0119047619047619,0.0526315789473684,0.0407268170426065,0.0,0.0,0.0,1.0,0.0332080200501252,0.0332080200501252,False,False,1.0,False
re2tt_ts-travel-service_delay_2,delay,ts-travel-service,direct::POST /api/v1/orderOtherService/orderOther/refresh,POST /api/v1/orderOtherService/orderOther/refresh (direct),POST /api/v1/orderOtherService/orderOther/refresh,76,46,316874.0,382977.25,396337.0,384556.0,436754.25,438695.2,1.140418262442482,0.1055605403588502,0.0638888888888888,0.0131578947368421,0.3478260869565217,0.3346681922196796,0.0,0.0,0.0,7.80934457052969e-15,0.8512585812356979,0.8512585812356979,False,False,7.80934457052969e-14,True
re2tt_ts-travel-service_delay_2,delay,ts-travel-service,direct::POST /api/v1/orderservice/order/refresh,POST /api/v1/orderservice/order/refresh (direct),POST /api/v1/orderservice/order/refresh,93,72,436657.0,501719.4,525345.96,501208.0,561330.55,574250.0700000001,1.118813723368082,0.129172766491751,0.1,0.010752688172043,0.3055555555555556,0.2948028673835126,0.0,0.0,0.0,5.5451550383359497e-17,0.7688172043010753,0.7688172043010753,False,False,6.65418604600314e-16,True
re2tt_ts-travel-service_delay_2,delay,ts-travel-service,direct::POST /api/v1/preserveotherservice/preserveOther,POST /api/v1/preserveotherservice/preserveOther (direct),POST /api/v1/preserveotherservice/preserveOther,51,22,510691.0,563547.5,677925.5,517806.5,571386.25,627849.44,1.0139096526912106,0.0708366783987021,0.0305555555555555,0.0196078431372549,0.0,-0.0196078431372549,0.0,0.0,0.0,0.6309107834690051,0.1497326203208555,0.1497326203208555,False,False,1.0,False
re2tt_ts-travel-service_delay_2,delay,ts-travel-service,direct::POST /api/v1/preserveservice/preserve,POST /api/v1/preserveservice/preserve (direct),POST /api/v1/preserveservice/preserve,51,36,483010.0,580781.5,656419.5,7304524.5,7949584.5,8134673.5,13.68773712661302,0.0708366783987021,0.05,0.0196078431372549,1.0,0.9803921568627452,0.0,0.0,0.0,5.267701039306334e-15,1.0,1.0,False,False,5.794471143236967e-14,True
re2tt_ts-travel-service_delay_2,delay,ts-travel-service,direct::POST /api/v1/travel2service/trips/left,POST /api/v1/travel2service/trips/left (direct),POST /api/v1/travel2service/trips/left,981,729,303116.0,350947.0,383983.6,305885.0,355169.2,500327.68000000005,1.0120308764571289,1.3625643433162122,1.0125,0.0101936799184505,0.0329218106995884,0.0227281307811379,0.0,0.0,0.0,0.2857595624823466,0.0413773912848931,0.0413773912848931,False,False,1.0,False
re2tt_ts-travel-service_delay_2,delay,ts-travel-service,direct::POST /api/v1/travelservice/trips/left,POST /api/v1/travelservice/trips/left (direct),POST /api/v1/travelservice/trips/left,261,232,663140.0,747673.0,773086.4,15045450.0,16153870.55,16614682.89,21.605528820754525,0.3625171188639463,0.3222222222222222,0.0114942528735632,0.9956896551724138,0.9841954022988506,0.0,0.0,0.0,5.515389276433485e-81,0.9958052582903952,0.9958052582903952,False,False,8.273083914650227e-80,True
re2tt_ts-travel-service_delay_2,delay,ts-travel-service,direct::POST /api/v1/users/login,POST /api/v1/users/login (direct),POST /api/v1/users/login,1045,806,224996.0,755114.1999999998,1412892.3999999994,219186.0,579683.5,928079.0500000007,0.7676765977914336,1.4514574299341914,1.1194444444444445,0.0105263157894736,0.0012406947890818,-0.0092856210003917,0.0,0.0,0.0,0.0010239214978302,-0.0940636612962588,0.0,False,False,0.0092152934804723,False
re2tt_ts-travel-service_delay_2,delay,ts-travel-service,direct::PUT /api/v1/consignservice/consigns,PUT /api/v1/consignservice/consigns (direct),PUT /api/v1/consignservice/consigns,85,61,21371.0,27478.799999999992,31514.759999999987,20872.0,27473.0,34046.2,0.9997889281919156,0.1180611306645036,0.0847222222222222,0.0117647058823529,0.0327868852459016,0.0210221793635487,0.0,0.0,0.0,0.9330976666138402,-0.0709739633558341,0.0,False,False,1.0,False
re2tt_ts-travel-service_delay_3,delay,ts-travel-service,direct::GET /api/v1/adminbasicservice/adminbasic/configs,GET /api/v1/adminbasicservice/adminbasic/configs (direct),GET /api/v1/adminbasicservice/adminbasic/configs,119,95,10170.0,14168.8,17502.41999999999,9912.0,11880.3,15121.620000000012,0.8384831460674157,0.1652777777777777,0.1319446277008718,0.0168067226890756,0.0105263157894736,-0.0062804068996019,0.0,0.0,0.0,0.0651096890881424,-0.1702786377708978,0.0,False,False,0.2604387563525697,False
re2tt_ts-travel-service_delay_3,delay,ts-travel-service,direct::GET /api/v1/adminbasicservice/adminbasic/prices,GET /api/v1/adminbasicservice/adminbasic/prices (direct),GET /api/v1/adminbasicservice/adminbasic/prices,118,96,10500.5,13675.89999999998,33164.16999999997,10275.0,12813.25,19135.49999999999,0.9369218844829238,0.1638888888888889,0.1333335185187757,0.0169491525423728,0.0,-0.0169491525423728,0.0,0.0,0.0,0.5447194448826922,-0.0873940677966101,0.0,False,False,1.0,False
re2tt_ts-travel-service_delay_3,delay,ts-travel-service,direct::GET /api/v1/admintravelservice/admintravel,GET /api/v1/admintravelservice/admintravel (direct),GET /api/v1/admintravelservice/admintravel,117,96,142007.0,204325.8,284798.80000000005,2552041.0,2874266.0,2976214.549999999,14.067073272195682,0.1625,0.1333335185187757,0.017094017094017,1.0,0.9829059829059827,0.0,0.0,0.0,8.245534224007583e-36,1.0,1.0,False,False,1.0719194491209854e-34,True
re2tt_ts-travel-service_delay_3,delay,ts-travel-service,direct::GET /api/v1/assuranceservice/assurances/types,GET /api/v1/assuranceservice/assurances/types (direct),GET /api/v1/assuranceservice/assurances/types,80,69,3192.0,3959.15,14974.309999999992,2985.0,3491.4,3793.7599999999975,0.8818559539295051,0.1111111111111111,0.09583346643537,0.0125,0.0,-0.0125,0.0,0.0,0.0,7.97043269417649e-06,-0.4391304347826087,0.0,False,False,5.579302885923544e-05,False
re2tt_ts-travel-service_delay_3,delay,ts-travel-service,direct::GET /api/v1/contactservice/contacts/account/{accountId},GET /api/v1/contactservice/contacts/account/{accountId} (direct),GET /api/v1/contactservice/contacts/account/{accountId},80,68,6553.5,8511.449999999999,12909.829999999987,6147.5,7128.65,9920.649999999989,0.8375364949567936,0.1111111111111111,0.0944445756174661,0.0125,0.0147058823529411,0.0022058823529411,0.0,0.0,0.0,0.0010918966296235,-0.330514705882353,0.0,False,False,0.006551379777741,False
re2tt_ts-travel-service_delay_3,delay,ts-travel-service,direct::GET /api/v1/foodservice/foods/{date}/{startStation}/{endStation}/{tripId},GET /api/v1/foodservice/foods/{date}/{startStation}/{endStation}/{tripId} (direct),GET /api/v1/foodservice/foods/{date}/{startStation}/{endStation}/{tripId},281,176,43425.0,57556.0,92058.79999999976,643307.0,1043744.5,1047014.5,18.134416915699493,0.3902777777777778,0.2444447839510888,0.0106761565836298,0.9886363636363636,0.9779602070527338,0.0,0.0,0.0,1.0904868776043976e-69,0.9826108055645422,0.9826108055645422,False,False,1.5266816286461563e-68,True
re2tt_ts-travel-service_delay_3,delay,ts-travel-service,direct::POST /api/v1/inside_pay_service/inside_payment,POST /api/v1/inside_pay_service/inside_payment (direct),POST /api/v1/inside_pay_service/inside_payment,85,62,14405.0,55181.8,75272.83999999982,44618.0,83170.44999999998,107223.2,1.5072079924902777,0.1180555555555555,0.0861112307100426,0.0117647058823529,0.0806451612903225,0.0688804554079696,0.0,0.0,0.0,0.0046418344167931,0.294876660341556,0.294876660341556,False,False,0.0232091720839657,True
re2tt_ts-travel-service_delay_3,delay,ts-travel-service,direct::POST /api/v1/orderOtherService/orderOther/refresh,POST /api/v1/orderOtherService/orderOther/refresh (direct),POST /api/v1/orderOtherService/orderOther/refresh,70,51,428318.0,543778.0499999999,847338.16,500210.0,565789.5,588928.5,1.040478739441579,0.0972222222222222,0.0708334317130996,0.0142857142857142,0.0,-0.0142857142857142,0.0,0.0,0.0,5.5381137354160543e-11,0.7109243697478991,0.7109243697478991,False,False,4.984302361874449e-10,True
re2tt_ts-travel-service_delay_3,delay,ts-travel-service,direct::POST /api/v1/orderservice/order/refresh,POST /api/v1/orderservice/order/refresh (direct),POST /api/v1/orderservice/order/refresh,97,86,600122.0,717262.5999999997,811124.919999999,665872.0,765500.5,833463.6500000001,1.0672527746462737,0.1347222222222222,0.1194446103397365,0.0103092783505154,0.0465116279069767,0.0362023495564612,0.0,0.0,0.0,5.566001407829064e-15,0.6775353632222489,0.6775353632222489,False,False,6.12260154861197e-14,True
re2tt_ts-travel-service_delay_3,delay,ts-travel-service,direct::POST /api/v1/preserveotherservice/preserveOther,POST /api/v1/preserveotherservice/preserveOther (direct),POST /api/v1/preserveotherservice/preserveOther,31,26,535217.0,587021.5,638367.8999999999,529775.0,594282.5,621927.75,1.0123692232737642,0.0430555555555555,0.0361111612655017,0.032258064516129,0.0,-0.032258064516129,0.0,0.0,0.0,1.0,-0.0967741935483871,0.0,False,False,1.0,False
re2tt_ts-travel-service_delay_3,delay,ts-travel-service,direct::POST /api/v1/preserveservice/preserve,POST /api/v1/preserveservice/preserve (direct),POST /api/v1/preserveservice/preserve,49,42,506139.0,780673.4,877791.7199999997,7187156.0,7935916.75,8108540.92,10.165476049267207,0.0680555555555555,0.0583334143519643,0.0204081632653061,1.0,0.979591836734694,0.0,0.0,0.0,5.311652027728161e-16,1.0,1.0,False,False,6.373982433273793e-15,True
re2tt_ts-travel-service_delay_3,delay,ts-travel-service,direct::POST /api/v1/travel2service/trips/left,POST /api/v1/travel2service/trips/left (direct),POST /api/v1/travel2service/trips/left,949,741,320423.0,585057.1999999997,1047220.4399999988,312494.0,359998.0,430796.0000000004,0.6153210318580818,1.3180555555555555,1.0291680960668002,0.0105374077976817,0.0,-0.0105374077976817,0.0,0.0,0.0,6.041461956392999e-13,-0.2064933753692003,0.0,False,False,6.041461956393e-12,False
re2tt_ts-travel-service_delay_3,delay,ts-travel-service,direct::POST /api/v1/travelservice/trips/left,POST /api/v1/travelservice/trips/left (direct),POST /api/v1/travelservice/trips/left,297,226,690399.0,1046731.9999999998,1328702.1200000034,15132303.5,16087573.25,16609104.0,15.36933355433865,0.4125,0.3138893248462845,0.0101010101010101,1.0,0.98989898989899,0.0,0.0,0.0,2.9195209628349226e-85,1.0,1.0,False,False,4.379281444252384e-84,True
re2tt_ts-travel-service_delay_3,delay,ts-travel-service,direct::POST /api/v1/users/login,POST /api/v1/users/login (direct),POST /api/v1/users/login,1035,812,235211.0,802978.7999999999,1106516.1799999997,219812.5,549654.9999999998,818948.1899999998,0.6845199400033971,1.4375,1.127779344137978,0.0106280193236714,0.0,-0.0106280193236714,0.0,0.0,0.0,1.3936433671043228e-10,-0.1765557697341805,0.0,False,False,1.1149146936834583e-09,False
re2tt_ts-travel-service_delay_3,delay,ts-travel-service,direct::PUT /api/v1/consignservice/consigns,PUT /api/v1/consignservice/consigns (direct),PUT /api/v1/consignservice/consigns,81,76,20517.0,28746.0,34405.4,19704.5,27432.5,34157.0,0.954306686147638,0.1125,0.1055557021606974,0.0123456790123456,0.0131578947368421,0.0008122157244964,0.0,0.0,0.0,0.122372093105397,-0.1733268356075373,0.0,False,False,0.367116279316191,False
re2tt_ts-travel-service_disk_1,disk,ts-travel-service,direct::GET /api/v1/adminbasicservice/adminbasic/configs,GET /api/v1/adminbasicservice/adminbasic/configs (direct),GET /api/v1/adminbasicservice/adminbasic/configs,112,114,9518.5,14219.199999999972,17686.41,9259.0,11456.349999999997,16308.58,0.8056958197366955,0.155601371514946,0.1583337731493698,0.0178571428571428,0.0087719298245614,-0.0090852130325814,0.0,0.0,0.0,0.028987328675934,-0.1882832080200501,0.0,False,False,0.1739239720556044,False
re2tt_ts-travel-service_disk_1,disk,ts-travel-service,direct::GET /api/v1/adminbasicservice/adminbasic/prices,GET /api/v1/adminbasicservice/adminbasic/prices (direct),GET /api/v1/adminbasicservice/adminbasic/prices,112,115,9805.5,11512.35,12760.13,9475.0,12130.999999999998,15882.96,1.0537379422967508,0.155601371514946,0.1597226658962941,0.0178571428571428,0.0434782608695652,0.0256211180124223,0.0,0.0,0.0,0.0490401848534614,-0.1728260869565216,0.0,False,False,0.1961607394138459,False
re2tt_ts-travel-service_disk_1,disk,ts-travel-service,direct::GET /api/v1/admintravelservice/admintravel,GET /api/v1/admintravelservice/admintravel (direct),GET /api/v1/admintravelservice/admintravel,112,115,138854.0,458303.1999999998,880390.98,330234.0,550443.4,659229.04,1.2010463815221022,0.155601371514946,0.1597226658962941,0.0178571428571428,0.0,-0.0178571428571428,0.0,0.0,0.0,8.962918843871972e-06,0.3524844720496893,0.3524844720496893,False,False,8.962918843871973e-05,True
re2tt_ts-travel-service_disk_1,disk,ts-travel-service,direct::GET /api/v1/assuranceservice/assurances/types,GET /api/v1/assuranceservice/assurances/types (direct),GET /api/v1/assuranceservice/assurances/types,75,88,3491.0,4791.999999999998,13857.100000000006,3404.0,4367.799999999999,6213.549999999961,0.9114774624373958,0.1041973469966156,0.1222225617293381,0.0133333333333333,0.0,-0.0133333333333333,0.0,0.0,0.0,0.2320856501489499,-0.1431818181818182,0.0,False,False,0.6962569504468499,False
re2tt_ts-travel-service_disk_1,disk,ts-travel-service,direct::GET /api/v1/contactservice/contacts/account/{accountId},GET /api/v1/contactservice/contacts/account/{accountId} (direct),GET /api/v1/contactservice/contacts/account/{accountId},69,88,6162.0,8158.999999999997,11489.359999999962,5662.0,6841.4,13890.009999999984,0.8385096212771175,0.0958615592368864,0.1222225617293381,0.0144927536231884,0.0227272727272727,0.0082345191040843,0.0,0.0,0.0,1.290105772003527e-05,-0.4202898550724637,0.0,False,False,0.0001161095194803,False
re2tt_ts-travel-service_disk_1,disk,ts-travel-service,direct::GET /api/v1/foodservice/foods/{date}/{startStation}/{endStation}/{tripId},GET /api/v1/foodservice/foods/{date}/{startStation}/{endStation}/{tripId} (direct),GET /api/v1/foodservice/foods/{date}/{startStation}/{endStation}/{tripId},236,225,44847.5,139428.0,255276.35000000024,55570.0,141243.59999999998,205632.44,1.0130217746794044,0.3278743185493506,0.3125008680579668,0.0127118644067796,0.0,-0.0127118644067796,0.0,0.0,0.0,4.122972663403301e-07,0.2797175141242938,0.2797175141242938,False,False,4.535269929743632e-06,True
re2tt_ts-travel-service_disk_1,disk,ts-travel-service,direct::POST /api/v1/inside_pay_service/inside_payment,POST /api/v1/inside_pay_service/inside_payment (direct),POST /api/v1/inside_pay_service/inside_payment,72,66,13160.0,98810.10000000003,131498.6500000003,14414.0,48703.75,55395.64999999999,0.492902547411651,0.100029453116751,0.0916669212970036,0.0138888888888888,0.0,-0.0138888888888888,0.0,0.0,0.0,1.0,-0.0404040404040404,0.0,False,False,1.0,False
re2tt_ts-travel-service_disk_1,disk,ts-travel-service,direct::POST /api/v1/orderOtherService/orderOther/refresh,POST /api/v1/orderOtherService/orderOther/refresh (direct),POST /api/v1/orderOtherService/orderOther/refresh,54,46,347509.5,446294.4999999999,479808.26,419030.5,448805.5,496228.45,1.0056263296993355,0.0750220898375632,0.0638890663585176,0.0185185185185185,0.0434782608695652,0.0249597423510467,0.0,0.0,0.0,5.307850080731842e-10,0.7359098228663445,0.7359098228663445,False,False,6.900205104951394e-09,True
re2tt_ts-travel-service_disk_1,disk,ts-travel-service,direct::POST /api/v1/orderservice/order/refresh,POST /api/v1/orderservice/order/refresh (direct),POST /api/v1/orderservice/order/refresh,104,92,454461.5,560210.6,592100.25,534476.0,616011.85,642451.56,1.0996076297021156,0.144486987835307,0.1277781327170353,0.0192307692307692,0.0869565217391304,0.0677257525083612,0.0,0.0,0.0,1.1691176928542129e-21,0.7980769230769231,0.7980769230769231,False,False,1.7536765392813192e-20,True
re2tt_ts-travel-service_disk_1,disk,ts-travel-service,direct::POST /api/v1/preserveotherservice/preserveOther,POST /api/v1/preserveotherservice/preserveOther (direct),POST /api/v1/preserveotherservice/preserveOther,39,33,488874.0,532918.0,595959.4599999997,486406.0,526542.7999999999,546383.72,0.9880371839570063,0.0541826204382401,0.0458334606485018,0.0256410256410256,0.0,-0.0256410256410256,0.0,0.0,0.0,0.6509794801551922,-0.135975135975136,0.0,False,False,1.0,False
re2tt_ts-travel-service_disk_1,disk,ts-travel-service,direct::POST /api/v1/preserveservice/preserve,POST /api/v1/preserveservice/preserve (direct),POST /api/v1/preserveservice/preserve,30,55,574859.5,1309317.75,1321612.21,1127421.0,1512256.9,1769571.98,1.1549961038869287,0.0416789387986462,0.0763891010808363,0.0333333333333333,0.1454545454545454,0.1121212121212121,0.0,0.0,0.0,0.0020210961056218,0.4339393939393938,0.4339393939393938,False,False,0.0141476727393531,True
re2tt_ts-travel-service_disk_1,disk,ts-travel-service,direct::POST /api/v1/travel2service/trips/left,POST /api/v1/travel2service/trips/left (direct),POST /api/v1/travel2service/trips/left,933,888,284708.0,319493.6,340544.3999999998,277760.5,313847.25,333342.36,0.9823271890266349,1.2962149966378989,1.2333367592687756,0.0107181136120042,0.0033783783783783,-0.0073397352336259,0.0,0.0,0.0,3.3369945985406563e-14,-0.2077708737676583,0.0,False,False,4.671792437956918e-13,False
re2tt_ts-travel-service_disk_1,disk,ts-travel-service,direct::POST /api/v1/travelservice/trips/left,POST /api/v1/travelservice/trips/left (direct),POST /api/v1/travelservice/trips/left,233,264,700300.0,2042738.1999999983,2863921.68,909482.0,2777170.4,3142774.3000000003,1.359533199114797,0.323706424669486,0.3666676851880144,0.0128755364806866,0.0416666666666666,0.0287911301859799,0.0,0.0,0.0,3.240496022458719e-08,0.2934386786318117,0.2934386786318117,False,False,3.888595226950463e-07,True
re2tt_ts-travel-service_disk_1,disk,ts-travel-service,direct::POST /api/v1/users/login,POST /api/v1/users/login (direct),POST /api/v1/users/login,1005,969,234312.0,728107.5999999996,987933.4800000002,229087.0,859666.5999999996,1246013.2399999946,1.180686206269513,1.39624444975465,1.3458370717696435,0.0109452736318407,0.0340557275541795,0.0231104539223387,0.0,0.0,0.0,0.0363858675689448,-0.0614050490581149,0.0,False,False,0.1819293378447244,False
re2tt_ts-travel-service_disk_1,disk,ts-travel-service,direct::PUT /api/v1/consignservice/consigns,PUT /api/v1/consignservice/consigns (direct),PUT /api/v1/consignservice/consigns,86,72,20624.0,28572.5,33945.40000000006,19511.5,23795.35,46569.71000000033,0.8328060197742585,0.1194796245561193,0.1000002777785493,0.0116279069767441,0.0138888888888888,0.0022609819121447,0.0,0.0,0.0,0.0012783901839223,-0.3160529715762273,0.0,False,False,0.0102271214713787,False
re2tt_ts-travel-service_disk_1,disk,ts-travel-service,direct::TripRepository.findByTripId,TripRepository.findByTripId (direct),TripRepository.findByTripId,5,0,4761.0,739023.7999999998,868631.96,,,,,0.0069464897997743,0.0,0.2,,,0.0,,,,,0.0,True,False,,False
re2tt_ts-travel-service_disk_2,disk,ts-travel-service,direct::GET /api/v1/adminbasicservice/adminbasic/configs,GET /api/v1/adminbasicservice/adminbasic/configs (direct),GET /api/v1/adminbasicservice/adminbasic/configs,116,113,11591.5,14153.75,21104.749999999967,11137.0,13192.199999999995,19168.559999999998,0.9320639406517706,0.1613008636548829,0.1570661707267577,0.0172413793103448,0.0,-0.0172413793103448,0.0,0.0,0.0,0.0018080603687356,-0.2538907537381751,0.0,False,False,0.0126564225811493,False
re2tt_ts-travel-service_disk_2,disk,ts-travel-service,direct::GET /api/v1/adminbasicservice/adminbasic/prices,GET /api/v1/adminbasicservice/adminbasic/prices (direct),GET /api/v1/adminbasicservice/adminbasic/prices,116,113,12286.0,14817.75,21922.69999999999,11648.0,13987.599999999997,19849.119999999995,0.9439759747600004,0.1613008636548829,0.1570661707267577,0.0172413793103448,0.0088495575221238,-0.0083918217882209,0.0,0.0,0.0,2.8201652627850904e-05,-0.3321635642355813,0.0,False,False,0.0002820165262785,False
re2tt_ts-travel-service_disk_2,disk,ts-travel-service,direct::GET /api/v1/admintravelservice/admintravel,GET /api/v1/admintravelservice/admintravel (direct),GET /api/v1/admintravelservice/admintravel,115,113,154422.0,358989.7,382210.38,191217.0,558420.6,670513.2,1.5555337660105568,0.1599103389682028,0.1570661707267577,0.017391304347826,0.1769911504424778,0.1595998460946517,0.0,0.0,0.0,0.0006807853415221,0.2746440938822625,0.2746440938822625,False,False,0.0054462827321775,True
re2tt_ts-travel-service_disk_2,disk,ts-travel-service,direct::GET /api/v1/assuranceservice/assurances/types,GET /api/v1/assuranceservice/assurances/types (direct),GET /api/v1/assuranceservice/assurances/types,76,82,3859.0,4889.75,7898.5,3812.5,5282.900000000001,7157.639999999981,1.0804028835830053,0.1056798761876818,0.1139772212353462,0.0131578947368421,0.0121951219512195,-0.0009627727856225,0.0,0.0,0.0,0.6597135412280235,-0.0900192554557124,0.0,False,False,1.0,False
re2tt_ts-travel-service_disk_2,disk,ts-travel-service,direct::GET /api/v1/foodservice/foods/{date}/{startStation}/{endStation}/{tripId},GET /api/v1/foodservice/foods/{date}/{startStation}/{endStation}/{tripId} (direct),GET /api/v1/foodservice/foods/{date}/{startStation}/{endStation}/{tripId},206,216,49794.5,65865.75,115729.64999999998,54558.5,161311.25,265992.19999999966,2.4490915232879,0.2864480854560851,0.3002326803272536,0.0145631067961165,0.162037037037037,0.1474739302409205,0.0,0.0,0.0,0.0001542013269144,0.222559331175836,0.222559331175836,False,False,0.0013878119422302,True
re2tt_ts-travel-service_disk_2,disk,ts-travel-service,direct::POST /api/v1/inside_pay_service/inside_payment,POST /api/v1/inside_pay_service/inside_payment (direct),POST /api/v1/inside_pay_service/inside_payment,77,102,12733.0,16650.60000000002,48522.55999999998,12482.0,15892.149999999994,31087.799999999937,0.954449088921719,0.1070704008743619,0.1417765434878697,0.0129870129870129,0.0098039215686274,-0.0031830914183855,0.0,0.0,0.0,0.0747450872620235,-0.1820728291316526,0.0,False,False,0.4484705235721413,False
re2tt_ts-travel-service_disk_2,disk,ts-travel-service,direct::POST /api/v1/orderOtherService/orderOther/refresh,POST /api/v1/orderOtherService/orderOther/refresh (direct),POST /api/v1/orderOtherService/orderOther/refresh,51,76,46356.0,56434.5,59792.5,45606.0,52383.25,54401.0,0.9282132383559702,0.0709167590206812,0.1056374245595892,0.0196078431372549,0.0,-0.0196078431372549,0.0,0.0,0.0,0.4975869421608148,-0.1212590299277606,0.0,False,False,1.0,False
re2tt_ts-travel-service_disk_2,disk,ts-travel-service,direct::POST /api/v1/orderservice/order/refresh,POST /api/v1/orderservice/order/refresh (direct),POST /api/v1/orderservice/order/refresh,97,121,79413.0,108677.99999999994,132060.8399999999,78812.0,87784.0,91568.4,0.8077439776219663,0.1348808946079624,0.168185899627767,0.0103092783505154,0.0,-0.0103092783505154,0.0,0.0,0.0,0.7409315734036142,-0.0707165374456846,0.0,False,False,1.0,False
re2tt_ts-travel-service_disk_2,disk,ts-travel-service,direct::POST /api/v1/travel2service/trips/left,POST /api/v1/travel2service/trips/left (direct),POST /api/v1/travel2service/trips/left,966,966,43119.5,53988.25,62102.60000000001,42203.5,53204.0,58400.15000000003,0.9854736910346232,1.343246847332904,1.3427072647968843,0.010351966873706,0.005175983436853,-0.005175983436853,0.0,0.0,0.0,0.7939907524077998,-0.0222578004106493,0.0,False,False,1.0,False
re2tt_ts-travel-service_disk_2,disk,ts-travel-service,direct::POST /api/v1/travelservice/trips/left,POST /api/v1/travelservice/trips/left (direct),POST /api/v1/travelservice/trips/left,294,275,59005.5,149877.3,316226.06,75291.0,339695.2,428093.76,2.2664886543859546,0.4088142578839273,0.3822406809721979,0.010204081632653,0.0727272727272727,0.0625231910946196,0.0,0.0,0.0,1.7224033910108437e-08,0.279047619047619,0.279047619047619,False,False,2.0668840692130127e-07,True
re2tt_ts-travel-service_disk_2,disk,ts-travel-service,direct::POST /api/v1/users/login,POST /api/v1/users/login (direct),POST /api/v1/users/login,1057,1047,216283.0,713202.1999999996,1008116.16,214805.0,705885.9999999997,1101283.7599999998,0.9897417590691672,1.4697845938207863,1.4552945199196043,0.010406811731315,0.0143266475644699,0.0039198358331548,0.0,0.0,0.0,1.0,-0.0029032808971707,0.0,False,False,1.0,False
re2tt_ts-travel-service_disk_2,disk,ts-travel-service,direct::PUT /api/v1/consignservice/consigns,PUT /api/v1/consignservice/consigns (direct),PUT /api/v1/consignservice/consigns,71,95,22516.0,30199.5,37932.699999999975,20641.0,25005.399999999998,29191.7,0.8280070862100364,0.0987272527542817,0.1320467806994865,0.0140845070422535,0.0,-0.0140845070422535,0.0,0.0,0.0,9.319227248091145e-08,-0.496515937731653,0.0,False,False,1.0251149972900256e-06,False
re2tt_ts-travel-service_disk_3,disk,ts-travel-service,direct::GET /api/v1/adminbasicservice/adminbasic/configs,GET /api/v1/adminbasicservice/adminbasic/configs (direct),GET /api/v1/adminbasicservice/adminbasic/configs,115,113,10809.0,12966.2,19389.44,10797.0,12327.4,19198.83999999999,0.9507334454196296,0.1599412528824195,0.1570157557668552,0.017391304347826,0.0176991150442477,0.0003078106964217,0.0,0.0,0.0,0.6562027200283789,-0.0750288572527895,0.0,False,False,1.0,False
re2tt_ts-travel-service_disk_3,disk,ts-travel-service,direct::GET /api/v1/adminbasicservice/adminbasic/prices,GET /api/v1/adminbasicservice/adminbasic/prices (direct),GET /api/v1/adminbasicservice/adminbasic/prices,113,114,11509.0,15045.4,20072.12,11232.0,13848.1,20146.13,0.9204208595318172,0.1571596658757687,0.1584052757293937,0.0176991150442477,0.0175438596491228,-0.0001552553951249,0.0,0.0,0.0,0.035675082048239,-0.1820369507840397,0.0,False,False,0.2140504922894343,False
re2tt_ts-travel-service_disk_3,disk,ts-travel-service,direct::GET /api/v1/admintravelservice/admintravel,GET /api/v1/admintravelservice/admintravel (direct),GET /api/v1/admintravelservice/admintravel,113,114,143748.0,178916.79999999993,264957.0799999997,164050.0,439016.2499999999,459789.87,2.45374526036683,0.1571596658757687,0.1584052757293937,0.0176991150442477,0.2807017543859649,0.2630026393417171,0.0,0.0,0.0,1.148416899994206e-06,0.3841018475392019,0.3841018475392019,False,False,1.2632585899936268e-05,True
re2tt_ts-travel-service_disk_3,disk,ts-travel-service,direct::GET /api/v1/assuranceservice/assurances/types,GET /api/v1/assuranceservice/assurances/types (direct),GET /api/v1/assuranceservice/assurances/types,88,96,3407.0,4394.8,7713.159999999966,3365.5,4401.25,5300.099999999977,1.0014676435787748,0.122389828292634,0.1333939164037,0.0113636363636363,0.0104166666666666,-0.0009469696969696,0.0,0.0,0.0,0.5438088999946635,-0.0939867424242424,0.0,False,False,1.0,False
re2tt_ts-travel-service_disk_3,disk,ts-travel-service,direct::GET /api/v1/foodservice/foods/{date}/{startStation}/{endStation}/{tripId},GET /api/v1/foodservice/foods/{date}/{startStation}/{endStation}/{tripId} (direct),GET /api/v1/foodservice/foods/{date}/{startStation}/{endStation}/{tripId},238,219,43122.0,51212.69999999998,61974.66999999999,44129.0,119338.6,138547.43999999997,2.3302540190226257,0.3310088537914422,0.3043048717959407,0.0126050420168067,0.2465753424657534,0.2339703004489466,0.0,0.0,0.0,0.0017873117542658,0.1798089098653159,0.1798089098653159,False,False,0.0142984940341266,True
re2tt_ts-travel-service_disk_3,disk,ts-travel-service,direct::POST /api/v1/inside_pay_service/inside_payment,POST /api/v1/inside_pay_service/inside_payment (direct),POST /api/v1/inside_pay_service/inside_payment,85,84,11889.0,13809.4,17570.439999999995,11713.0,18253.249999999996,31108.42000000009,1.3217989195765198,0.1182174477826579,0.1167196768532375,0.0117647058823529,0.0595238095238095,0.0477591036414565,0.0,0.0,0.0,1.0,-0.0124649859943977,0.0,False,False,1.0,False
re2tt_ts-travel-service_disk_3,disk,ts-travel-service,direct::POST /api/v1/orderOtherService/orderOther/refresh,POST /api/v1/orderOtherService/orderOther/refresh (direct),POST /api/v1/orderOtherService/orderOther/refresh,65,59,46998.0,57744.39999999999,61409.16,47135.0,54522.7,55123.600000000006,0.94420757683862,0.0904015777161501,0.0819816777897739,0.0153846153846153,0.0,-0.0153846153846153,0.0,0.0,0.0,1.0,-0.019295958279009,0.0,False,False,1.0,False
re2tt_ts-travel-service_disk_3,disk,ts-travel-service,direct::POST /api/v1/orderservice/order/refresh,POST /api/v1/orderservice/order/refresh (direct),POST /api/v1/orderservice/order/refresh,106,98,81555.0,90655.25,103081.95000000004,77888.5,89950.39999999997,131961.33000000002,0.992224940088963,0.147424111352491,0.1361729563287771,0.0188679245283018,0.0204081632653061,0.0015402387370042,0.0,0.0,0.0,0.0003578143908895,-0.304004620716211,0.0,False,False,0.0035781439088959,False
re2tt_ts-travel-service_disk_3,disk,ts-travel-service,direct::POST /api/v1/travel2service/trips/left,POST /api/v1/travel2service/trips/left (direct),POST /api/v1/travel2service/trips/left,998,1003,41794.5,52488.05,60433.48,42679.0,51652.7,56756.560000000005,0.984084948859788,1.3880119163187363,1.3936885224261577,0.0100200400801603,0.007976071784646,-0.0020439682955142,0.0,0.0,0.0,0.9524546874171468,0.0183947156526411,0.0183947156526411,False,False,1.0,False
re2tt_ts-travel-service_disk_3,disk,ts-travel-service,direct::POST /api/v1/travelservice/trips/left,POST /api/v1/travelservice/trips/left (direct),POST /api/v1/travelservice/trips/left,250,291,45341.0,68504.34999999999,123799.71999999996,62750.0,243912.0,302406.30000000045,3.5605330172463505,0.3476983758313468,0.4043503090987156,0.012,0.2955326460481099,0.2835326460481099,0.0,0.0,0.0,2.230344687065473e-15,0.3993539518900344,0.3993539518900344,False,False,2.676413624478568e-14,True
re2tt_ts-travel-service_disk_3,disk,ts-travel-service,direct::POST /api/v1/users/login,POST /api/v1/users/login (direct),POST /api/v1/users/login,1071,1070,218263.0,801986.5,1340968.6999999976,213948.5,616455.6499999998,908468.55,0.7686608814487523,1.4895398420614898,1.4867863599162396,0.0102707749766573,0.0,-0.0102707749766573,0.0,0.0,0.0,0.0007025561866871,-0.0892169952092987,0.0,False,False,0.0063230056801839,False
re2tt_ts-travel-service_disk_3,disk,ts-travel-service,direct::PUT /api/v1/consignservice/consigns,PUT /api/v1/consignservice/consigns (direct),PUT /api/v1/consignservice/consigns,86,73,20525.0,24258.25,217878.6000000022,19399.0,26481.799999999945,44035.28000000002,1.0916615996619683,0.1196082412859833,0.1014349572653135,0.0116279069767441,0.0,-0.0116279069767441,0.0,0.0,0.0,0.0139640973579026,-0.2488053520229372,0.0,False,False,0.0977486815053182,False
re2tt_ts-travel-service_loss_1,loss,ts-travel-service,direct::GET /api/v1/adminbasicservice/adminbasic/configs,GET /api/v1/adminbasicservice/adminbasic/configs (direct),GET /api/v1/adminbasicservice/adminbasic/configs,119,107,11600.0,14256.199999999995,20775.019999999968,11072.0,12952.8,21161.87999999999,0.9085731120494944,0.1652803028935164,0.1486119367329818,0.0168067226890756,0.0186915887850467,0.001884866095971,0.0,0.0,0.0,0.0018454271062567,-0.255477892091416,0.0,False,False,0.0110725626375407,False
re2tt_ts-travel-service_loss_1,loss,ts-travel-service,direct::GET /api/v1/adminbasicservice/adminbasic/prices,GET /api/v1/adminbasicservice/adminbasic/prices (direct),GET /api/v1/adminbasicservice/adminbasic/prices,117,107,12430.0,19457.19999999996,64572.72000000003,11791.0,13590.599999999997,17006.5,0.6984869354275037,0.1625024826768186,0.1486119367329818,0.017094017094017,0.0,-0.017094017094017,0.0,0.0,0.0,9.755019119317435e-07,-0.3894879782730249,0.0,False,False,8.779517207385691e-06,False
re2tt_ts-travel-service_loss_1,loss,ts-travel-service,direct::GET /api/v1/admintravelservice/admintravel,GET /api/v1/admintravelservice/admintravel (direct),GET /api/v1/admintravelservice/admintravel,117,108,149324.0,177832.59999999998,210433.2,358473.0,1353163.099999999,1924039.4199999976,7.60919595169839,0.1625024826768186,0.150000833337963,0.017094017094017,0.5925925925925926,0.5754985754985754,0.0,0.0,0.0,3.2969513013963816e-20,0.7168407723963279,0.7168407723963279,False,False,4.286036691815296e-19,True
re2tt_ts-travel-service_loss_1,loss,ts-travel-service,direct::GET /api/v1/assuranceservice/assurances/types,GET /api/v1/assuranceservice/assurances/types (direct),GET /api/v1/assuranceservice/assurances/types,90,99,4273.0,5481.099999999999,14064.909999999998,3710.0,5027.3,14288.499999999996,0.9172064001751474,0.1250019097513989,0.1375007638931327,0.0111111111111111,0.0202020202020202,0.009090909090909,0.0,0.0,0.0,1.2593897730760312e-12,-0.60662177328844,0.0,False,False,1.2593897730760312e-11,False
re2tt_ts-travel-service_loss_1,loss,ts-travel-service,direct::GET /api/v1/contactservice/contacts/account/{accountId},GET /api/v1/contactservice/contacts/account/{accountId} (direct),GET /api/v1/contactservice/contacts/account/{accountId},90,98,8424.5,10264.4,12687.669999999996,7986.5,14474.899999999956,28067.130000000023,1.4102042009274731,0.1250019097513989,0.1361118672881516,0.0111111111111111,0.0612244897959183,0.0501133786848072,0.0,0.0,0.0,0.0004156718676117,-0.3136054421768707,0.0,False,False,0.0029097030732825,False
re2tt_ts-travel-service_loss_1,loss,ts-travel-service,direct::GET /api/v1/foodservice/foods/{date}/{startStation}/{endStation}/{tripId},GET /api/v1/foodservice/foods/{date}/{startStation}/{endStation}/{tripId} (direct),GET /api/v1/foodservice/foods/{date}/{startStation}/{endStation}/{tripId},282,290,46723.0,58973.65,104531.02,47429.0,462092.2,893079.8700000026,7.835570631968684,0.3916726505543834,0.4027800154445302,0.0106382978723404,0.2344827586206896,0.2238444607483492,0.0,0.0,0.0,0.0182869748598124,0.1259843482514062,0.1259843482514062,False,False,0.0914348742990623,False
re2tt_ts-travel-service_loss_1,loss,ts-travel-service,direct::POST /api/v1/inside_pay_service/inside_payment,POST /api/v1/inside_pay_service/inside_payment (direct),POST /api/v1/inside_pay_service/inside_payment,88,81,45715.5,96564.04999999996,137690.74999999977,47695.0,112320.0,117234.8,1.163165795138046,0.1222240895347012,0.1125006250034722,0.0113636363636363,0.0,-0.0113636363636363,0.0,0.0,0.0,0.9077607170240628,-0.0669191919191919,0.0,False,False,1.0,False
re2tt_ts-travel-service_loss_1,loss,ts-travel-service,direct::POST /api/v1/orderOtherService/orderOther/refresh,POST /api/v1/orderOtherService/orderOther/refresh (direct),POST /api/v1/orderOtherService/orderOther/refresh,71,62,154468.0,182277.0,203567.29999999996,206084.5,241119.69999999995,251964.62,1.3228202131920097,0.0986126176927703,0.0861115895088306,0.0140845070422535,0.5645161290322581,0.5504316219900046,0.0,0.0,0.0,6.2245202395136096e-18,0.8773284870513403,0.8773284870513403,False,False,7.469424287416332e-17,True
re2tt_ts-travel-service_loss_1,loss,ts-travel-service,direct::POST /api/v1/orderservice/order/refresh,POST /api/v1/orderservice/order/refresh (direct),POST /api/v1/orderservice/order/refresh,120,99,290474.5,382516.8,406224.68,395003.0,458675.5999999999,498903.7799999999,1.199099229105754,0.1666692130018653,0.1375007638931327,0.0166666666666666,0.3434343434343434,0.3267676767676767,0.0,0.0,0.0,1.825913980336087e-28,0.8744107744107743,0.8744107744107743,False,False,2.5562795724705222e-27,True
re2tt_ts-travel-service_loss_1,loss,ts-travel-service,direct::POST /api/v1/preserveotherservice/preserveOther,POST /api/v1/preserveotherservice/preserveOther (direct),POST /api/v1/preserveotherservice/preserveOther,30,36,506162.5,602629.75,611505.0,522134.0,751997.0,816705.8499999999,1.2478590710133377,0.0416673032504663,0.050000277779321,0.0333333333333333,0.1388888888888889,0.1055555555555555,0.0,0.0,0.0,0.2234861490947654,0.2296296296296296,0.2296296296296296,False,False,0.8939445963790618,False
re2tt_ts-travel-service_loss_1,loss,ts-travel-service,direct::POST /api/v1/preserveservice/preserve,POST /api/v1/preserveservice/preserve (direct),POST /api/v1/preserveservice/preserve,60,62,496205.5,751413.5,855848.3199999993,1037076.0,2046771.6,2255400.14,2.7238951655779404,0.0833346065009326,0.0861115895088306,0.0166666666666666,0.7258064516129032,0.7091397849462365,0.0,0.0,0.0,1.4460463341715795e-17,0.9043010752688172,0.9043010752688172,False,False,1.5906509675887374e-16,True
re2tt_ts-travel-service_loss_1,loss,ts-travel-service,direct::POST /api/v1/travel2service/trips/left,POST /api/v1/travel2service/trips/left (direct),POST /api/v1/travel2service/trips/left,1034,995,302168.0,346577.9,461285.6099999995,302604.0,336568.19999999995,364253.2999999997,0.9711184700467052,1.436133052032739,1.3819521219562332,0.0106382978723404,0.0,-0.0106382978723404,0.0,0.0,0.0,0.8654549920335299,-0.0201209140479963,0.0,False,False,1.0,False
re2tt_ts-travel-service_loss_1,loss,ts-travel-service,direct::POST /api/v1/travelservice/trips/left,POST /api/v1/travelservice/trips/left (direct),POST /api/v1/travelservice/trips/left,317,295,680828.0,813364.3999999999,958377.6399999978,1675192.0,4959614.900000001,6456941.8,6.097654261730661,0.4402845043465941,0.4097244984694359,0.0126182965299684,0.7389830508474576,0.7263647543174891,0.0,0.0,0.0,2.4890105941761985e-65,0.7998182109821954,0.7998182109821954,False,False,3.7335158912642984e-64,True
re2tt_ts-travel-service_loss_1,loss,ts-travel-service,direct::POST /api/v1/users/login,POST /api/v1/users/login (direct),POST /api/v1/users/login,1123,1065,247781.0,938592.6999999996,1275729.8599999994,234261.0,792110.5999999997,1335059.7199999962,0.8439343284898765,1.5597460516757895,1.4791748843049128,0.0106856634016028,0.0140845070422535,0.0033988436406506,0.0,0.0,0.0,0.7829174019536109,-0.0211681486962738,0.0,False,False,1.0,False
re2tt_ts-travel-service_loss_1,loss,ts-travel-service,direct::PUT /api/v1/consignservice/consigns,PUT /api/v1/consignservice/consigns (direct),PUT /api/v1/consignservice/consigns,103,80,24787.0,36184.49999999999,72260.80000000009,23508.5,27314.4,31117.82999999997,0.754864651991875,0.1430577411599344,0.1111117283984911,0.0194174757281553,0.0,-0.0194174757281553,0.0,0.0,0.0,0.0001687609778926,-0.3393203883495146,0.0,False,False,0.001350087823141,False
re2tt_ts-travel-service_loss_2,loss,ts-travel-service,direct::GET /api/v1/adminbasicservice/adminbasic/configs,GET /api/v1/adminbasicservice/adminbasic/configs (direct),GET /api/v1/adminbasicservice/adminbasic/configs,116,108,9807.5,12583.0,18549.599999999995,9625.5,11747.85,17594.319999999996,0.9336287053961692,0.161112453714892,0.15,0.0172413793103448,0.0,-0.0172413793103448,0.0,0.0,0.0,0.0525448895006351,-0.1720146871008939,0.0,False,False,0.2627244475031755,False
re2tt_ts-travel-service_loss_2,loss,ts-travel-service,direct::GET /api/v1/adminbasicservice/adminbasic/prices,GET /api/v1/adminbasicservice/adminbasic/prices (direct),GET /api/v1/adminbasicservice/adminbasic/prices,116,108,10291.5,15381.5,18723.7,9858.5,11640.8,14909.569999999983,0.7568052530637454,0.161112453714892,0.15,0.0172413793103448,0.0092592592592592,-0.0079821200510855,0.0,0.0,0.0,0.0007953275916877,-0.2741060025542784,0.0,False,False,0.0068611425213786,False
re2tt_ts-travel-service_loss_2,loss,ts-travel-service,direct::GET /api/v1/admintravelservice/admintravel,GET /api/v1/admintravelservice/admintravel (direct),GET /api/v1/admintravelservice/admintravel,117,108,144697.0,188032.19999999995,345970.2400000006,360771.5,1187640.5999999996,2788262.489999999,6.316155424443259,0.1625013541779514,0.15,0.017094017094017,0.6388888888888888,0.6217948717948717,0.0,0.0,0.0,2.074962396058837e-20,0.7206394428616651,0.7206394428616651,False,False,2.697451114876488e-19,True
re2tt_ts-travel-service_loss_2,loss,ts-travel-service,direct::GET /api/v1/assuranceservice/assurances/types,GET /api/v1/assuranceservice/assurances/types (direct),GET /api/v1/assuranceservice/assurances/types,83,106,2953.0,3700.7999999999993,4224.799999999992,2811.0,3405.75,4213.6500000000015,0.9202739948119328,0.1152787384339313,0.1472222222222222,0.0120481927710843,0.0188679245283018,0.0068197317572175,0.0,0.0,0.0,0.000762349169042,-0.3015458058649692,0.0,False,False,0.0068611425213786,False
re2tt_ts-travel-service_loss_2,loss,ts-travel-service,direct::GET /api/v1/contactservice/contacts/account/{accountId},GET /api/v1/contactservice/contacts/account/{accountId} (direct),GET /api/v1/contactservice/contacts/account/{accountId},83,106,6385.0,7740.099999999999,8270.079999999998,6106.0,7482.25,14091.100000000011,0.966686476918903,0.1152787384339313,0.1472222222222222,0.0120481927710843,0.0283018867924528,0.0162536940213684,0.0,0.0,0.0,0.0074546303285716,-0.2461923164355535,0.0,False,False,0.0521824123000017,False
re2tt_ts-travel-service_loss_2,loss,ts-travel-service,direct::GET /api/v1/foodservice/foods/{date}/{startStation}/{endStation}/{tripId},GET /api/v1/foodservice/foods/{date}/{startStation}/{endStation}/{tripId} (direct),GET /api/v1/foodservice/foods/{date}/{startStation}/{endStation}/{tripId},287,278,43358.0,55541.4,85935.95999999998,44757.5,658842.0499999999,1227048.6900000111,11.862179383306865,0.3986144328980519,0.3861111111111111,0.0104529616724738,0.2589928057553957,0.2485398440829218,0.0,0.0,0.0,3.0692177071428806e-05,0.2102624520592584,0.2102624520592584,False,False,0.0003069217707142,True
re2tt_ts-travel-service_loss_2,loss,ts-travel-service,direct::POST /api/v1/inside_pay_service/inside_payment,POST /api/v1/inside_pay_service/inside_payment (direct),POST /api/v1/inside_pay_service/inside_payment,93,85,39425.0,51456.99999999998,81860.39999999997,18807.0,58319.4,64634.95999999998,1.1333618360961584,0.1291677430645255,0.1180555555555555,0.010752688172043,0.0,-0.010752688172043,0.0,0.0,0.0,1.0,-0.0414927261227071,0.0,False,False,1.0,False
re2tt_ts-travel-service_loss_2,loss,ts-travel-service,direct::POST /api/v1/orderOtherService/orderOther/refresh,POST /api/v1/orderOtherService/orderOther/refresh (direct),POST /api/v1/orderOtherService/orderOther/refresh,75,66,557949.0,642026.5,652089.7000000001,638266.5,725540.5,774818.9999999999,1.1300787428556298,0.104167534729456,0.0916666666666666,0.0133333333333333,0.4090909090909091,0.3957575757575758,0.0,0.0,0.0,2.632792248237361e-15,0.7818181818181817,0.7818181818181817,False,False,2.8960714730610975e-14,True
re2tt_ts-travel-service_loss_2,loss,ts-travel-service,direct::POST /api/v1/orderservice/order/refresh,POST /api/v1/orderservice/order/refresh (direct),POST /api/v1/orderservice/order/refresh,110,108,799876.5,913452.0,934252.74,910297.0,1012863.9,1054292.65,1.1088310058985038,0.1527790509365355,0.15,0.0181818181818181,0.3888888888888889,0.3707070707070707,0.0,0.0,0.0,1.0892014412107336e-23,0.7919191919191919,0.7919191919191919,False,False,1.524882017695027e-22,True
re2tt_ts-travel-service_loss_2,loss,ts-travel-service,direct::POST /api/v1/preserveotherservice/preserveOther,POST /api/v1/preserveotherservice/preserveOther (direct),POST /api/v1/preserveotherservice/preserveOther,30,42,559282.0,657322.2999999999,758435.9000000001,548492.5,766928.1499999994,844902.13,1.1667459783427392,0.0416670138917824,0.0583333333333333,0.0333333333333333,0.0714285714285714,0.038095238095238,0.0,0.0,0.0,0.3591333380229371,-0.1873015873015873,0.0,False,False,1.0,False
re2tt_ts-travel-service_loss_2,loss,ts-travel-service,direct::POST /api/v1/preserveservice/preserve,POST /api/v1/preserveservice/preserve (direct),POST /api/v1/preserveservice/preserve,53,64,530873.0,775779.6,942016.0399999998,1186802.0,2045555.2999999996,2748241.4799999977,2.6367737692509565,0.0736117245421489,0.0888888888888888,0.0188679245283018,0.78125,0.7623820754716981,0.0,0.0,0.0,8.206711133956124e-18,0.9345518867924528,0.9345518867924528,False,False,9.848053360747351e-17,True
re2tt_ts-travel-service_loss_2,loss,ts-travel-service,direct::POST /api/v1/travel2service/trips/left,POST /api/v1/travel2service/trips/left (direct),POST /api/v1/travel2service/trips/left,956,913,323419.5,384413.75,466048.5000000004,323993.0,388919.79999999993,515380.72,1.01172187519307,1.3277888426848,1.2680555555555555,0.0104602510460251,0.0175246440306681,0.007064392984643,0.0,0.0,0.0,1.0,-0.011462739508815,0.0,False,False,1.0,False
re2tt_ts-travel-service_loss_2,loss,ts-travel-service,direct::POST /api/v1/travelservice/trips/left,POST /api/v1/travelservice/trips/left (direct),POST /api/v1/travelservice/trips/left,278,303,686044.5,798692.9499999998,1162696.7900000038,1761320.0,3706720.3,5296848.12,4.640982870826643,0.3861143287305172,0.4208333333333333,0.0107913669064748,0.6435643564356436,0.6327729895291687,0.0,0.0,0.0,4.6068656333784857e-63,0.8064202103663605,0.8064202103663605,False,False,6.910298450067728e-62,True
re2tt_ts-travel-service_loss_2,loss,ts-travel-service,direct::POST /api/v1/users/login,POST /api/v1/users/login (direct),POST /api/v1/users/login,1042,979,229363.5,796987.1999999996,1203678.8999999994,224068.0,688602.0,1023746.7600000004,0.8640063479062152,1.4472342825079096,1.3597222222222225,0.010556621880998,0.0030643513789581,-0.0074922705020399,0.0,0.0,0.0,0.0279518164054906,-0.0631789655706496,0.0,False,False,0.167710898432944,False
re2tt_ts-travel-service_loss_2,loss,ts-travel-service,direct::PUT /api/v1/consignservice/consigns,PUT /api/v1/consignservice/consigns (direct),PUT /api/v1/consignservice/consigns,92,88,19490.5,26552.5,39705.87000000012,19390.5,25791.5,28570.139999999985,0.9713397985123812,0.1277788426014661,0.1222222222222222,0.0108695652173913,0.0,-0.0108695652173913,0.0,0.0,0.0,0.3090830800478796,-0.1230237154150197,0.0,False,False,1.0,False
re2tt_ts-travel-service_loss_3,loss,ts-travel-service,direct::GET /api/v1/adminbasicservice/adminbasic/configs,GET /api/v1/adminbasicservice/adminbasic/configs (direct),GET /api/v1/adminbasicservice/adminbasic/configs,115,109,10595.0,13264.8,19003.02,10518.0,12554.8,13236.04,0.9464748808877632,0.1597231095728309,0.1515071486354627,0.017391304347826,0.0,-0.017391304347826,0.0,0.0,0.0,0.3214477578022883,-0.1085759872357399,0.0,False,False,1.0,False
re2tt_ts-travel-service_loss_3,loss,ts-travel-service,direct::GET /api/v1/adminbasicservice/adminbasic/prices,GET /api/v1/adminbasicservice/adminbasic/prices (direct),GET /api/v1/adminbasicservice/adminbasic/prices,115,109,11165.0,13989.8,19803.12,11000.0,12943.2,19057.32,0.9251883515132454,0.1597231095728309,0.1515071486354627,0.017391304347826,0.0,-0.017391304347826,0.0,0.0,0.0,0.3183807294739722,-0.1089748703629837,0.0,False,False,1.0,False
re2tt_ts-travel-service_loss_3,loss,ts-travel-service,direct::GET /api/v1/admintravelservice/admintravel,GET /api/v1/admintravelservice/admintravel (direct),GET /api/v1/admintravelservice/admintravel,114,110,149067.5,167759.65,179757.49000000005,364853.0,1101753.7499999998,2523698.5999999964,6.567453794759347,0.1583342129678498,0.152897122476155,0.0175438596491228,0.6363636363636364,0.6188197767145136,0.0,0.0,0.0,2.137962548009132e-18,0.6827751196172249,0.6827751196172249,False,False,2.7793513124118707e-17,True
re2tt_ts-travel-service_loss_3,loss,ts-travel-service,direct::GET /api/v1/assuranceservice/assurances/types,GET /api/v1/assuranceservice/assurances/types (direct),GET /api/v1/assuranceservice/assurances/types,86,85,3542.0,4396.75,7118.350000000053,3440.0,4193.4,4650.479999999999,0.953749928924774,0.1194451080283779,0.118147776458847,0.0116279069767441,0.0,-0.0116279069767441,0.0,0.0,0.0,0.0328889921269972,-0.2125854993160054,0.0,False,False,0.2631119370159779,False
re2tt_ts-travel-service_loss_3,loss,ts-travel-service,direct::GET /api/v1/contactservice/contacts/account/{accountId},GET /api/v1/contactservice/contacts/account/{accountId} (direct),GET /api/v1/contactservice/contacts/account/{accountId},86,84,7815.5,8796.5,20524.85,7502.0,8969.7,11424.680000000017,1.0196896492923322,0.1194451080283779,0.1167578026181547,0.0116279069767441,0.0,-0.0116279069767441,0.0,0.0,0.0,0.0984397914094811,-0.1748338870431893,0.0,False,False,0.689078539866368,False
re2tt_ts-travel-service_loss_3,loss,ts-travel-service,direct::GET /api/v1/foodservice/foods/{date}/{startStation}/{endStation}/{tripId},GET /api/v1/foodservice/foods/{date}/{startStation}/{endStation}/{tripId} (direct),GET /api/v1/foodservice/foods/{date}/{startStation}/{endStation}/{tripId},286,279,44200.0,57241.0,110493.34999999985,45997.0,307041.9999999998,1510086.99999992,5.364022291713979,0.3972244290246057,0.3878027015531567,0.0104895104895104,0.2258064516129032,0.2153169411233927,0.0,0.0,0.0,3.5123817119138294e-06,0.2324234904880067,0.2324234904880067,False,False,3.512381711913829e-05,True
re2tt_ts-travel-service_loss_3,loss,ts-travel-service,direct::POST /api/v1/inside_pay_service/inside_payment,POST /api/v1/inside_pay_service/inside_payment (direct),POST /api/v1/inside_pay_service/inside_payment,85,103,46252.0,59870.2,103487.31999999996,44914.0,59628.79999999997,110027.7800000001,0.9959679439854884,0.1180562114233968,0.1431673055913087,0.0117647058823529,0.0194174757281553,0.0076527698458023,0.0,0.0,0.0,0.2672360090188853,-0.1273557966876071,0.0,False,False,1.0,False
re2tt_ts-travel-service_loss_3,loss,ts-travel-service,direct::POST /api/v1/orderOtherService/orderOther/refresh,POST /api/v1/orderOtherService/orderOther/refresh (direct),POST /api/v1/orderOtherService/orderOther/refresh,65,75,275782.0,320520.4,341857.52,338826.0,396873.6,436650.16000000027,1.2382163506597397,0.090278279323774,0.1042480380519238,0.0153846153846153,0.4266666666666667,0.4112820512820513,0.0,0.0,0.0,3.324325823304139e-17,0.8363076923076924,0.8363076923076924,False,False,3.989190987964967e-16,True
re2tt_ts-travel-service_loss_3,loss,ts-travel-service,direct::POST /api/v1/orderservice/order/refresh,POST /api/v1/orderservice/order/refresh (direct),POST /api/v1/orderservice/order/refresh,110,111,505261.5,587034.8,663815.69,592742.0,667725.5,717146.3000000002,1.1374547130766353,0.1527786265479252,0.1542870963168473,0.0181818181818181,0.081081081081081,0.0628992628992629,0.0,0.0,0.0,1.6360815000435128e-21,0.7472563472563472,0.7472563472563472,False,False,2.2905141000609175e-20,True
re2tt_ts-travel-service_loss_3,loss,ts-travel-service,direct::POST /api/v1/preserveotherservice/preserveOther,POST /api/v1/preserveotherservice/preserveOther (direct),POST /api/v1/preserveotherservice/preserveOther,30,39,523344.0,563367.7,567705.12,509386.0,589035.9,725308.8999999997,1.0455620725149846,0.0416668981494341,0.0542089797870004,0.0333333333333333,0.0769230769230769,0.0435897435897435,0.0,0.0,0.0,0.7343379032721182,-0.1282051282051282,0.0,False,False,1.0,False
re2tt_ts-travel-service_loss_3,loss,ts-travel-service,direct::POST /api/v1/preserveservice/preserve,POST /api/v1/preserveservice/preserve (direct),POST /api/v1/preserveservice/preserve,56,45,504967.5,567419.0,728290.8500000002,1167364.0,1985833.2,2448960.4800000004,3.499765076601242,0.0777782098789437,0.0625488228311543,0.0178571428571428,0.9111111111111112,0.8932539682539682,0.0,0.0,0.0,1.186082152176968e-16,0.9722222222222224,0.9722222222222224,False,False,1.3046903673946648e-15,True
re2tt_ts-travel-service_loss_3,loss,ts-travel-service,direct::POST /api/v1/travel2service/trips/left,POST /api/v1/travel2service/trips/left (direct),POST /api/v1/travel2service/trips/left,1040,980,304341.5,340357.25,368315.2599999999,304542.5,374516.95,536905.9800000002,1.1003642496230064,1.4444524691803844,1.3621743638784718,0.010576923076923,0.0540816326530612,0.0435047095761381,0.0,0.0,0.0,0.9426840730176484,0.0185194270015698,0.0185194270015698,False,False,1.0,False
re2tt_ts-travel-service_loss_3,loss,ts-travel-service,direct::POST /api/v1/travelservice/trips/left,POST /api/v1/travelservice/trips/left (direct),POST /api/v1/travelservice/trips/left,286,304,674912.0,756669.75,800564.5499999996,1724644.5,4357718.85,5941934.899999992,5.759076334160312,0.3972244290246057,0.4225520475704647,0.0104895104895104,0.805921052631579,0.7954315421420685,0.0,0.0,0.0,8.180970164664287e-67,0.8238866396761133,0.8238866396761133,False,False,1.227145524699643e-65,True
re2tt_ts-travel-service_loss_3,loss,ts-travel-service,direct::POST /api/v1/users/login,POST /api/v1/users/login (direct),POST /api/v1/users/login,1124,1050,257778.0,930033.75,1389194.6499999994,227314.0,715698.2999999998,1108374.69,0.7695401376562945,1.5611197839988,1.459472532726934,0.0106761565836298,0.0038095238095238,-0.006866632774106,0.0,0.0,0.0,0.0001124360527019,-0.0998390103372309,0.0,False,False,0.0010119244743178,False
re2tt_ts-travel-service_loss_3,loss,ts-travel-service,direct::PUT /api/v1/consignservice/consigns,PUT /api/v1/consignservice/consigns (direct),PUT /api/v1/consignservice/consigns,89,84,22345.0,27820.799999999992,36119.48,22032.0,26933.049999999992,39957.47000000003,0.9680904215550956,0.1236117978433213,0.1167578026181547,0.0112359550561797,0.0238095238095238,0.012573568753344,0.0,0.0,0.0,0.7834352504891915,-0.0755751738897806,0.0,False,False,1.0,False
re2tt_ts-travel-service_mem_1,mem,ts-travel-service,direct::GET /api/v1/adminbasicservice/adminbasic/configs,GET /api/v1/adminbasicservice/adminbasic/configs (direct),GET /api/v1/adminbasicservice/adminbasic/configs,116,113,9359.0,12196.0,15923.84999999998,9759.0,12685.799999999996,88752.07999999991,1.0401607084289928,0.1611200622256792,0.1569450983823543,0.0172413793103448,0.0353982300884955,0.0181568507781507,0.0,0.0,0.0,0.002332653109481,0.2483979249313397,0.2483979249313397,False,False,0.0163285717663675,True
re2tt_ts-travel-service_mem_1,mem,ts-travel-service,direct::GET /api/v1/adminbasicservice/adminbasic/prices,GET /api/v1/adminbasicservice/adminbasic/prices (direct),GET /api/v1/adminbasicservice/adminbasic/prices,116,113,10083.5,12706.25,17696.449999999997,10396.0,21167.399999999987,90586.35999999991,1.6659045745204122,0.1611200622256792,0.1569450983823543,0.0172413793103448,0.0619469026548672,0.0447055233445224,0.0,0.0,0.0,0.0179737961963204,0.1998779371376258,0.1998779371376258,False,False,0.089868980981602,False
re2tt_ts-travel-service_mem_1,mem,ts-travel-service,direct::GET /api/v1/admintravelservice/admintravel,GET /api/v1/admintravelservice/admintravel (direct),GET /api/v1/admintravelservice/admintravel,115,113,138055.0,154208.0,168965.36,330745.0,1237113.7999999998,1350184.16,8.022371083212283,0.1597310961720095,0.1569450983823543,0.017391304347826,0.991150442477876,0.97375913813005,0.0,0.0,0.0,2.3088971360290918e-38,0.996767987687572,0.996767987687572,False,False,3.0015662768378198e-37,True
re2tt_ts-travel-service_mem_1,mem,ts-travel-service,direct::GET /api/v1/assuranceservice/assurances/types,GET /api/v1/assuranceservice/assurances/types (direct),GET /api/v1/assuranceservice/assurances/types,70,89,4090.0,4777.5,5110.810000000001,3832.0,4705.599999999999,5356.76,0.9849502878074304,0.0972276237568753,0.1236116261595534,0.0142857142857142,0.0337078651685393,0.019422150882825,0.0,0.0,0.0,0.0003005221037345,-0.3508828250401284,0.0,False,False,0.0024041768298765,False
re2tt_ts-travel-service_mem_1,mem,ts-travel-service,direct::GET /api/v1/contactservice/contacts/account/{accountId},GET /api/v1/contactservice/contacts/account/{accountId} (direct),GET /api/v1/contactservice/contacts/account/{accountId},70,89,6506.5,7911.3,11283.180000000018,6106.0,8032.599999999999,17574.240000000005,1.0153324990835892,0.0972276237568753,0.1236116261595534,0.0142857142857142,0.0337078651685393,0.019422150882825,0.0,0.0,0.0,0.010610831259143,-0.2581059390048154,0.0,False,False,0.0636649875548583,False
re2tt_ts-travel-service_mem_1,mem,ts-travel-service,direct::GET /api/v1/foodservice/foods/{date}/{startStation}/{endStation}/{tripId},GET /api/v1/foodservice/foods/{date}/{startStation}/{endStation}/{tripId} (direct),GET /api/v1/foodservice/foods/{date}/{startStation}/{endStation}/{tripId},261,222,42979.0,55233.0,99367.39999999988,97659.5,908192.8,1159770.6299999992,16.44293809860047,0.3625201400077782,0.3083346180609086,0.0114942528735632,0.4729729729729729,0.4614787200994097,0.0,0.0,0.0,1.1931358225524946e-55,0.8315729522626074,0.8315729522626074,False,False,1.6703901515734922e-54,True
re2tt_ts-travel-service_mem_1,mem,ts-travel-service,direct::POST /api/v1/inside_pay_service/inside_payment,POST /api/v1/inside_pay_service/inside_payment (direct),POST /api/v1/inside_pay_service/inside_payment,78,78,14737.0,56855.69999999999,70860.71000000012,43661.0,190219.94999999992,338340.0100000004,3.34566191252592,0.1083393521862325,0.108333784724103,0.0128205128205128,0.1666666666666666,0.1538461538461538,0.0,0.0,0.0,0.2206362257663131,0.1482577251808021,0.1482577251808021,False,False,0.8825449030652524,False
re2tt_ts-travel-service_mem_1,mem,ts-travel-service,direct::POST /api/v1/orderOtherService/orderOther/refresh,POST /api/v1/orderOtherService/orderOther/refresh (direct),POST /api/v1/orderOtherService/orderOther/refresh,65,59,229973.0,277044.4,287790.44,279965.0,331117.3,413912.4000000002,1.1951777404632615,0.0902827934885271,0.0819447858810522,0.0153846153846153,0.288135593220339,0.2727509778357236,0.0,0.0,0.0,1.8286282470876583e-16,0.8670143415906129,0.8670143415906129,False,False,1.6457654223788926e-15,True
re2tt_ts-travel-service_mem_1,mem,ts-travel-service,direct::POST /api/v1/orderservice/order/refresh,POST /api/v1/orderservice/order/refresh (direct),POST /api/v1/orderservice/order/refresh,107,78,412323.0,456860.0,494141.54,488812.0,559761.2,593160.65,1.2252357396138862,0.1486193677426523,0.108333784724103,0.0186915887850467,0.4230769230769231,0.4043853342918763,0.0,0.0,0.0,8.511998121452739e-26,0.9108554996405464,0.9108554996405464,False,False,9.363197933598011e-25,True
re2tt_ts-travel-service_mem_1,mem,ts-travel-service,direct::POST /api/v1/preserveotherservice/preserveOther,POST /api/v1/preserveotherservice/preserveOther (direct),POST /api/v1/preserveotherservice/preserveOther,26,31,495220.5,572967.0,626638.0,508915.0,831627.0,895474.4,1.4514396117053865,0.0361131173954108,0.0430557349544512,0.0384615384615384,0.1935483870967742,0.1550868486352357,0.0,0.0,0.0,0.2441628345452885,0.2406947890818858,0.2406947890818858,False,False,0.8825449030652524,False
re2tt_ts-travel-service_mem_1,mem,ts-travel-service,direct::POST /api/v1/preserveservice/preserve,POST /api/v1/preserveservice/preserve (direct),POST /api/v1/preserveservice/preserve,44,58,501814.5,537534.8,646361.26,1026221.5,2203077.65,2495738.02,4.098483763283791,0.0611145063614645,0.0805558912051022,0.0227272727272727,1.0,0.9772727272727272,0.0,0.0,0.0,1.444034901305702e-17,0.9992163009404388,0.9992163009404388,False,False,1.4440349013057021e-16,True
re2tt_ts-travel-service_mem_1,mem,ts-travel-service,direct::POST /api/v1/travel2service/trips/left,POST /api/v1/travel2service/trips/left (direct),POST /api/v1/travel2service/trips/left,849,816,291871.0,323578.8,340442.8,305169.0,581769.25,684541.4500000002,1.7979214027618622,1.1792321795655314,1.1333380555752317,0.0106007067137809,0.2144607843137254,0.2038600775999445,0.0,0.0,0.0,2.463555040873743e-29,0.3200896671978568,0.3200896671978568,False,False,2.9562660490484914e-28,True
re2tt_ts-travel-service_mem_1,mem,ts-travel-service,direct::POST /api/v1/travelservice/trips/left,POST /api/v1/travelservice/trips/left (direct),POST /api/v1/travelservice/trips/left,241,252,651325.0,709794.0,746365.6,1606544.0,2824429.9,3223323.71,3.979224817341369,0.3347408189343852,0.3500014583394097,0.0124481327800829,0.7817460317460317,0.7692978989659488,0.0,0.0,0.0,3.303753464410881e-58,0.8397549891325824,0.8397549891325824,False,False,4.9556301966163225e-57,True
re2tt_ts-travel-service_mem_1,mem,ts-travel-service,direct::POST /api/v1/users/login,POST /api/v1/users/login (direct),POST /api/v1/users/login,941,895,216677.0,641514.0,897453.6000000002,218035.0,712245.2,1102727.92,1.1102566740554376,1.307017056503139,1.243060734975285,0.0106269925611052,0.0234636871508379,0.0128366945897327,0.0,0.0,0.0,0.2609151220081103,0.0407791544713516,0.0407791544713516,False,False,0.8825449030652524,False
re2tt_ts-travel-service_mem_1,mem,ts-travel-service,direct::PUT /api/v1/consignservice/consigns,PUT /api/v1/consignservice/consigns (direct),PUT /api/v1/consignservice/consigns,94,59,21917.5,28383.599999999988,35584.22999999968,21618.0,33553.49999999996,68680.64000000004,1.182143914091235,0.1305628090449469,0.0819447858810522,0.0106382978723404,0.0508474576271186,0.0402091597547782,0.0,0.0,0.0,1.0,-0.0587811034980165,0.0,False,False,1.0,False
re2tt_ts-travel-service_mem_2,mem,ts-travel-service,direct::GET /api/v1/adminbasicservice/adminbasic/configs,GET /api/v1/adminbasicservice/adminbasic/configs (direct),GET /api/v1/adminbasicservice/adminbasic/configs,117,112,9003.0,13055.399999999992,17614.60000000001,9314.5,12174.8,101754.02000000002,0.9325489835623578,0.1625,0.1555577160793899,0.017094017094017,0.0267857142857142,0.0096916971916971,0.0,0.0,0.0,0.2648960440610636,0.1151556776556776,0.1151556776556776,False,False,1.0,False
re2tt_ts-travel-service_mem_2,mem,ts-travel-service,direct::GET /api/v1/adminbasicservice/adminbasic/prices,GET /api/v1/adminbasicservice/adminbasic/prices (direct),GET /api/v1/adminbasicservice/adminbasic/prices,116,113,9728.0,12005.5,15309.85,9757.0,16312.399999999998,22840.88,1.358743909041689,0.1611111111111111,0.1569466242586702,0.0172413793103448,0.0619469026548672,0.0447055233445224,0.0,0.0,0.0,0.8358788576298415,0.0620231919438509,0.0620231919438509,False,False,1.0,False
re2tt_ts-travel-service_mem_2,mem,ts-travel-service,direct::GET /api/v1/admintravelservice/admintravel,GET /api/v1/admintravelservice/admintravel (direct),GET /api/v1/admintravelservice/admintravel,116,113,136993.0,155870.75,163933.94999999998,348591.0,1337162.0,1853125.6799999983,8.578658920932888,0.1611111111111111,0.1569466242586702,0.0172413793103448,0.991150442477876,0.9739090631675312,0.0,0.0,0.0,1.0474061819483645e-38,0.9992371071101618,0.9992371071101618,False,False,1.2568874183380376e-37,True
re2tt_ts-travel-service_mem_2,mem,ts-travel-service,direct::GET /api/v1/assuranceservice/assurances/types,GET /api/v1/assuranceservice/assurances/types (direct),GET /api/v1/assuranceservice/assurances/types,53,66,3893.0,5058.2,9815.719999999972,3775.0,4461.0,9390.499999999936,0.8819342849234906,0.0736111111111111,0.0916679398324976,0.0188679245283018,0.0151515151515151,-0.0037164093767867,0.0,0.0,0.0,0.4600050199736338,-0.1286449399656947,0.0,False,False,1.0,False
re2tt_ts-travel-service_mem_2,mem,ts-travel-service,direct::GET /api/v1/contactservice/contacts/account/{accountId},GET /api/v1/contactservice/contacts/account/{accountId} (direct),GET /api/v1/contactservice/contacts/account/{accountId},53,66,5845.0,7510.999999999999,11768.919999999978,5715.0,6626.5,7020.649999999994,0.8822393822393824,0.0736111111111111,0.0916679398324976,0.0188679245283018,0.0,-0.0188679245283018,0.0,0.0,0.0,0.0887806653696031,-0.2152658662092624,0.0,False,False,0.6214646575872219,False
re2tt_ts-travel-service_mem_2,mem,ts-travel-service,direct::GET /api/v1/foodservice/foods/{date}/{startStation}/{endStation}/{tripId},GET /api/v1/foodservice/foods/{date}/{startStation}/{endStation}/{tripId} (direct),GET /api/v1/foodservice/foods/{date}/{startStation}/{endStation}/{tripId},227,243,42241.0,51401.0,86986.84000000029,100250.0,985785.4,1338371.7599999984,19.17833116087236,0.3152777777777777,0.337504687565105,0.013215859030837,0.588477366255144,0.575261507224307,0.0,0.0,0.0,1.102398972549607e-52,0.8174072261199035,0.8174072261199035,False,False,1.4331186643144887e-51,True
re2tt_ts-travel-service_mem_2,mem,ts-travel-service,direct::POST /api/v1/inside_pay_service/inside_payment,POST /api/v1/inside_pay_service/inside_payment (direct),POST /api/v1/inside_pay_service/inside_payment,76,62,42458.5,55858.0,88620.5,38430.5,105393.94999999995,440713.7600000002,1.886819255970496,0.1055555555555555,0.0861123071153766,0.0131578947368421,0.0967741935483871,0.0836162988115449,0.0,0.0,0.0,0.4450019370120714,0.1211799660441426,0.1211799660441426,False,False,1.0,False
re2tt_ts-travel-service_mem_2,mem,ts-travel-service,direct::POST /api/v1/orderOtherService/orderOther/refresh,POST /api/v1/orderOtherService/orderOther/refresh (direct),POST /api/v1/orderOtherService/orderOther/refresh,67,56,344098.0,394508.4,401603.86,374154.5,507651.75,820507.1,1.2867957944621713,0.0930555555555555,0.0777788580396949,0.0149253731343283,0.1964285714285714,0.181503198294243,0.0,0.0,0.0,3.0247004918114775e-08,0.5943496801705757,0.5943496801705757,False,False,2.722230442630329e-07,True
re2tt_ts-travel-service_mem_2,mem,ts-travel-service,direct::POST /api/v1/orderservice/order/refresh,POST /api/v1/orderservice/order/refresh (direct),POST /api/v1/orderservice/order/refresh,78,82,572366.5,632451.65,642206.1900000001,625803.5,721865.75,778558.1899999998,1.1413769732437251,0.1083333333333333,0.1138904707009819,0.0128205128205128,0.3780487804878049,0.365228267667292,0.0,0.0,0.0,6.868935742016942e-16,0.7473420888055033,0.7473420888055033,False,False,7.555829316218636e-15,True
re2tt_ts-travel-service_mem_2,mem,ts-travel-service,direct::POST /api/v1/preserveotherservice/preserveOther,POST /api/v1/preserveotherservice/preserveOther (direct),POST /api/v1/preserveotherservice/preserveOther,23,23,513238.0,668580.4999999999,686416.1,547814.0,1259368.6,1277772.28,1.8836454248964785,0.0319444444444444,0.0319448881234461,0.0434782608695652,0.2608695652173913,0.217391304347826,0.0,0.0,0.0,0.004520517395171,0.5274102079395084,0.5274102079395084,False,False,0.0361641391613681,True
re2tt_ts-travel-service_mem_2,mem,ts-travel-service,direct::POST /api/v1/preserveservice/preserve,POST /api/v1/preserveservice/preserve (direct),POST /api/v1/preserveservice/preserve,30,43,492267.0,535056.75,556322.84,1021124.0,2552275.599999999,2713669.38,4.7701026106109286,0.0416666666666666,0.0597230517090515,0.0333333333333333,1.0,0.9666666666666668,0.0,0.0,0.0,9.942620859698633e-13,1.0,1.0,False,False,9.942620859698634e-12,True
re2tt_ts-travel-service_mem_2,mem,ts-travel-service,direct::POST /api/v1/travel2service/trips/left,POST /api/v1/travel2service/trips/left (direct),POST /api/v1/travel2service/trips/left,858,804,297157.0,339876.2,512413.7999999998,323902.5,642279.7999999998,1007241.8000000002,1.889746325279616,1.1916666666666669,1.1166821761413352,0.0104895104895104,0.1305970149253731,0.1201075044358626,0.0,0.0,0.0,4.943784909244061e-65,0.4838989783019634,0.4838989783019634,False,False,6.921298872941686e-64,True
re2tt_ts-travel-service_mem_2,mem,ts-travel-service,direct::POST /api/v1/travelservice/trips/left,POST /api/v1/travelservice/trips/left (direct),POST /api/v1/travelservice/trips/left,243,248,658680.0,709112.6,734492.1,1812566.5,3278371.749999997,4917012.19,4.62320335303589,0.3375,0.3444492284615064,0.0123456790123456,0.8870967741935484,0.8747510951812028,0.0,0.0,0.0,5.7289694649415805e-67,0.9039891145625912,0.9039891145625912,False,False,8.593454197412369e-66,True
re2tt_ts-travel-service_mem_2,mem,ts-travel-service,direct::POST /api/v1/users/login,POST /api/v1/users/login (direct),POST /api/v1/users/login,952,893,215167.5,611371.3,905937.35,217900.0,597151.3999999999,814608.4800000011,0.9767409755740905,1.3222222222222222,1.240295004097279,0.0105042016806722,0.0033594624860022,-0.00714473919467,0.0,0.0,0.0,0.6431963540724619,0.0266674979062173,0.0266674979062173,False,False,1.0,False
re2tt_ts-travel-service_mem_2,mem,ts-travel-service,direct::PUT /api/v1/consignservice/consigns,PUT /api/v1/consignservice/consigns (direct),PUT /api/v1/consignservice/consigns,68,77,21389.0,28869.4,51374.63999999991,21288.0,45169.60000000003,121647.4799999998,1.5646185926967666,0.0944444444444444,0.1069459298045806,0.0147058823529411,0.0519480519480519,0.0372421695951107,0.0,0.0,0.0,1.0,0.0318945760122231,0.0318945760122231,False,False,1.0,False
re2tt_ts-travel-service_mem_3,mem,ts-travel-service,direct::GET /api/v1/adminbasicservice/adminbasic/configs,GET /api/v1/adminbasicservice/adminbasic/configs (direct),GET /api/v1/adminbasicservice/adminbasic/configs,112,110,13536.0,19305.04999999999,27147.980000000003,11582.5,15105.8,19586.13,0.782479195858079,0.1555713287597214,0.1527777777777778,0.0178571428571428,0.009090909090909,-0.0087662337662337,0.0,0.0,0.0,2.753196455162394e-16,-0.6422077922077922,0.0,False,False,2.7531964551623946e-15,False
re2tt_ts-travel-service_mem_3,mem,ts-travel-service,direct::GET /api/v1/adminbasicservice/adminbasic/prices,GET /api/v1/adminbasicservice/adminbasic/prices (direct),GET /api/v1/adminbasicservice/adminbasic/prices,113,110,15026.0,23575.199999999997,32695.959999999974,12128.5,14631.45,18653.079999999994,0.6206288811971904,0.1569603584807904,0.1527777777777778,0.0176991150442477,0.0,-0.0176991150442477,0.0,0.0,0.0,1.5761659149022963e-26,-0.8312148028962189,0.0,False,False,1.891399097882756e-25,False
re2tt_ts-travel-service_mem_3,mem,ts-travel-service,direct::GET /api/v1/admintravelservice/admintravel,GET /api/v1/admintravelservice/admintravel (direct),GET /api/v1/admintravelservice/admintravel,113,110,206983.0,602236.5999999989,782012.08,317897.0,1277897.45,1408358.42,2.1219192755803986,0.1569603584807904,0.1527777777777778,0.0176991150442477,0.1818181818181818,0.164119066773934,0.0,0.0,0.0,3.983387759123043e-14,0.5930812550281577,0.5930812550281577,False,False,2.788371431386131e-13,True
re2tt_ts-travel-service_mem_3,mem,ts-travel-service,direct::GET /api/v1/assuranceservice/assurances/types,GET /api/v1/assuranceservice/assurances/types (direct),GET /api/v1/assuranceservice/assurances/types,60,65,7218.0,10119.35,14524.93999999997,5038.0,7440.4,14946.16,0.7352646167985099,0.0833417832641365,0.0902777777777777,0.0166666666666666,0.0153846153846153,-0.0012820512820512,0.0,0.0,0.0,4.97519857193175e-14,-0.7912820512820513,0.0,False,False,2.98511914315905e-13,False
re2tt_ts-travel-service_mem_3,mem,ts-travel-service,direct::GET /api/v1/contactservice/contacts/account/{accountId},GET /api/v1/contactservice/contacts/account/{accountId} (direct),GET /api/v1/contactservice/contacts/account/{accountId},60,65,11539.5,20336.19999999989,65508.89999999998,8636.0,11425.0,13960.279999999995,0.5618060404598725,0.0833417832641365,0.0902777777777777,0.0166666666666666,0.0,-0.0166666666666666,0.0,0.0,0.0,3.2782884349022627e-15,-0.8269230769230769,0.0,False,False,2.6226307479218095e-14,False
re2tt_ts-travel-service_mem_3,mem,ts-travel-service,direct::GET /api/v1/foodservice/foods/{date}/{startStation}/{endStation}/{tripId},GET /api/v1/foodservice/foods/{date}/{startStation}/{endStation}/{tripId} (direct),GET /api/v1/foodservice/foods/{date}/{startStation}/{endStation}/{tripId},228,243,64728.0,214965.55,294187.18999999965,120065.0,1044196.9999999997,1159654.94,4.857508563581466,0.3166987764037187,0.3375,0.0131578947368421,0.2551440329218107,0.2419861381849686,0.0,0.0,0.0,4.1086398395233545e-22,0.5190058479532165,0.5190058479532165,False,False,4.51950382347569e-21,True
re2tt_ts-travel-service_mem_3,mem,ts-travel-service,direct::POST /api/v1/inside_pay_service/inside_payment,POST /api/v1/inside_pay_service/inside_payment (direct),POST /api/v1/inside_pay_service/inside_payment,86,79,26581.0,164301.5,205703.55000000005,16348.0,115453.49999999996,166019.19999999995,0.7026929151590215,0.1194565560119289,0.1097222222222222,0.0116279069767441,0.0126582278481012,0.001030320871357,0.0,0.0,0.0,0.0011931148539448,-0.3099793935825728,0.0,False,False,0.0035793445618344,False
re2tt_ts-travel-service_mem_3,mem,ts-travel-service,direct::POST /api/v1/orderOtherService/orderOther/refresh,POST /api/v1/orderOtherService/orderOther/refresh (direct),POST /api/v1/orderOtherService/orderOther/refresh,58,44,38884.5,83427.45,90813.66,89762.0,112508.65,126443.55,1.3485807129428025,0.0805637238219986,0.0611111111111111,0.0172413793103448,0.5,0.4827586206896552,0.0,0.0,0.0,2.7044007697656e-15,0.927115987460815,0.927115987460815,False,False,2.43396069278904e-14,True
re2tt_ts-travel-service_mem_3,mem,ts-travel-service,direct::POST /api/v1/orderservice/order/refresh,POST /api/v1/orderservice/order/refresh (direct),POST /api/v1/orderservice/order/refresh,90,104,62805.0,92831.45,115146.90999999996,114252.5,142771.6,152332.22,1.5379658510127765,0.1250126748962047,0.1444444444444444,0.0111111111111111,0.4807692307692308,0.4696581196581196,0.0,0.0,0.0,1.4882010941292052e-27,0.9117521367521368,0.9117521367521368,False,False,1.934661422367967e-26,True
re2tt_ts-travel-service_mem_3,mem,ts-travel-service,direct::POST /api/v1/preserveotherservice/preserveOther,POST /api/v1/preserveotherservice/preserveOther (direct),POST /api/v1/preserveotherservice/preserveOther,23,30,692360.0,1594295.5999999996,1879984.3600000003,593376.0,871816.6,951752.69,0.5468349784067649,0.0319476835845856,0.0416666666666666,0.0434782608695652,0.0,-0.0434782608695652,0.0,0.0,0.0,0.0079448504276972,-0.4666666666666667,0.0,False,False,0.0113220589127489,False
re2tt_ts-travel-service_mem_3,mem,ts-travel-service,direct::POST /api/v1/preserveservice/preserve,POST /api/v1/preserveservice/preserve (direct),POST /api/v1/preserveservice/preserve,37,35,753401.0,1820919.3999999992,1966905.48,1110942.0,2231408.4,2531192.4799999986,1.2254295275232945,0.0513940996795508,0.0486111111111111,0.027027027027027,0.1428571428571428,0.1158301158301158,0.0,0.0,0.0,1.1226603414644e-05,0.6231660231660232,0.6231660231660232,False,False,4.4906413658576e-05,True
re2tt_ts-travel-service_mem_3,mem,ts-travel-service,direct::POST /api/v1/travel2service/trips/left,POST /api/v1/travel2service/trips/left (direct),POST /api/v1/travel2service/trips/left,825,815,383565.0,956458.4,1373820.7199999995,306381.0,618089.9,717255.28,0.6462276874770507,1.145949519881877,1.1319444444444444,0.0109090909090909,0.0,-0.0109090909090909,0.0,0.0,0.0,1.1012684416208573e-43,-0.3967503253392823,0.0,False,False,1.651902662431286e-42,False
re2tt_ts-travel-service_mem_3,mem,ts-travel-service,direct::POST /api/v1/travelservice/trips/left,POST /api/v1/travelservice/trips/left (direct),POST /api/v1/travelservice/trips/left,240,238,828097.5,2398211.85,3301783.49,2004335.0,3297419.6,3837130.359999999,1.3749492564637271,0.333367133056546,0.3305555555555555,0.0125,0.0504201680672268,0.0379201680672268,0.0,0.0,0.0,4.817595485150627e-28,0.5837885154061624,0.5837885154061624,False,False,6.744633679210878e-27,True
re2tt_ts-travel-service_mem_3,mem,ts-travel-service,direct::POST /api/v1/users/login,POST /api/v1/users/login (direct),POST /api/v1/users/login,914,895,228393.5,726851.5499999991,1116004.07,220280.0,706661.8999999999,1199501.2199999995,0.9722231451525428,1.2695731650570128,1.2430555555555556,0.0109409190371991,0.0134078212290502,0.0024669021918511,0.0,0.0,0.0,0.0056610294563744,-0.0810826008826082,0.0,False,False,0.0113220589127489,False
re2tt_ts-travel-service_mem_3,mem,ts-travel-service,direct::PUT /api/v1/consignservice/consigns,PUT /api/v1/consignservice/consigns (direct),PUT /api/v1/consignservice/consigns,62,69,38248.0,110684.6,191487.13000000003,29586.0,88071.19999999998,176656.35999999856,0.795695155423609,0.0861198427062743,0.0958333333333333,0.0161290322580645,0.0144927536231884,-0.0016362786348761,0.0,0.0,0.0,2.036122373030255e-08,-0.5811126694717157,0.0,False,False,1.0180611865151277e-07,False
re2tt_ts-travel-service_socket_1,socket,ts-travel-service,direct::GET /api/v1/adminbasicservice/adminbasic/configs,GET /api/v1/adminbasicservice/adminbasic/configs (direct),GET /api/v1/adminbasicservice/adminbasic/configs,117,112,10315.0,12653.4,17048.56,10336.0,13217.899999999998,20313.7,1.044612515213302,0.1625085768415555,0.1557634565023594,0.017094017094017,0.0446428571428571,0.02754884004884,0.0,0.0,0.0,1.0,0.0008394383394383,0.0008394383394383,False,False,1.0,False
re2tt_ts-travel-service_socket_1,socket,ts-travel-service,direct::GET /api/v1/adminbasicservice/adminbasic/prices,GET /api/v1/adminbasicservice/adminbasic/prices (direct),GET /api/v1/adminbasicservice/adminbasic/prices,116,114,10837.5,14743.5,18506.4,10605.0,12484.35,18399.940000000013,0.8467697629463832,0.1611196146463285,0.1585449467970444,0.0172413793103448,0.0175438596491228,0.0003024803387779,0.0,0.0,0.0,0.2644790419211207,-0.1149425287356321,0.0,False,False,1.0,False
re2tt_ts-travel-service_socket_1,socket,ts-travel-service,direct::GET /api/v1/admintravelservice/admintravel,GET /api/v1/admintravelservice/admintravel (direct),GET /api/v1/admintravelservice/admintravel,116,114,141385.5,156675.75,178511.99999999988,372631.0,699571.6999999996,763029.3,4.465092396238727,0.1611196146463285,0.1585449467970444,0.0172413793103448,0.9736842105263158,0.956442831215971,0.0,0.0,0.0,3.953405355100495e-38,0.9892619479733816,0.9892619479733816,False,False,3.953405355100495e-37,True
re2tt_ts-travel-service_socket_1,socket,ts-travel-service,direct::GET /api/v1/assuranceservice/assurances/types,GET /api/v1/assuranceservice/assurances/types (direct),GET /api/v1/assuranceservice/assurances/types,77,102,3175.0,3826.000000000001,6299.759999999955,3268.0,4306.299999999999,4706.009999999999,1.1255358076319912,0.1069500890324767,0.1418560050289344,0.0129870129870129,0.0098039215686274,-0.0031830914183855,0.0,0.0,0.0,0.2136553496931238,0.1410746116628469,0.1410746116628469,False,False,1.0,False
re2tt_ts-travel-service_socket_1,socket,ts-travel-service,direct::GET /api/v1/foodservice/foods/{date}/{startStation}/{endStation}/{tripId},GET /api/v1/foodservice/foods/{date}/{startStation}/{endStation}/{tripId} (direct),GET /api/v1/foodservice/foods/{date}/{startStation}/{endStation}/{tripId},213,204,41519.0,49713.2,65408.99999999997,71700.0,170336.35,228110.84,3.426380719808824,0.2958489475833447,0.2837120100578689,0.0140845070422535,0.6176470588235294,0.6035625517812759,0.0,0.0,0.0,7.2219001393369e-52,0.8606738470035902,0.8606738470035902,False,False,7.94409015327059e-51,True
re2tt_ts-travel-service_socket_1,socket,ts-travel-service,direct::POST /api/v1/inside_pay_service/inside_payment,POST /api/v1/inside_pay_service/inside_payment (direct),POST /api/v1/inside_pay_service/inside_payment,85,80,11251.0,13118.8,18309.439999999988,11363.0,13976.849999999997,18936.09999999999,1.0654061347074426,0.1180617865942924,0.1112596117873995,0.0117647058823529,0.025,0.013235294117647,0.0,0.0,0.0,0.966600279324185,0.0633823529411765,0.0633823529411765,False,False,1.0,False
re2tt_ts-travel-service_socket_1,socket,ts-travel-service,direct::POST /api/v1/orderOtherService/orderOther/refresh,POST /api/v1/orderOtherService/orderOther/refresh (direct),POST /api/v1/orderOtherService/orderOther/refresh,63,64,46137.0,53543.4,65440.440000000046,45966.5,52984.2,55804.01999999999,0.9895561357702348,0.0875046182992991,0.0890076894299196,0.0158730158730158,0.0,-0.0158730158730158,0.0,0.0,0.0,1.0,-0.015625,0.0,False,False,1.0,False
re2tt_ts-travel-service_socket_1,socket,ts-travel-service,direct::POST /api/v1/orderservice/order/refresh,POST /api/v1/orderservice/order/refresh (direct),POST /api/v1/orderservice/order/refresh,94,97,77587.5,90779.6,97300.9699999997,76423.0,93128.0,104427.35999999972,1.0258692481570748,0.1305624463513352,0.1349022792922219,0.0106382978723404,0.0412371134020618,0.0305988155297214,0.0,0.0,0.0,0.4419248426824937,-0.102654090809388,0.0,False,False,1.0,False
re2tt_ts-travel-service_socket_1,socket,ts-travel-service,direct::POST /api/v1/travel2service/trips/left,POST /api/v1/travel2service/trips/left (direct),POST /api/v1/travel2service/trips/left,975,1007,41907.0,53259.9,59297.62,42845.0,53370.0,65782.7599999999,1.002067221305335,1.354238140346296,1.400480363373892,0.0102564102564102,0.0168818272095332,0.006625416953123,0.0,0.0,0.0,0.1376242119306226,0.0472151350800804,0.0472151350800804,False,False,1.0,False
re2tt_ts-travel-service_socket_1,socket,ts-travel-service,direct::POST /api/v1/travelservice/trips/left,POST /api/v1/travelservice/trips/left (direct),POST /api/v1/travelservice/trips/left,260,270,45700.5,63788.7,68139.48000000005,163871.5,420593.3499999999,528468.85,6.593540078415141,0.3611301707590122,0.3755011897824735,0.0115384615384615,0.9296296296296296,0.918091168091168,0.0,0.0,0.0,2.3156848099367096e-77,0.9367236467236468,0.9367236467236468,False,False,2.778821771924052e-76,True
re2tt_ts-travel-service_socket_1,socket,ts-travel-service,direct::POST /api/v1/users/login,POST /api/v1/users/login (direct),POST /api/v1/users/login,1055,1078,215733.0,615599.4999999999,821174.2200000002,215571.0,755385.7499999998,1213567.76,1.2270733650693346,1.4653551159644538,1.4992232688352092,0.0104265402843601,0.036178107606679,0.0257515673223188,0.0,0.0,0.0,0.4322976758086596,0.0309331832689991,0.0309331832689991,False,False,1.0,False
re2tt_ts-travel-service_socket_1,socket,ts-travel-service,direct::PUT /api/v1/consignservice/consigns,PUT /api/v1/consignservice/consigns (direct),PUT /api/v1/consignservice/consigns,72,81,19250.0,24050.450000000008,31059.52,18452.0,21700.0,32700.40000000001,0.9022700198956772,0.1000052780563418,0.112650356934742,0.0138888888888888,0.0246913580246913,0.0108024691358024,0.0,0.0,0.0,0.0012049975424834,-0.3220164609053497,0.0,False,False,0.0108449778823514,False
re2tt_ts-travel-service_socket_2,socket,ts-travel-service,direct::GET /api/v1/adminbasicservice/adminbasic/configs,GET /api/v1/adminbasicservice/adminbasic/configs (direct),GET /api/v1/adminbasicservice/adminbasic/configs,114,107,14143.0,21875.75,50221.24000000009,12578.0,19405.999999999996,24251.039999999997,0.8871010136795308,0.1583408105382754,0.1486111111111111,0.0175438596491228,0.0,-0.0175438596491228,0.0,0.0,0.0,1.2275326995623927e-09,-0.4819642564354812,0.0,False,False,6.137663497811964e-09,False
re2tt_ts-travel-service_socket_2,socket,ts-travel-service,direct::GET /api/v1/adminbasicservice/adminbasic/prices,GET /api/v1/adminbasicservice/adminbasic/prices (direct),GET /api/v1/adminbasicservice/adminbasic/prices,114,107,15785.5,33411.699999999946,75492.96,12731.0,15736.799999999996,22825.519999999997,0.4709966867893589,0.1583408105382754,0.1486111111111111,0.0175438596491228,0.0,-0.0175438596491228,0.0,0.0,0.0,3.419969052915155e-21,-0.7416789637645516,0.0,False,False,3.76196595820667e-20,False
re2tt_ts-travel-service_socket_2,socket,ts-travel-service,direct::GET /api/v1/admintravelservice/admintravel,GET /api/v1/admintravelservice/admintravel (direct),GET /api/v1/admintravelservice/admintravel,113,107,189531.0,659305.7999999995,817406.0,371819.0,849837.0999999999,1012430.68,1.2889877504490337,0.1569518560598695,0.1486111111111111,0.0176991150442477,0.0934579439252336,0.0757588288809858,0.0,0.0,0.0,4.504961928325071e-14,0.5960631874948308,0.5960631874948308,False,False,3.1534733498275494e-13,True
re2tt_ts-travel-service_socket_2,socket,ts-travel-service,direct::GET /api/v1/assuranceservice/assurances/types,GET /api/v1/assuranceservice/assurances/types (direct),GET /api/v1/assuranceservice/assurances/types,78,73,6220.0,10435.249999999996,13277.170000000018,4515.0,5812.799999999996,10003.680000000011,0.5570350494717422,0.1083384493156621,0.1013888888888888,0.0128205128205128,0.0136986301369863,0.0008781173164734,0.0,0.0,0.0,1.2120148758810416e-19,-0.8626624517035476,0.0,False,False,1.2120148758810417e-18,False
re2tt_ts-travel-service_socket_2,socket,ts-travel-service,direct::GET /api/v1/contactservice/contacts/account/{accountId},GET /api/v1/contactservice/contacts/account/{accountId} (direct),GET /api/v1/contactservice/contacts/account/{accountId},78,73,11373.0,20322.25,37849.14000000021,8843.0,15911.199999999964,24672.68000000002,0.7829448018797113,0.1083384493156621,0.1013888888888888,0.0128205128205128,0.0,-0.0128205128205128,0.0,0.0,0.0,4.653048903942653e-12,-0.6617492096944152,0.0,False,False,2.7918293423655914e-11,False
re2tt_ts-travel-service_socket_2,socket,ts-travel-service,direct::GET /api/v1/foodservice/foods/{date}/{startStation}/{endStation}/{tripId},GET /api/v1/foodservice/foods/{date}/{startStation}/{endStation}/{tripId} (direct),GET /api/v1/foodservice/foods/{date}/{startStation}/{endStation}/{tripId},282,269,61249.0,189331.55,270590.99,111457.0,219436.4,236021.32,1.159005987116252,0.3916851629104708,0.3736111111111111,0.0106382978723404,0.0074349442379182,-0.0032033536344222,0.0,0.0,0.0,3.7005779471427053e-26,0.524255846449946,0.524255846449946,False,False,4.440693536571248e-25,True
re2tt_ts-travel-service_socket_2,socket,ts-travel-service,direct::POST /api/v1/inside_pay_service/inside_payment,POST /api/v1/inside_pay_service/inside_payment (direct),POST /api/v1/inside_pay_service/inside_payment,77,92,51909.0,204504.2,289579.9199999993,18142.0,128980.9,195462.91000000003,0.6307004941707798,0.1069494948372562,0.1277777777777777,0.0129870129870129,0.0,-0.0129870129870129,0.0,0.0,0.0,0.0003513004398457,-0.3356860530773574,0.0,False,False,0.0007026008796914,False
re2tt_ts-travel-service_socket_2,socket,ts-travel-service,direct::POST /api/v1/orderOtherService/orderOther/refresh,POST /api/v1/orderOtherService/orderOther/refresh (direct),POST /api/v1/orderOtherService/orderOther/refresh,70,63,48674.5,110959.59999999986,159458.92000000007,98190.0,136131.9,144356.12,1.226860046359217,0.0972268134884147,0.0875,0.0142857142857142,0.0,-0.0142857142857142,0.0,0.0,0.0,6.1638129530505666e-18,0.8766439909297052,0.8766439909297052,False,False,5.5474316577455093e-17,True
re2tt_ts-travel-service_socket_2,socket,ts-travel-service,direct::POST /api/v1/orderservice/order/refresh,POST /api/v1/orderservice/order/refresh (direct),POST /api/v1/orderservice/order/refresh,94,118,68300.0,118077.34999999985,163283.25999999983,144072.0,180516.0,190675.82,1.5287944724369256,0.1305617209701569,0.1638888888888889,0.0106382978723404,0.2033898305084746,0.1927515326361341,0.0,0.0,0.0,3.628787009899674e-30,0.917958889289578,0.917958889289578,False,False,4.7174231128695756e-29,True
re2tt_ts-travel-service_socket_2,socket,ts-travel-service,direct::POST /api/v1/preserveotherservice/preserveOther,POST /api/v1/preserveotherservice/preserveOther (direct),POST /api/v1/preserveotherservice/preserveOther,34,32,779153.5,1535083.45,1902199.530000001,545518.5,828298.9499999998,1007143.03,0.539579102360852,0.0472244522658014,0.0444444444444444,0.0294117647058823,0.0,-0.0294117647058823,0.0,0.0,0.0,1.0172796036162363e-05,-0.6544117647058824,0.0,False,False,4.069118414464945e-05,False
re2tt_ts-travel-service_socket_2,socket,ts-travel-service,direct::POST /api/v1/preserveservice/preserve,POST /api/v1/preserveservice/preserve (direct),POST /api/v1/preserveservice/preserve,44,41,704210.0,1714816.2500000002,2027665.62,1109792.0,2003069.0,2439779.000000001,1.1680954154708991,0.0611139970498606,0.0569444444444444,0.0227272727272727,0.048780487804878,0.0260532150776053,0.0,0.0,0.0,1.06641435088817e-05,0.5742793791574279,0.5742793791574279,False,False,4.069118414464945e-05,True
re2tt_ts-travel-service_socket_2,socket,ts-travel-service,direct::POST /api/v1/travel2service/trips/left,POST /api/v1/travel2service/trips/left (direct),POST /api/v1/travel2service/trips/left,939,921,391282.0,1183576.8999999992,1702210.4,308017.0,530087.0,965570.5999999968,0.4478686598226108,1.3042282552231632,1.2791666666666666,0.0106496272630457,0.0,-0.0106496272630457,0.0,0.0,0.0,1.8592755950502974e-81,-0.5129408581448835,0.0,False,False,2.788913392575447e-80,False
re2tt_ts-travel-service_socket_2,socket,ts-travel-service,direct::POST /api/v1/travelservice/trips/left,POST /api/v1/travelservice/trips/left (direct),POST /api/v1/travelservice/trips/left,274,270,770218.0,2394777.6499999994,3901985.7,1719259.0,4358678.549999999,5090032.89,1.8200765110698272,0.3805735270832234,0.375,0.010948905109489,0.1148148148148148,0.1038659097053257,0.0,0.0,0.0,1.752435897086765e-33,0.6003784806704515,0.6003784806704515,False,False,2.4534102559214706e-32,True
re2tt_ts-travel-service_socket_2,socket,ts-travel-service,direct::POST /api/v1/users/login,POST /api/v1/users/login (direct),POST /api/v1/users/login,1017,995,288937.0,1205797.4,1634199.400000001,255768.0,821185.2,1115222.9399999978,0.6810308265716944,1.4125667045388255,1.3819444444444444,0.0108161258603736,0.0,-0.0108161258603736,0.0,0.0,0.0,0.0054471292461179,-0.0771843484877682,0.0,False,False,0.0054471292461179,False
re2tt_ts-travel-service_socket_2,socket,ts-travel-service,direct::PUT /api/v1/consignservice/consigns,PUT /api/v1/consignservice/consigns (direct),PUT /api/v1/consignservice/consigns,87,89,30820.0,103215.9,165656.1,25404.0,33590.39999999999,58318.64000000002,0.3254382319003175,0.1208390396213154,0.1236111111111111,0.0114942528735632,0.0,-0.0114942528735632,0.0,0.0,0.0,1.3607920469669124e-16,-0.7290455895647682,0.0,False,False,1.0886336375735302e-15,False
re2tt_ts-travel-service_socket_3,socket,ts-travel-service,direct::GET /api/v1/adminbasicservice/adminbasic/configs,GET /api/v1/adminbasicservice/adminbasic/configs (direct),GET /api/v1/adminbasicservice/adminbasic/configs,117,112,11236.0,13661.999999999998,16102.080000000002,10875.0,15482.349999999988,19954.9,1.1332418386766203,0.1625076739734932,0.1555838631751054,0.017094017094017,0.0535714285714285,0.0364774114774114,0.0,0.0,0.0,0.2340567065106067,-0.1199633699633699,0.0,False,False,0.7021701195318201,False
re2tt_ts-travel-service_socket_3,socket,ts-travel-service,direct::GET /api/v1/adminbasicservice/adminbasic/prices,GET /api/v1/adminbasicservice/adminbasic/prices (direct),GET /api/v1/adminbasicservice/adminbasic/prices,116,113,11818.0,19233.75,37227.34999999995,11477.0,15514.999999999998,22549.479999999978,0.8066549684798855,0.1611187194950872,0.1569730048105974,0.0172413793103448,0.0,-0.0172413793103448,0.0,0.0,0.0,0.0263590220335522,-0.1896551724137931,0.0,False,False,0.1502217811652789,False
re2tt_ts-travel-service_socket_3,socket,ts-travel-service,direct::GET /api/v1/admintravelservice/admintravel,GET /api/v1/admintravelservice/admintravel (direct),GET /api/v1/admintravelservice/admintravel,117,112,139842.0,173475.8,266541.64,451455.5,649134.2,746705.9400000001,3.7419294218559593,0.1625076739734932,0.1555838631751054,0.017094017094017,0.9107142857142856,0.8936202686202686,0.0,0.0,0.0,3.139706217284734e-38,0.992979242979243,0.992979242979243,False,False,4.081618082470155e-37,True
re2tt_ts-travel-service_socket_3,socket,ts-travel-service,direct::GET /api/v1/assuranceservice/assurances/types,GET /api/v1/assuranceservice/assurances/types (direct),GET /api/v1/assuranceservice/assurances/types,76,85,3990.0,5199.25,7965.25,3604.0,4338.0,14420.079999999998,0.8343511083329327,0.1055605403588502,0.1180770390168211,0.0131578947368421,0.0235294117647058,0.0103715170278637,0.0,0.0,0.0,3.3275743061156733e-07,-0.4786377708978327,0.0,False,False,2.6620594448925387e-06,False
re2tt_ts-travel-service_socket_3,socket,ts-travel-service,direct::GET /api/v1/contactservice/contacts/account/{accountId},GET /api/v1/contactservice/contacts/account/{accountId} (direct),GET /api/v1/contactservice/contacts/account/{accountId},76,85,8064.5,9796.75,12751.75,7644.0,11358.999999999998,28907.19999999983,1.1594661494883505,0.1055605403588502,0.1180770390168211,0.0131578947368421,0.0470588235294117,0.0339009287925696,0.0,0.0,0.0,0.0008742053208772,-0.3216718266253869,0.0,False,False,0.0061194372461407,False
re2tt_ts-travel-service_socket_3,socket,ts-travel-service,direct::GET /api/v1/foodservice/foods/{date}/{startStation}/{endStation}/{tripId},GET /api/v1/foodservice/foods/{date}/{startStation}/{endStation}/{tripId} (direct),GET /api/v1/foodservice/foods/{date}/{startStation}/{endStation}/{tripId},276,293,46342.0,58814.5,122675.0,108212.0,207458.0,220479.19999999995,3.5273274447627707,0.3833514360400352,0.4070184991991598,0.0108695652173913,0.2935153583617747,0.2826457931443834,0.0,0.0,0.0,6.167961342267674e-67,0.8397511994855815,0.8397511994855815,False,False,8.635145879174745e-66,True
re2tt_ts-travel-service_socket_3,socket,ts-travel-service,direct::POST /api/v1/inside_pay_service/inside_payment,POST /api/v1/inside_pay_service/inside_payment (direct),POST /api/v1/inside_pay_service/inside_payment,92,69,19370.0,104977.95,121557.83000000016,43714.0,87486.59999999985,175114.19999999972,0.8333807242378027,0.127783812013345,0.0958507728489489,0.0108695652173913,0.0289855072463768,0.0181159420289855,0.0,0.0,0.0,1.0,-0.0094517958412098,0.0,False,False,1.0,False
re2tt_ts-travel-service_socket_3,socket,ts-travel-service,direct::POST /api/v1/orderOtherService/orderOther/refresh,POST /api/v1/orderOtherService/orderOther/refresh (direct),POST /api/v1/orderOtherService/orderOther/refresh,65,59,177780.0,232121.8,262385.0,237511.0,284018.0,312730.28,1.2235731413421749,0.0902820410963851,0.0819593564940287,0.0153846153846153,0.1864406779661017,0.1710560625814863,0.0,0.0,0.0,2.789592640522033e-17,0.889960886571056,0.889960886571056,False,False,2.7895926405220333e-16,True
re2tt_ts-travel-service_socket_3,socket,ts-travel-service,direct::POST /api/v1/orderservice/order/refresh,POST /api/v1/orderservice/order/refresh (direct),POST /api/v1/orderservice/order/refresh,108,90,216635.5,268242.55,294613.35,320263.5,398877.15,442363.83,1.4870017825285364,0.1500070836678398,0.1250227471942811,0.0185185185185185,0.7222222222222222,0.7037037037037037,0.0,0.0,0.0,4.178947871248666e-31,0.9631687242798356,0.9631687242798356,False,False,5.0147374454984e-30,True
re2tt_ts-travel-service_socket_3,socket,ts-travel-service,direct::POST /api/v1/preserveotherservice/preserveOther,POST /api/v1/preserveotherservice/preserveOther (direct),POST /api/v1/preserveotherservice/preserveOther,37,28,527303.0,660767.4,845109.8000000002,551718.5,647920.95,650753.68,0.9805582872278504,0.0513913157010192,0.0388959657937763,0.027027027027027,0.0,-0.027027027027027,0.0,0.0,0.0,0.0250369635275464,0.3648648648648649,0.3648648648648649,False,False,0.1502217811652789,False
re2tt_ts-travel-service_socket_3,socket,ts-travel-service,direct::POST /api/v1/preserveservice/preserve,POST /api/v1/preserveservice/preserve (direct),POST /api/v1/preserveservice/preserve,38,58,479121.0,676408.25,698891.18,1301694.5,1709521.4,1806426.9,2.5273514922386,0.0527802701794251,0.0805702148585367,0.0263157894736842,0.9655172413793104,0.9392014519056262,0.0,0.0,0.0,1.0114603207801998e-15,0.9827586206896552,0.9827586206896552,False,False,9.1031428870218e-15,True
re2tt_ts-travel-service_socket_3,socket,ts-travel-service,direct::POST /api/v1/travel2service/trips/left,POST /api/v1/travel2service/trips/left (direct),POST /api/v1/travel2service/trips/left,972,910,304719.5,360459.04999999993,483616.7299999994,318069.5,369329.9999999998,477311.25,1.0246101464230122,1.3500637530105588,1.264118888297732,0.0102880658436214,0.0098901098901098,-0.0003979559535115,0.0,0.0,0.0,2.9495017262503445e-26,0.2841168091168091,0.2841168091168091,False,False,3.244451898875379e-25,True
re2tt_ts-travel-service_socket_3,socket,ts-travel-service,direct::POST /api/v1/travelservice/trips/left,POST /api/v1/travelservice/trips/left (direct),POST /api/v1/travelservice/trips/left,258,278,681244.5,835411.5499999998,1127000.9300000004,1626718.0,3228968.299999998,3819367.070000001,3.865122884642903,0.3583502554287285,0.3861813746667796,0.0116279069767441,0.7661870503597122,0.754559143382968,0.0,0.0,0.0,3.3974028442846674e-76,0.924739278344766,0.924739278344766,False,False,5.096104266427001e-75,True
re2tt_ts-travel-service_socket_3,socket,ts-travel-service,direct::POST /api/v1/users/login,POST /api/v1/users/login (direct),POST /api/v1/users/login,1053,994,255417.0,835703.2,1258892.4400000006,237749.5,887321.1999999997,1215351.1699999962,1.0617659475277823,1.4625690657614387,1.380806785679061,0.0104463437796771,0.0100603621730382,-0.0003859816066388,0.0,0.0,0.0,1.0,-0.0157602786710767,0.0,False,False,1.0,False
re2tt_ts-travel-service_socket_3,socket,ts-travel-service,direct::PUT /api/v1/consignservice/consigns,PUT /api/v1/consignservice/consigns (direct),PUT /api/v1/consignservice/consigns,81,80,24150.0,33059.0,69603.00000000001,23063.0,32650.4,47515.41999999958,0.9876402795002872,0.1125053127508799,0.111131330839361,0.0123456790123456,0.0125,0.0001543209876543,0.0,0.0,0.0,0.1235229148782917,-0.170679012345679,0.0,False,False,0.4940916595131668,False
